ISO-10303-21;
HEADER;
FILE_DESCRIPTION(('ViewDefinition[DesignTransferView]'),'2;1');
FILE_NAME('/dev/null','2026-05-03T11:23:52+12:00',(''),(''),'IfcOpenShell 0.8.5','IfcOpenShell 0.8.5','Nobody');
FILE_SCHEMA(('IFC2X3'));
ENDSEC;
DATA;
#1=IFCPERSON($,'Rodriguez','Andres',$,$,$,$,$);
#2=IFCORGANIZATION($,'5D-Demo',$,$,$);
#3=IFCPERSONANDORGANIZATION(#1,#2,$);
#4=IFCORGANIZATION($,'IfcOpenShell',$,$,$);
#5=IFCAPPLICATION(#4,'0.8.5','5D Demo Generator','5DDEMO');
#6=IFCOWNERHISTORY(#3,#5,.READWRITE.,.ADDED.,1777764232,#3,#5,1777764232);
#7=IFCPROJECT('1Z1bmW2Gj6MBplkLsoeO0p',#6,'Office Frame 5D Demo',$,$,$,$,(#12),$);
#8=IFCCARTESIANPOINT((0.,0.,0.));
#9=IFCDIRECTION((0.,0.,1.));
#10=IFCDIRECTION((1.,0.,0.));
#11=IFCAXIS2PLACEMENT3D(#8,#9,#10);
#12=IFCGEOMETRICREPRESENTATIONCONTEXT($,'Model',3,1.0000000000000001E-05,#11,$);
#13=IFCGEOMETRICREPRESENTATIONSUBCONTEXT('Body','Model',*,*,*,*,#12,$,.MODEL_VIEW.,$);
#14=IFCOWNERHISTORY(#3,#5,.READWRITE.,.ADDED.,1777764232,#3,#5,1777764232);
#15=IFCSITE('2nLEoxhL950A9fgKqou_W6',#14,'Site',$,$,$,$,$,.ELEMENT.,$,$,$,$,$);
#16=IFCOWNERHISTORY(#3,#5,.READWRITE.,.ADDED.,1777764232,#3,#5,1777764232);
#17=IFCBUILDING('0dG$eL4dv21wQJkp0zQsWk',#16,'Office Building',$,$,$,$,$,.ELEMENT.,$,$,$);
#18=IFCOWNERHISTORY(#3,#5,.READWRITE.,.ADDED.,1777764232,#3,#5,1777764232);
#19=IFCRELAGGREGATES('3ERT6aFyL7vuAZDQX2woVD',#18,$,$,#7,(#15));
#20=IFCOWNERHISTORY(#3,#5,.READWRITE.,.ADDED.,1777764232,#3,#5,1777764232);
#21=IFCRELAGGREGATES('1lEpK5CG1BgBrDA7q1HZCL',#20,$,$,#15,(#17));
#22=IFCOWNERHISTORY(#3,#5,.READWRITE.,.ADDED.,1777764232,#3,#5,1777764232);
#23=IFCBUILDINGSTOREY('0f5Fz$EdX2P8V4_43kBXPN',#22,'SUBSTRUCTURE',$,$,$,$,$,.ELEMENT.,-0.59999999999999998);
#24=IFCOWNERHISTORY(#3,#5,.READWRITE.,.ADDED.,1777764232,#3,#5,1777764232);
#25=IFCBUILDINGSTOREY('1hx$eWSYn44RMmJl4qKhAY',#24,'GF',$,$,$,$,$,.ELEMENT.,0.);
#26=IFCOWNERHISTORY(#3,#5,.READWRITE.,.ADDED.,1777764232,#3,#5,1777764232);
#27=IFCBUILDINGSTOREY('0v3LJG1Lb3$gxZnnVrOWZX',#26,'L1',$,$,$,$,$,.ELEMENT.,3.5);
#28=IFCOWNERHISTORY(#3,#5,.READWRITE.,.ADDED.,1777764232,#3,#5,1777764232);
#29=IFCBUILDINGSTOREY('3CdYtgdrPA39zqHe44zdbr',#28,'L2',$,$,$,$,$,.ELEMENT.,7.);
#30=IFCOWNERHISTORY(#3,#5,.READWRITE.,.ADDED.,1777764232,#3,#5,1777764232);
#31=IFCRELAGGREGATES('1jzNlJ1vP49AUpM2Drv4Ry',#30,$,$,#17,(#23,#29,#27,#25));
#32=IFCRECTANGLEPROFILEDEF(.AREA.,$,$,1.2,1.2);
#33=IFCOWNERHISTORY(#3,#5,.READWRITE.,.MODIFIED.,1777764232,#3,#5,1777764232);
#34=IFCFOOTING('3rVZws6kbEkPZxmSa6RHYt',#33,'FTG-A1',$,$,#61,#47,$,.PAD_FOOTING.);
#40=IFCCARTESIANPOINT((0.,0.,0.));
#41=IFCDIRECTION((0.,0.,1.));
#42=IFCDIRECTION((1.,0.,0.));
#43=IFCAXIS2PLACEMENT3D(#40,#41,#42);
#44=IFCDIRECTION((0.,0.,1.));
#45=IFCEXTRUDEDAREASOLID(#32,#43,#44,0.59999999999999998);
#46=IFCSHAPEREPRESENTATION(#13,'Body','SweptSolid',(#45));
#47=IFCPRODUCTDEFINITIONSHAPE($,$,(#46));
#48=IFCOWNERHISTORY(#3,#5,.READWRITE.,.ADDED.,1777764232,#3,#5,1777764232);
#49=IFCPROPERTYSET('09pefqcBrCEAiOESAsLK0k',#48,'Pset_ElementMark',$,(#52,#53,#54));
#50=IFCOWNERHISTORY(#3,#5,.READWRITE.,.ADDED.,1777764232,#3,#5,1777764232);
#51=IFCRELDEFINESBYPROPERTIES('1Epz1UTbLDR90dJVvpL5lK',#50,$,$,(#34),#49);
#52=IFCPROPERTYSINGLEVALUE('Mark',$,IFCLABEL('FTG-A1'),$);
#53=IFCPROPERTYSINGLEVALUE('ElementType',$,IFCLABEL('Footing'),$);
#54=IFCPROPERTYSINGLEVALUE('GridRef',$,IFCLABEL('A1'),$);
#55=IFCOWNERHISTORY(#3,#5,.READWRITE.,.MODIFIED.,1777764232,#3,#5,1777764232);
#56=IFCRELCONTAINEDINSPATIALSTRUCTURE('29hx8pV6j18QDHCWVLBpYe',#55,$,$,(#441,#360,#306,#252,#387,#198,#171,#414,#333,#63,#34,#279,#225,#144,#90,#117),#23);
#57=IFCCARTESIANPOINT((0.,0.,-0.59999999999999998));
#58=IFCDIRECTION((0.,0.,1.));
#59=IFCDIRECTION((1.,0.,0.));
#60=IFCAXIS2PLACEMENT3D(#57,#58,#59);
#61=IFCLOCALPLACEMENT($,#60);
#62=IFCOWNERHISTORY(#3,#5,.READWRITE.,.MODIFIED.,1777764232,#3,#5,1777764232);
#63=IFCFOOTING('18E$4Ts2L7HRKzAh4COqzw',#62,'FTG-A2',$,$,#88,#76,$,.PAD_FOOTING.);
#69=IFCCARTESIANPOINT((0.,0.,0.));
#70=IFCDIRECTION((0.,0.,1.));
#71=IFCDIRECTION((1.,0.,0.));
#72=IFCAXIS2PLACEMENT3D(#69,#70,#71);
#73=IFCDIRECTION((0.,0.,1.));
#74=IFCEXTRUDEDAREASOLID(#32,#72,#73,0.59999999999999998);
#75=IFCSHAPEREPRESENTATION(#13,'Body','SweptSolid',(#74));
#76=IFCPRODUCTDEFINITIONSHAPE($,$,(#75));
#77=IFCOWNERHISTORY(#3,#5,.READWRITE.,.ADDED.,1777764232,#3,#5,1777764232);
#78=IFCPROPERTYSET('0TtCVwL79AOutt_nz6QuAo',#77,'Pset_ElementMark',$,(#81,#82,#83));
#79=IFCOWNERHISTORY(#3,#5,.READWRITE.,.ADDED.,1777764232,#3,#5,1777764232);
#80=IFCRELDEFINESBYPROPERTIES('2d4pc3L998O9tRa$BgE2lR',#79,$,$,(#63),#78);
#81=IFCPROPERTYSINGLEVALUE('Mark',$,IFCLABEL('FTG-A2'),$);
#82=IFCPROPERTYSINGLEVALUE('ElementType',$,IFCLABEL('Footing'),$);
#83=IFCPROPERTYSINGLEVALUE('GridRef',$,IFCLABEL('A2'),$);
#84=IFCCARTESIANPOINT((6.,0.,-0.59999999999999998));
#85=IFCDIRECTION((0.,0.,1.));
#86=IFCDIRECTION((1.,0.,0.));
#87=IFCAXIS2PLACEMENT3D(#84,#85,#86);
#88=IFCLOCALPLACEMENT($,#87);
#89=IFCOWNERHISTORY(#3,#5,.READWRITE.,.MODIFIED.,1777764232,#3,#5,1777764232);
#90=IFCFOOTING('0tHBRI8XH2_uwWjd4cW_Sw',#89,'FTG-A3',$,$,#115,#103,$,.PAD_FOOTING.);
#96=IFCCARTESIANPOINT((0.,0.,0.));
#97=IFCDIRECTION((0.,0.,1.));
#98=IFCDIRECTION((1.,0.,0.));
#99=IFCAXIS2PLACEMENT3D(#96,#97,#98);
#100=IFCDIRECTION((0.,0.,1.));
#101=IFCEXTRUDEDAREASOLID(#32,#99,#100,0.59999999999999998);
#102=IFCSHAPEREPRESENTATION(#13,'Body','SweptSolid',(#101));
#103=IFCPRODUCTDEFINITIONSHAPE($,$,(#102));
#104=IFCOWNERHISTORY(#3,#5,.READWRITE.,.ADDED.,1777764232,#3,#5,1777764232);
#105=IFCPROPERTYSET('3M$kxe6297FAKTIFhjyJ3I',#104,'Pset_ElementMark',$,(#108,#109,#110));
#106=IFCOWNERHISTORY(#3,#5,.READWRITE.,.ADDED.,1777764232,#3,#5,1777764232);
#107=IFCRELDEFINESBYPROPERTIES('07qlD1oPX1hxC_ZymsV8Kr',#106,$,$,(#90),#105);
#108=IFCPROPERTYSINGLEVALUE('Mark',$,IFCLABEL('FTG-A3'),$);
#109=IFCPROPERTYSINGLEVALUE('ElementType',$,IFCLABEL('Footing'),$);
#110=IFCPROPERTYSINGLEVALUE('GridRef',$,IFCLABEL('A3'),$);
#111=IFCCARTESIANPOINT((12.,0.,-0.59999999999999998));
#112=IFCDIRECTION((0.,0.,1.));
#113=IFCDIRECTION((1.,0.,0.));
#114=IFCAXIS2PLACEMENT3D(#111,#112,#113);
#115=IFCLOCALPLACEMENT($,#114);
#116=IFCOWNERHISTORY(#3,#5,.READWRITE.,.MODIFIED.,1777764232,#3,#5,1777764232);
#117=IFCFOOTING('1kW05S4zH9J8gyReo6nlRk',#116,'FTG-A4',$,$,#142,#130,$,.PAD_FOOTING.);
#123=IFCCARTESIANPOINT((0.,0.,0.));
#124=IFCDIRECTION((0.,0.,1.));
#125=IFCDIRECTION((1.,0.,0.));
#126=IFCAXIS2PLACEMENT3D(#123,#124,#125);
#127=IFCDIRECTION((0.,0.,1.));
#128=IFCEXTRUDEDAREASOLID(#32,#126,#127,0.59999999999999998);
#129=IFCSHAPEREPRESENTATION(#13,'Body','SweptSolid',(#128));
#130=IFCPRODUCTDEFINITIONSHAPE($,$,(#129));
#131=IFCOWNERHISTORY(#3,#5,.READWRITE.,.ADDED.,1777764232,#3,#5,1777764232);
#132=IFCPROPERTYSET('3Fpt7dxYX9WvbtN3UjyoTb',#131,'Pset_ElementMark',$,(#135,#136,#137));
#133=IFCOWNERHISTORY(#3,#5,.READWRITE.,.ADDED.,1777764232,#3,#5,1777764232);
#134=IFCRELDEFINESBYPROPERTIES('2UFf036r19wQUfx0hv133u',#133,$,$,(#117),#132);
#135=IFCPROPERTYSINGLEVALUE('Mark',$,IFCLABEL('FTG-A4'),$);
#136=IFCPROPERTYSINGLEVALUE('ElementType',$,IFCLABEL('Footing'),$);
#137=IFCPROPERTYSINGLEVALUE('GridRef',$,IFCLABEL('A4'),$);
#138=IFCCARTESIANPOINT((18.,0.,-0.59999999999999998));
#139=IFCDIRECTION((0.,0.,1.));
#140=IFCDIRECTION((1.,0.,0.));
#141=IFCAXIS2PLACEMENT3D(#138,#139,#140);
#142=IFCLOCALPLACEMENT($,#141);
#143=IFCOWNERHISTORY(#3,#5,.READWRITE.,.MODIFIED.,1777764232,#3,#5,1777764232);
#144=IFCFOOTING('2bN7xBjHfD$RfP4eN$LoSe',#143,'FTG-B1',$,$,#169,#157,$,.PAD_FOOTING.);
#150=IFCCARTESIANPOINT((0.,0.,0.));
#151=IFCDIRECTION((0.,0.,1.));
#152=IFCDIRECTION((1.,0.,0.));
#153=IFCAXIS2PLACEMENT3D(#150,#151,#152);
#154=IFCDIRECTION((0.,0.,1.));
#155=IFCEXTRUDEDAREASOLID(#32,#153,#154,0.59999999999999998);
#156=IFCSHAPEREPRESENTATION(#13,'Body','SweptSolid',(#155));
#157=IFCPRODUCTDEFINITIONSHAPE($,$,(#156));
#158=IFCOWNERHISTORY(#3,#5,.READWRITE.,.ADDED.,1777764232,#3,#5,1777764232);
#159=IFCPROPERTYSET('1JWl5Up7P9beQ2dx9IFUSI',#158,'Pset_ElementMark',$,(#162,#163,#164));
#160=IFCOWNERHISTORY(#3,#5,.READWRITE.,.ADDED.,1777764232,#3,#5,1777764232);
#161=IFCRELDEFINESBYPROPERTIES('1newo3_Gr0lOakZC8eL2i0',#160,$,$,(#144),#159);
#162=IFCPROPERTYSINGLEVALUE('Mark',$,IFCLABEL('FTG-B1'),$);
#163=IFCPROPERTYSINGLEVALUE('ElementType',$,IFCLABEL('Footing'),$);
#164=IFCPROPERTYSINGLEVALUE('GridRef',$,IFCLABEL('B1'),$);
#165=IFCCARTESIANPOINT((0.,6.,-0.59999999999999998));
#166=IFCDIRECTION((0.,0.,1.));
#167=IFCDIRECTION((1.,0.,0.));
#168=IFCAXIS2PLACEMENT3D(#165,#166,#167);
#169=IFCLOCALPLACEMENT($,#168);
#170=IFCOWNERHISTORY(#3,#5,.READWRITE.,.MODIFIED.,1777764232,#3,#5,1777764232);
#171=IFCFOOTING('2sQW8ivDP83xvYhGK0Dngq',#170,'FTG-B2',$,$,#196,#184,$,.PAD_FOOTING.);
#177=IFCCARTESIANPOINT((0.,0.,0.));
#178=IFCDIRECTION((0.,0.,1.));
#179=IFCDIRECTION((1.,0.,0.));
#180=IFCAXIS2PLACEMENT3D(#177,#178,#179);
#181=IFCDIRECTION((0.,0.,1.));
#182=IFCEXTRUDEDAREASOLID(#32,#180,#181,0.59999999999999998);
#183=IFCSHAPEREPRESENTATION(#13,'Body','SweptSolid',(#182));
#184=IFCPRODUCTDEFINITIONSHAPE($,$,(#183));
#185=IFCOWNERHISTORY(#3,#5,.READWRITE.,.ADDED.,1777764232,#3,#5,1777764232);
#186=IFCPROPERTYSET('1IjJEkwnLFjgd2QFVuGGzg',#185,'Pset_ElementMark',$,(#189,#190,#191));
#187=IFCOWNERHISTORY(#3,#5,.READWRITE.,.ADDED.,1777764232,#3,#5,1777764232);
#188=IFCRELDEFINESBYPROPERTIES('1zF199v6zFNgeG6LlrL3Q5',#187,$,$,(#171),#186);
#189=IFCPROPERTYSINGLEVALUE('Mark',$,IFCLABEL('FTG-B2'),$);
#190=IFCPROPERTYSINGLEVALUE('ElementType',$,IFCLABEL('Footing'),$);
#191=IFCPROPERTYSINGLEVALUE('GridRef',$,IFCLABEL('B2'),$);
#192=IFCCARTESIANPOINT((6.,6.,-0.59999999999999998));
#193=IFCDIRECTION((0.,0.,1.));
#194=IFCDIRECTION((1.,0.,0.));
#195=IFCAXIS2PLACEMENT3D(#192,#193,#194);
#196=IFCLOCALPLACEMENT($,#195);
#197=IFCOWNERHISTORY(#3,#5,.READWRITE.,.MODIFIED.,1777764232,#3,#5,1777764232);
#198=IFCFOOTING('2QGjDrMyf3jeQZpvnug8td',#197,'FTG-B3',$,$,#223,#211,$,.PAD_FOOTING.);
#204=IFCCARTESIANPOINT((0.,0.,0.));
#205=IFCDIRECTION((0.,0.,1.));
#206=IFCDIRECTION((1.,0.,0.));
#207=IFCAXIS2PLACEMENT3D(#204,#205,#206);
#208=IFCDIRECTION((0.,0.,1.));
#209=IFCEXTRUDEDAREASOLID(#32,#207,#208,0.59999999999999998);
#210=IFCSHAPEREPRESENTATION(#13,'Body','SweptSolid',(#209));
#211=IFCPRODUCTDEFINITIONSHAPE($,$,(#210));
#212=IFCOWNERHISTORY(#3,#5,.READWRITE.,.ADDED.,1777764232,#3,#5,1777764232);
#213=IFCPROPERTYSET('0h35Lug8TBhv$1qFHaaR$2',#212,'Pset_ElementMark',$,(#216,#217,#218));
#214=IFCOWNERHISTORY(#3,#5,.READWRITE.,.ADDED.,1777764232,#3,#5,1777764232);
#215=IFCRELDEFINESBYPROPERTIES('0kPS2ILLv46gohX3FJ$oIt',#214,$,$,(#198),#213);
#216=IFCPROPERTYSINGLEVALUE('Mark',$,IFCLABEL('FTG-B3'),$);
#217=IFCPROPERTYSINGLEVALUE('ElementType',$,IFCLABEL('Footing'),$);
#218=IFCPROPERTYSINGLEVALUE('GridRef',$,IFCLABEL('B3'),$);
#219=IFCCARTESIANPOINT((12.,6.,-0.59999999999999998));
#220=IFCDIRECTION((0.,0.,1.));
#221=IFCDIRECTION((1.,0.,0.));
#222=IFCAXIS2PLACEMENT3D(#219,#220,#221);
#223=IFCLOCALPLACEMENT($,#222);
#224=IFCOWNERHISTORY(#3,#5,.READWRITE.,.MODIFIED.,1777764232,#3,#5,1777764232);
#225=IFCFOOTING('3bqXwBa9z9F8csDtIN_Y$U',#224,'FTG-B4',$,$,#250,#238,$,.PAD_FOOTING.);
#231=IFCCARTESIANPOINT((0.,0.,0.));
#232=IFCDIRECTION((0.,0.,1.));
#233=IFCDIRECTION((1.,0.,0.));
#234=IFCAXIS2PLACEMENT3D(#231,#232,#233);
#235=IFCDIRECTION((0.,0.,1.));
#236=IFCEXTRUDEDAREASOLID(#32,#234,#235,0.59999999999999998);
#237=IFCSHAPEREPRESENTATION(#13,'Body','SweptSolid',(#236));
#238=IFCPRODUCTDEFINITIONSHAPE($,$,(#237));
#239=IFCOWNERHISTORY(#3,#5,.READWRITE.,.ADDED.,1777764232,#3,#5,1777764232);
#240=IFCPROPERTYSET('0woBhCT_r8rBp$hbSFceet',#239,'Pset_ElementMark',$,(#243,#244,#245));
#241=IFCOWNERHISTORY(#3,#5,.READWRITE.,.ADDED.,1777764232,#3,#5,1777764232);
#242=IFCRELDEFINESBYPROPERTIES('2vi0yGsbb0mQUUk14fSYgy',#241,$,$,(#225),#240);
#243=IFCPROPERTYSINGLEVALUE('Mark',$,IFCLABEL('FTG-B4'),$);
#244=IFCPROPERTYSINGLEVALUE('ElementType',$,IFCLABEL('Footing'),$);
#245=IFCPROPERTYSINGLEVALUE('GridRef',$,IFCLABEL('B4'),$);
#246=IFCCARTESIANPOINT((18.,6.,-0.59999999999999998));
#247=IFCDIRECTION((0.,0.,1.));
#248=IFCDIRECTION((1.,0.,0.));
#249=IFCAXIS2PLACEMENT3D(#246,#247,#248);
#250=IFCLOCALPLACEMENT($,#249);
#251=IFCOWNERHISTORY(#3,#5,.READWRITE.,.MODIFIED.,1777764232,#3,#5,1777764232);
#252=IFCFOOTING('3EYoVMgMf9z95ng24b316c',#251,'FTG-C1',$,$,#277,#265,$,.PAD_FOOTING.);
#258=IFCCARTESIANPOINT((0.,0.,0.));
#259=IFCDIRECTION((0.,0.,1.));
#260=IFCDIRECTION((1.,0.,0.));
#261=IFCAXIS2PLACEMENT3D(#258,#259,#260);
#262=IFCDIRECTION((0.,0.,1.));
#263=IFCEXTRUDEDAREASOLID(#32,#261,#262,0.59999999999999998);
#264=IFCSHAPEREPRESENTATION(#13,'Body','SweptSolid',(#263));
#265=IFCPRODUCTDEFINITIONSHAPE($,$,(#264));
#266=IFCOWNERHISTORY(#3,#5,.READWRITE.,.ADDED.,1777764232,#3,#5,1777764232);
#267=IFCPROPERTYSET('2SEthCFwj1sv$nT2NsKp2g',#266,'Pset_ElementMark',$,(#270,#271,#272));
#268=IFCOWNERHISTORY(#3,#5,.READWRITE.,.ADDED.,1777764232,#3,#5,1777764232);
#269=IFCRELDEFINESBYPROPERTIES('35p74y78j5RvbABnPTcCX5',#268,$,$,(#252),#267);
#270=IFCPROPERTYSINGLEVALUE('Mark',$,IFCLABEL('FTG-C1'),$);
#271=IFCPROPERTYSINGLEVALUE('ElementType',$,IFCLABEL('Footing'),$);
#272=IFCPROPERTYSINGLEVALUE('GridRef',$,IFCLABEL('C1'),$);
#273=IFCCARTESIANPOINT((0.,12.,-0.59999999999999998));
#274=IFCDIRECTION((0.,0.,1.));
#275=IFCDIRECTION((1.,0.,0.));
#276=IFCAXIS2PLACEMENT3D(#273,#274,#275);
#277=IFCLOCALPLACEMENT($,#276);
#278=IFCOWNERHISTORY(#3,#5,.READWRITE.,.MODIFIED.,1777764232,#3,#5,1777764232);
#279=IFCFOOTING('0euKpkApLFKBDJ0EWWcy1p',#278,'FTG-C2',$,$,#304,#292,$,.PAD_FOOTING.);
#285=IFCCARTESIANPOINT((0.,0.,0.));
#286=IFCDIRECTION((0.,0.,1.));
#287=IFCDIRECTION((1.,0.,0.));
#288=IFCAXIS2PLACEMENT3D(#285,#286,#287);
#289=IFCDIRECTION((0.,0.,1.));
#290=IFCEXTRUDEDAREASOLID(#32,#288,#289,0.59999999999999998);
#291=IFCSHAPEREPRESENTATION(#13,'Body','SweptSolid',(#290));
#292=IFCPRODUCTDEFINITIONSHAPE($,$,(#291));
#293=IFCOWNERHISTORY(#3,#5,.READWRITE.,.ADDED.,1777764232,#3,#5,1777764232);
#294=IFCPROPERTYSET('1e72TnKTHBDgO$ZWQs6ROP',#293,'Pset_ElementMark',$,(#297,#298,#299));
#295=IFCOWNERHISTORY(#3,#5,.READWRITE.,.ADDED.,1777764232,#3,#5,1777764232);
#296=IFCRELDEFINESBYPROPERTIES('2ZSZLyFc15ZxRgPcn_Fj2N',#295,$,$,(#279),#294);
#297=IFCPROPERTYSINGLEVALUE('Mark',$,IFCLABEL('FTG-C2'),$);
#298=IFCPROPERTYSINGLEVALUE('ElementType',$,IFCLABEL('Footing'),$);
#299=IFCPROPERTYSINGLEVALUE('GridRef',$,IFCLABEL('C2'),$);
#300=IFCCARTESIANPOINT((6.,12.,-0.59999999999999998));
#301=IFCDIRECTION((0.,0.,1.));
#302=IFCDIRECTION((1.,0.,0.));
#303=IFCAXIS2PLACEMENT3D(#300,#301,#302);
#304=IFCLOCALPLACEMENT($,#303);
#305=IFCOWNERHISTORY(#3,#5,.READWRITE.,.MODIFIED.,1777764232,#3,#5,1777764232);
#306=IFCFOOTING('0JSYd_9xH3xxdgQsLphVdZ',#305,'FTG-C3',$,$,#331,#319,$,.PAD_FOOTING.);
#312=IFCCARTESIANPOINT((0.,0.,0.));
#313=IFCDIRECTION((0.,0.,1.));
#314=IFCDIRECTION((1.,0.,0.));
#315=IFCAXIS2PLACEMENT3D(#312,#313,#314);
#316=IFCDIRECTION((0.,0.,1.));
#317=IFCEXTRUDEDAREASOLID(#32,#315,#316,0.59999999999999998);
#318=IFCSHAPEREPRESENTATION(#13,'Body','SweptSolid',(#317));
#319=IFCPRODUCTDEFINITIONSHAPE($,$,(#318));
#320=IFCOWNERHISTORY(#3,#5,.READWRITE.,.ADDED.,1777764232,#3,#5,1777764232);
#321=IFCPROPERTYSET('0BI1IXEuv4VxcXtn_YYq_n',#320,'Pset_ElementMark',$,(#324,#325,#326));
#322=IFCOWNERHISTORY(#3,#5,.READWRITE.,.ADDED.,1777764232,#3,#5,1777764232);
#323=IFCRELDEFINESBYPROPERTIES('3b9mk3VM140BxYeX4R7D0W',#322,$,$,(#306),#321);
#324=IFCPROPERTYSINGLEVALUE('Mark',$,IFCLABEL('FTG-C3'),$);
#325=IFCPROPERTYSINGLEVALUE('ElementType',$,IFCLABEL('Footing'),$);
#326=IFCPROPERTYSINGLEVALUE('GridRef',$,IFCLABEL('C3'),$);
#327=IFCCARTESIANPOINT((12.,12.,-0.59999999999999998));
#328=IFCDIRECTION((0.,0.,1.));
#329=IFCDIRECTION((1.,0.,0.));
#330=IFCAXIS2PLACEMENT3D(#327,#328,#329);
#331=IFCLOCALPLACEMENT($,#330);
#332=IFCOWNERHISTORY(#3,#5,.READWRITE.,.MODIFIED.,1777764232,#3,#5,1777764232);
#333=IFCFOOTING('3WQZU$3ffCaQerVutMS11y',#332,'FTG-C4',$,$,#358,#346,$,.PAD_FOOTING.);
#339=IFCCARTESIANPOINT((0.,0.,0.));
#340=IFCDIRECTION((0.,0.,1.));
#341=IFCDIRECTION((1.,0.,0.));
#342=IFCAXIS2PLACEMENT3D(#339,#340,#341);
#343=IFCDIRECTION((0.,0.,1.));
#344=IFCEXTRUDEDAREASOLID(#32,#342,#343,0.59999999999999998);
#345=IFCSHAPEREPRESENTATION(#13,'Body','SweptSolid',(#344));
#346=IFCPRODUCTDEFINITIONSHAPE($,$,(#345));
#347=IFCOWNERHISTORY(#3,#5,.READWRITE.,.ADDED.,1777764232,#3,#5,1777764232);
#348=IFCPROPERTYSET('3hcMYG3Ij8C9UwN6xiZOIC',#347,'Pset_ElementMark',$,(#351,#352,#353));
#349=IFCOWNERHISTORY(#3,#5,.READWRITE.,.ADDED.,1777764232,#3,#5,1777764232);
#350=IFCRELDEFINESBYPROPERTIES('1NZ7Yb$qv0q8tExeTKJiWC',#349,$,$,(#333),#348);
#351=IFCPROPERTYSINGLEVALUE('Mark',$,IFCLABEL('FTG-C4'),$);
#352=IFCPROPERTYSINGLEVALUE('ElementType',$,IFCLABEL('Footing'),$);
#353=IFCPROPERTYSINGLEVALUE('GridRef',$,IFCLABEL('C4'),$);
#354=IFCCARTESIANPOINT((18.,12.,-0.59999999999999998));
#355=IFCDIRECTION((0.,0.,1.));
#356=IFCDIRECTION((1.,0.,0.));
#357=IFCAXIS2PLACEMENT3D(#354,#355,#356);
#358=IFCLOCALPLACEMENT($,#357);
#359=IFCOWNERHISTORY(#3,#5,.READWRITE.,.MODIFIED.,1777764232,#3,#5,1777764232);
#360=IFCFOOTING('0oF1Sk9vT6HRHBbzH0z5m2',#359,'FTG-D1',$,$,#385,#373,$,.PAD_FOOTING.);
#366=IFCCARTESIANPOINT((0.,0.,0.));
#367=IFCDIRECTION((0.,0.,1.));
#368=IFCDIRECTION((1.,0.,0.));
#369=IFCAXIS2PLACEMENT3D(#366,#367,#368);
#370=IFCDIRECTION((0.,0.,1.));
#371=IFCEXTRUDEDAREASOLID(#32,#369,#370,0.59999999999999998);
#372=IFCSHAPEREPRESENTATION(#13,'Body','SweptSolid',(#371));
#373=IFCPRODUCTDEFINITIONSHAPE($,$,(#372));
#374=IFCOWNERHISTORY(#3,#5,.READWRITE.,.ADDED.,1777764232,#3,#5,1777764232);
#375=IFCPROPERTYSET('322bC3TO1DxB$GKNvyxb2I',#374,'Pset_ElementMark',$,(#378,#379,#380));
#376=IFCOWNERHISTORY(#3,#5,.READWRITE.,.ADDED.,1777764232,#3,#5,1777764232);
#377=IFCRELDEFINESBYPROPERTIES('26HXJb0sX1jx4GAmq6Mju0',#376,$,$,(#360),#375);
#378=IFCPROPERTYSINGLEVALUE('Mark',$,IFCLABEL('FTG-D1'),$);
#379=IFCPROPERTYSINGLEVALUE('ElementType',$,IFCLABEL('Footing'),$);
#380=IFCPROPERTYSINGLEVALUE('GridRef',$,IFCLABEL('D1'),$);
#381=IFCCARTESIANPOINT((0.,18.,-0.59999999999999998));
#382=IFCDIRECTION((0.,0.,1.));
#383=IFCDIRECTION((1.,0.,0.));
#384=IFCAXIS2PLACEMENT3D(#381,#382,#383);
#385=IFCLOCALPLACEMENT($,#384);
#386=IFCOWNERHISTORY(#3,#5,.READWRITE.,.MODIFIED.,1777764232,#3,#5,1777764232);
#387=IFCFOOTING('3D3fGQNGPEr941VQF73_Jz',#386,'FTG-D2',$,$,#412,#400,$,.PAD_FOOTING.);
#393=IFCCARTESIANPOINT((0.,0.,0.));
#394=IFCDIRECTION((0.,0.,1.));
#395=IFCDIRECTION((1.,0.,0.));
#396=IFCAXIS2PLACEMENT3D(#393,#394,#395);
#397=IFCDIRECTION((0.,0.,1.));
#398=IFCEXTRUDEDAREASOLID(#32,#396,#397,0.59999999999999998);
#399=IFCSHAPEREPRESENTATION(#13,'Body','SweptSolid',(#398));
#400=IFCPRODUCTDEFINITIONSHAPE($,$,(#399));
#401=IFCOWNERHISTORY(#3,#5,.READWRITE.,.ADDED.,1777764232,#3,#5,1777764232);
#402=IFCPROPERTYSET('3vkxhkkjzDsuJkTRzDgfgr',#401,'Pset_ElementMark',$,(#405,#406,#407));
#403=IFCOWNERHISTORY(#3,#5,.READWRITE.,.ADDED.,1777764232,#3,#5,1777764232);
#404=IFCRELDEFINESBYPROPERTIES('1TSCo8z1P4K8yKsebae4ry',#403,$,$,(#387),#402);
#405=IFCPROPERTYSINGLEVALUE('Mark',$,IFCLABEL('FTG-D2'),$);
#406=IFCPROPERTYSINGLEVALUE('ElementType',$,IFCLABEL('Footing'),$);
#407=IFCPROPERTYSINGLEVALUE('GridRef',$,IFCLABEL('D2'),$);
#408=IFCCARTESIANPOINT((6.,18.,-0.59999999999999998));
#409=IFCDIRECTION((0.,0.,1.));
#410=IFCDIRECTION((1.,0.,0.));
#411=IFCAXIS2PLACEMENT3D(#408,#409,#410);
#412=IFCLOCALPLACEMENT($,#411);
#413=IFCOWNERHISTORY(#3,#5,.READWRITE.,.MODIFIED.,1777764232,#3,#5,1777764232);
#414=IFCFOOTING('25h0Vb4fjB0O_VC7QdH$_g',#413,'FTG-D3',$,$,#439,#427,$,.PAD_FOOTING.);
#420=IFCCARTESIANPOINT((0.,0.,0.));
#421=IFCDIRECTION((0.,0.,1.));
#422=IFCDIRECTION((1.,0.,0.));
#423=IFCAXIS2PLACEMENT3D(#420,#421,#422);
#424=IFCDIRECTION((0.,0.,1.));
#425=IFCEXTRUDEDAREASOLID(#32,#423,#424,0.59999999999999998);
#426=IFCSHAPEREPRESENTATION(#13,'Body','SweptSolid',(#425));
#427=IFCPRODUCTDEFINITIONSHAPE($,$,(#426));
#428=IFCOWNERHISTORY(#3,#5,.READWRITE.,.ADDED.,1777764232,#3,#5,1777764232);
#429=IFCPROPERTYSET('0iYitO$vn30PELmKX0bCHb',#428,'Pset_ElementMark',$,(#432,#433,#434));
#430=IFCOWNERHISTORY(#3,#5,.READWRITE.,.ADDED.,1777764232,#3,#5,1777764232);
#431=IFCRELDEFINESBYPROPERTIES('295mufvJP6N82pLH$14KXM',#430,$,$,(#414),#429);
#432=IFCPROPERTYSINGLEVALUE('Mark',$,IFCLABEL('FTG-D3'),$);
#433=IFCPROPERTYSINGLEVALUE('ElementType',$,IFCLABEL('Footing'),$);
#434=IFCPROPERTYSINGLEVALUE('GridRef',$,IFCLABEL('D3'),$);
#435=IFCCARTESIANPOINT((12.,18.,-0.59999999999999998));
#436=IFCDIRECTION((0.,0.,1.));
#437=IFCDIRECTION((1.,0.,0.));
#438=IFCAXIS2PLACEMENT3D(#435,#436,#437);
#439=IFCLOCALPLACEMENT($,#438);
#440=IFCOWNERHISTORY(#3,#5,.READWRITE.,.MODIFIED.,1777764232,#3,#5,1777764232);
#441=IFCFOOTING('0cUGvdAzjARhhbGCqMWexB',#440,'FTG-D4',$,$,#466,#454,$,.PAD_FOOTING.);
#447=IFCCARTESIANPOINT((0.,0.,0.));
#448=IFCDIRECTION((0.,0.,1.));
#449=IFCDIRECTION((1.,0.,0.));
#450=IFCAXIS2PLACEMENT3D(#447,#448,#449);
#451=IFCDIRECTION((0.,0.,1.));
#452=IFCEXTRUDEDAREASOLID(#32,#450,#451,0.59999999999999998);
#453=IFCSHAPEREPRESENTATION(#13,'Body','SweptSolid',(#452));
#454=IFCPRODUCTDEFINITIONSHAPE($,$,(#453));
#455=IFCOWNERHISTORY(#3,#5,.READWRITE.,.ADDED.,1777764232,#3,#5,1777764232);
#456=IFCPROPERTYSET('13_vheLP95phNYu51opl7H',#455,'Pset_ElementMark',$,(#459,#460,#461));
#457=IFCOWNERHISTORY(#3,#5,.READWRITE.,.ADDED.,1777764232,#3,#5,1777764232);
#458=IFCRELDEFINESBYPROPERTIES('2w3KSXS8z4QuUfIZ87sFU5',#457,$,$,(#441),#456);
#459=IFCPROPERTYSINGLEVALUE('Mark',$,IFCLABEL('FTG-D4'),$);
#460=IFCPROPERTYSINGLEVALUE('ElementType',$,IFCLABEL('Footing'),$);
#461=IFCPROPERTYSINGLEVALUE('GridRef',$,IFCLABEL('D4'),$);
#462=IFCCARTESIANPOINT((18.,18.,-0.59999999999999998));
#463=IFCDIRECTION((0.,0.,1.));
#464=IFCDIRECTION((1.,0.,0.));
#465=IFCAXIS2PLACEMENT3D(#462,#463,#464);
#466=IFCLOCALPLACEMENT($,#465);
#467=IFCRECTANGLEPROFILEDEF(.AREA.,$,$,0.40000000000000002,0.40000000000000002);
#468=IFCOWNERHISTORY(#3,#5,.READWRITE.,.MODIFIED.,1777764232,#3,#5,1777764232);
#469=IFCCOLUMN('1MNAcK5cj4duOK4JBV_N3q',#468,'COL-A1-GF',$,$,#497,#482,$);
#475=IFCCARTESIANPOINT((0.,0.,0.));
#476=IFCDIRECTION((0.,0.,1.));
#477=IFCDIRECTION((1.,0.,0.));
#478=IFCAXIS2PLACEMENT3D(#475,#476,#477);
#479=IFCDIRECTION((0.,0.,1.));
#480=IFCEXTRUDEDAREASOLID(#467,#478,#479,3.5);
#481=IFCSHAPEREPRESENTATION(#13,'Body','SweptSolid',(#480));
#482=IFCPRODUCTDEFINITIONSHAPE($,$,(#481));
#483=IFCOWNERHISTORY(#3,#5,.READWRITE.,.ADDED.,1777764232,#3,#5,1777764232);
#484=IFCPROPERTYSET('01W4w2NpfF6vEEaAynKAZO',#483,'Pset_ElementMark',$,(#487,#488,#489,#490));
#485=IFCOWNERHISTORY(#3,#5,.READWRITE.,.ADDED.,1777764232,#3,#5,1777764232);
#486=IFCRELDEFINESBYPROPERTIES('2Cl5y$ZxP0FBOlTrjKoC7u',#485,$,$,(#469),#484);
#487=IFCPROPERTYSINGLEVALUE('Mark',$,IFCLABEL('COL-A1-GF'),$);
#488=IFCPROPERTYSINGLEVALUE('ElementType',$,IFCLABEL('Column'),$);
#489=IFCPROPERTYSINGLEVALUE('GridRef',$,IFCLABEL('A1'),$);
#490=IFCPROPERTYSINGLEVALUE('Level',$,IFCLABEL('GF'),$);
#491=IFCOWNERHISTORY(#3,#5,.READWRITE.,.MODIFIED.,1777764233,#3,#5,1777764232);
#492=IFCRELCONTAINEDINSPATIALSTRUCTURE('2yNGirukX1TQeKj2d66kjd',#491,$,$,(#555,#469,#4061,#3865,#2100,#3977,#2408,#1904,#2016,#667,#2212,#2324,#1820,#2128,#583,#779,#891,#2436,#695,#3893,#1932,#2044,#2240,#2352,#1848,#499,#1960,#611,#2156,#807,#527,#4005,#3921,#2464,#2072,#723,#1876,#835,#4033,#3837,#2268,#2380,#639,#2184,#2296,#3949,#1988,#751,#863),#25);
#493=IFCCARTESIANPOINT((0.,0.,0.));
#494=IFCDIRECTION((0.,0.,1.));
#495=IFCDIRECTION((1.,0.,0.));
#496=IFCAXIS2PLACEMENT3D(#493,#494,#495);
#497=IFCLOCALPLACEMENT($,#496);
#498=IFCOWNERHISTORY(#3,#5,.READWRITE.,.MODIFIED.,1777764232,#3,#5,1777764232);
#499=IFCCOLUMN('2f8YlrCBTCChUd$RAgmznA',#498,'COL-A2-GF',$,$,#525,#512,$);
#505=IFCCARTESIANPOINT((0.,0.,0.));
#506=IFCDIRECTION((0.,0.,1.));
#507=IFCDIRECTION((1.,0.,0.));
#508=IFCAXIS2PLACEMENT3D(#505,#506,#507);
#509=IFCDIRECTION((0.,0.,1.));
#510=IFCEXTRUDEDAREASOLID(#467,#508,#509,3.5);
#511=IFCSHAPEREPRESENTATION(#13,'Body','SweptSolid',(#510));
#512=IFCPRODUCTDEFINITIONSHAPE($,$,(#511));
#513=IFCOWNERHISTORY(#3,#5,.READWRITE.,.ADDED.,1777764232,#3,#5,1777764232);
#514=IFCPROPERTYSET('1IGUBKdrzA1wVR20EZhxPH',#513,'Pset_ElementMark',$,(#517,#518,#519,#520));
#515=IFCOWNERHISTORY(#3,#5,.READWRITE.,.ADDED.,1777764232,#3,#5,1777764232);
#516=IFCRELDEFINESBYPROPERTIES('2Us66yGMD3pQBBVB5M7B_1',#515,$,$,(#499),#514);
#517=IFCPROPERTYSINGLEVALUE('Mark',$,IFCLABEL('COL-A2-GF'),$);
#518=IFCPROPERTYSINGLEVALUE('ElementType',$,IFCLABEL('Column'),$);
#519=IFCPROPERTYSINGLEVALUE('GridRef',$,IFCLABEL('A2'),$);
#520=IFCPROPERTYSINGLEVALUE('Level',$,IFCLABEL('GF'),$);
#521=IFCCARTESIANPOINT((6.,0.,0.));
#522=IFCDIRECTION((0.,0.,1.));
#523=IFCDIRECTION((1.,0.,0.));
#524=IFCAXIS2PLACEMENT3D(#521,#522,#523);
#525=IFCLOCALPLACEMENT($,#524);
#526=IFCOWNERHISTORY(#3,#5,.READWRITE.,.MODIFIED.,1777764232,#3,#5,1777764232);
#527=IFCCOLUMN('0HXkoTEfP3l97dCt6X67Yx',#526,'COL-A3-GF',$,$,#553,#540,$);
#533=IFCCARTESIANPOINT((0.,0.,0.));
#534=IFCDIRECTION((0.,0.,1.));
#535=IFCDIRECTION((1.,0.,0.));
#536=IFCAXIS2PLACEMENT3D(#533,#534,#535);
#537=IFCDIRECTION((0.,0.,1.));
#538=IFCEXTRUDEDAREASOLID(#467,#536,#537,3.5);
#539=IFCSHAPEREPRESENTATION(#13,'Body','SweptSolid',(#538));
#540=IFCPRODUCTDEFINITIONSHAPE($,$,(#539));
#541=IFCOWNERHISTORY(#3,#5,.READWRITE.,.ADDED.,1777764232,#3,#5,1777764232);
#542=IFCPROPERTYSET('0FvApDCpn88eXRgejTNWSJ',#541,'Pset_ElementMark',$,(#545,#546,#547,#548));
#543=IFCOWNERHISTORY(#3,#5,.READWRITE.,.ADDED.,1777764232,#3,#5,1777764232);
#544=IFCRELDEFINESBYPROPERTIES('1Lnx6Y2aL78PRCvkyOGbQX',#543,$,$,(#527),#542);
#545=IFCPROPERTYSINGLEVALUE('Mark',$,IFCLABEL('COL-A3-GF'),$);
#546=IFCPROPERTYSINGLEVALUE('ElementType',$,IFCLABEL('Column'),$);
#547=IFCPROPERTYSINGLEVALUE('GridRef',$,IFCLABEL('A3'),$);
#548=IFCPROPERTYSINGLEVALUE('Level',$,IFCLABEL('GF'),$);
#549=IFCCARTESIANPOINT((12.,0.,0.));
#550=IFCDIRECTION((0.,0.,1.));
#551=IFCDIRECTION((1.,0.,0.));
#552=IFCAXIS2PLACEMENT3D(#549,#550,#551);
#553=IFCLOCALPLACEMENT($,#552);
#554=IFCOWNERHISTORY(#3,#5,.READWRITE.,.MODIFIED.,1777764232,#3,#5,1777764232);
#555=IFCCOLUMN('3NlM008YL1PRGJxdaQSC11',#554,'COL-A4-GF',$,$,#581,#568,$);
#561=IFCCARTESIANPOINT((0.,0.,0.));
#562=IFCDIRECTION((0.,0.,1.));
#563=IFCDIRECTION((1.,0.,0.));
#564=IFCAXIS2PLACEMENT3D(#561,#562,#563);
#565=IFCDIRECTION((0.,0.,1.));
#566=IFCEXTRUDEDAREASOLID(#467,#564,#565,3.5);
#567=IFCSHAPEREPRESENTATION(#13,'Body','SweptSolid',(#566));
#568=IFCPRODUCTDEFINITIONSHAPE($,$,(#567));
#569=IFCOWNERHISTORY(#3,#5,.READWRITE.,.ADDED.,1777764232,#3,#5,1777764232);
#570=IFCPROPERTYSET('0FrxL1njrC6uVhcLarJIQD',#569,'Pset_ElementMark',$,(#573,#574,#575,#576));
#571=IFCOWNERHISTORY(#3,#5,.READWRITE.,.ADDED.,1777764232,#3,#5,1777764232);
#572=IFCRELDEFINESBYPROPERTIES('2cTypgxpn1EhuYTIbRs9ht',#571,$,$,(#555),#570);
#573=IFCPROPERTYSINGLEVALUE('Mark',$,IFCLABEL('COL-A4-GF'),$);
#574=IFCPROPERTYSINGLEVALUE('ElementType',$,IFCLABEL('Column'),$);
#575=IFCPROPERTYSINGLEVALUE('GridRef',$,IFCLABEL('A4'),$);
#576=IFCPROPERTYSINGLEVALUE('Level',$,IFCLABEL('GF'),$);
#577=IFCCARTESIANPOINT((18.,0.,0.));
#578=IFCDIRECTION((0.,0.,1.));
#579=IFCDIRECTION((1.,0.,0.));
#580=IFCAXIS2PLACEMENT3D(#577,#578,#579);
#581=IFCLOCALPLACEMENT($,#580);
#582=IFCOWNERHISTORY(#3,#5,.READWRITE.,.MODIFIED.,1777764232,#3,#5,1777764232);
#583=IFCCOLUMN('3E0gkB6szCZvbTDnnCjEz1',#582,'COL-B1-GF',$,$,#609,#596,$);
#589=IFCCARTESIANPOINT((0.,0.,0.));
#590=IFCDIRECTION((0.,0.,1.));
#591=IFCDIRECTION((1.,0.,0.));
#592=IFCAXIS2PLACEMENT3D(#589,#590,#591);
#593=IFCDIRECTION((0.,0.,1.));
#594=IFCEXTRUDEDAREASOLID(#467,#592,#593,3.5);
#595=IFCSHAPEREPRESENTATION(#13,'Body','SweptSolid',(#594));
#596=IFCPRODUCTDEFINITIONSHAPE($,$,(#595));
#597=IFCOWNERHISTORY(#3,#5,.READWRITE.,.ADDED.,1777764232,#3,#5,1777764232);
#598=IFCPROPERTYSET('0fvmLOkgD9YA$LESB$imZK',#597,'Pset_ElementMark',$,(#601,#602,#603,#604));
#599=IFCOWNERHISTORY(#3,#5,.READWRITE.,.ADDED.,1777764232,#3,#5,1777764232);
#600=IFCRELDEFINESBYPROPERTIES('3ns6PJuvb6bBWaGAmfpDgk',#599,$,$,(#583),#598);
#601=IFCPROPERTYSINGLEVALUE('Mark',$,IFCLABEL('COL-B1-GF'),$);
#602=IFCPROPERTYSINGLEVALUE('ElementType',$,IFCLABEL('Column'),$);
#603=IFCPROPERTYSINGLEVALUE('GridRef',$,IFCLABEL('B1'),$);
#604=IFCPROPERTYSINGLEVALUE('Level',$,IFCLABEL('GF'),$);
#605=IFCCARTESIANPOINT((0.,6.,0.));
#606=IFCDIRECTION((0.,0.,1.));
#607=IFCDIRECTION((1.,0.,0.));
#608=IFCAXIS2PLACEMENT3D(#605,#606,#607);
#609=IFCLOCALPLACEMENT($,#608);
#610=IFCOWNERHISTORY(#3,#5,.READWRITE.,.MODIFIED.,1777764232,#3,#5,1777764232);
#611=IFCCOLUMN('0cSV9mrbL6ZRarWtS68Tc2',#610,'COL-B2-GF',$,$,#637,#624,$);
#617=IFCCARTESIANPOINT((0.,0.,0.));
#618=IFCDIRECTION((0.,0.,1.));
#619=IFCDIRECTION((1.,0.,0.));
#620=IFCAXIS2PLACEMENT3D(#617,#618,#619);
#621=IFCDIRECTION((0.,0.,1.));
#622=IFCEXTRUDEDAREASOLID(#467,#620,#621,3.5);
#623=IFCSHAPEREPRESENTATION(#13,'Body','SweptSolid',(#622));
#624=IFCPRODUCTDEFINITIONSHAPE($,$,(#623));
#625=IFCOWNERHISTORY(#3,#5,.READWRITE.,.ADDED.,1777764232,#3,#5,1777764232);
#626=IFCPROPERTYSET('3GUzgXT5PEWhy6Iy9BpRUm',#625,'Pset_ElementMark',$,(#629,#630,#631,#632));
#627=IFCOWNERHISTORY(#3,#5,.READWRITE.,.ADDED.,1777764232,#3,#5,1777764232);
#628=IFCRELDEFINESBYPROPERTIES('26SvVMRWb8ygIMLUJBtAy6',#627,$,$,(#611),#626);
#629=IFCPROPERTYSINGLEVALUE('Mark',$,IFCLABEL('COL-B2-GF'),$);
#630=IFCPROPERTYSINGLEVALUE('ElementType',$,IFCLABEL('Column'),$);
#631=IFCPROPERTYSINGLEVALUE('GridRef',$,IFCLABEL('B2'),$);
#632=IFCPROPERTYSINGLEVALUE('Level',$,IFCLABEL('GF'),$);
#633=IFCCARTESIANPOINT((6.,6.,0.));
#634=IFCDIRECTION((0.,0.,1.));
#635=IFCDIRECTION((1.,0.,0.));
#636=IFCAXIS2PLACEMENT3D(#633,#634,#635);
#637=IFCLOCALPLACEMENT($,#636);
#638=IFCOWNERHISTORY(#3,#5,.READWRITE.,.MODIFIED.,1777764232,#3,#5,1777764232);
#639=IFCCOLUMN('3NtHLclKb1fQuMezQJvYk5',#638,'COL-B3-GF',$,$,#665,#652,$);
#645=IFCCARTESIANPOINT((0.,0.,0.));
#646=IFCDIRECTION((0.,0.,1.));
#647=IFCDIRECTION((1.,0.,0.));
#648=IFCAXIS2PLACEMENT3D(#645,#646,#647);
#649=IFCDIRECTION((0.,0.,1.));
#650=IFCEXTRUDEDAREASOLID(#467,#648,#649,3.5);
#651=IFCSHAPEREPRESENTATION(#13,'Body','SweptSolid',(#650));
#652=IFCPRODUCTDEFINITIONSHAPE($,$,(#651));
#653=IFCOWNERHISTORY(#3,#5,.READWRITE.,.ADDED.,1777764232,#3,#5,1777764232);
#654=IFCPROPERTYSET('25Bun5dx50GwrVpsJOguuI',#653,'Pset_ElementMark',$,(#657,#658,#659,#660));
#655=IFCOWNERHISTORY(#3,#5,.READWRITE.,.ADDED.,1777764232,#3,#5,1777764232);
#656=IFCRELDEFINESBYPROPERTIES('1iAj8W8F152xuLOggSGN1m',#655,$,$,(#639),#654);
#657=IFCPROPERTYSINGLEVALUE('Mark',$,IFCLABEL('COL-B3-GF'),$);
#658=IFCPROPERTYSINGLEVALUE('ElementType',$,IFCLABEL('Column'),$);
#659=IFCPROPERTYSINGLEVALUE('GridRef',$,IFCLABEL('B3'),$);
#660=IFCPROPERTYSINGLEVALUE('Level',$,IFCLABEL('GF'),$);
#661=IFCCARTESIANPOINT((12.,6.,0.));
#662=IFCDIRECTION((0.,0.,1.));
#663=IFCDIRECTION((1.,0.,0.));
#664=IFCAXIS2PLACEMENT3D(#661,#662,#663);
#665=IFCLOCALPLACEMENT($,#664);
#666=IFCOWNERHISTORY(#3,#5,.READWRITE.,.MODIFIED.,1777764232,#3,#5,1777764232);
#667=IFCCOLUMN('3tBqQfg410qPvKr8AvByp9',#666,'COL-B4-GF',$,$,#693,#680,$);
#673=IFCCARTESIANPOINT((0.,0.,0.));
#674=IFCDIRECTION((0.,0.,1.));
#675=IFCDIRECTION((1.,0.,0.));
#676=IFCAXIS2PLACEMENT3D(#673,#674,#675);
#677=IFCDIRECTION((0.,0.,1.));
#678=IFCEXTRUDEDAREASOLID(#467,#676,#677,3.5);
#679=IFCSHAPEREPRESENTATION(#13,'Body','SweptSolid',(#678));
#680=IFCPRODUCTDEFINITIONSHAPE($,$,(#679));
#681=IFCOWNERHISTORY(#3,#5,.READWRITE.,.ADDED.,1777764232,#3,#5,1777764232);
#682=IFCPROPERTYSET('1UaCXj$UT1HRY7aJ$QliuE',#681,'Pset_ElementMark',$,(#685,#686,#687,#688));
#683=IFCOWNERHISTORY(#3,#5,.READWRITE.,.ADDED.,1777764232,#3,#5,1777764232);
#684=IFCRELDEFINESBYPROPERTIES('1EJRfsVtPEiAg1sJ5bj2vI',#683,$,$,(#667),#682);
#685=IFCPROPERTYSINGLEVALUE('Mark',$,IFCLABEL('COL-B4-GF'),$);
#686=IFCPROPERTYSINGLEVALUE('ElementType',$,IFCLABEL('Column'),$);
#687=IFCPROPERTYSINGLEVALUE('GridRef',$,IFCLABEL('B4'),$);
#688=IFCPROPERTYSINGLEVALUE('Level',$,IFCLABEL('GF'),$);
#689=IFCCARTESIANPOINT((18.,6.,0.));
#690=IFCDIRECTION((0.,0.,1.));
#691=IFCDIRECTION((1.,0.,0.));
#692=IFCAXIS2PLACEMENT3D(#689,#690,#691);
#693=IFCLOCALPLACEMENT($,#692);
#694=IFCOWNERHISTORY(#3,#5,.READWRITE.,.MODIFIED.,1777764232,#3,#5,1777764232);
#695=IFCCOLUMN('1CALADP8HAHRsEuIYaUObi',#694,'COL-C1-GF',$,$,#721,#708,$);
#701=IFCCARTESIANPOINT((0.,0.,0.));
#702=IFCDIRECTION((0.,0.,1.));
#703=IFCDIRECTION((1.,0.,0.));
#704=IFCAXIS2PLACEMENT3D(#701,#702,#703);
#705=IFCDIRECTION((0.,0.,1.));
#706=IFCEXTRUDEDAREASOLID(#467,#704,#705,3.5);
#707=IFCSHAPEREPRESENTATION(#13,'Body','SweptSolid',(#706));
#708=IFCPRODUCTDEFINITIONSHAPE($,$,(#707));
#709=IFCOWNERHISTORY(#3,#5,.READWRITE.,.ADDED.,1777764232,#3,#5,1777764232);
#710=IFCPROPERTYSET('0flfkR_1z7nPkZxf0CZzi2',#709,'Pset_ElementMark',$,(#713,#714,#715,#716));
#711=IFCOWNERHISTORY(#3,#5,.READWRITE.,.ADDED.,1777764232,#3,#5,1777764232);
#712=IFCRELDEFINESBYPROPERTIES('3g0H_i$1z2kwNbN7vHVrsg',#711,$,$,(#695),#710);
#713=IFCPROPERTYSINGLEVALUE('Mark',$,IFCLABEL('COL-C1-GF'),$);
#714=IFCPROPERTYSINGLEVALUE('ElementType',$,IFCLABEL('Column'),$);
#715=IFCPROPERTYSINGLEVALUE('GridRef',$,IFCLABEL('C1'),$);
#716=IFCPROPERTYSINGLEVALUE('Level',$,IFCLABEL('GF'),$);
#717=IFCCARTESIANPOINT((0.,12.,0.));
#718=IFCDIRECTION((0.,0.,1.));
#719=IFCDIRECTION((1.,0.,0.));
#720=IFCAXIS2PLACEMENT3D(#717,#718,#719);
#721=IFCLOCALPLACEMENT($,#720);
#722=IFCOWNERHISTORY(#3,#5,.READWRITE.,.MODIFIED.,1777764232,#3,#5,1777764232);
#723=IFCCOLUMN('0oSxjiERX0Rv2UqdCvlGQO',#722,'COL-C2-GF',$,$,#749,#736,$);
#729=IFCCARTESIANPOINT((0.,0.,0.));
#730=IFCDIRECTION((0.,0.,1.));
#731=IFCDIRECTION((1.,0.,0.));
#732=IFCAXIS2PLACEMENT3D(#729,#730,#731);
#733=IFCDIRECTION((0.,0.,1.));
#734=IFCEXTRUDEDAREASOLID(#467,#732,#733,3.5);
#735=IFCSHAPEREPRESENTATION(#13,'Body','SweptSolid',(#734));
#736=IFCPRODUCTDEFINITIONSHAPE($,$,(#735));
#737=IFCOWNERHISTORY(#3,#5,.READWRITE.,.ADDED.,1777764232,#3,#5,1777764232);
#738=IFCPROPERTYSET('3nTbjGBAv7TBJwptjx9c0R',#737,'Pset_ElementMark',$,(#741,#742,#743,#744));
#739=IFCOWNERHISTORY(#3,#5,.READWRITE.,.ADDED.,1777764232,#3,#5,1777764232);
#740=IFCRELDEFINESBYPROPERTIES('1pGDGvw_DA5xkj05gFQppu',#739,$,$,(#723),#738);
#741=IFCPROPERTYSINGLEVALUE('Mark',$,IFCLABEL('COL-C2-GF'),$);
#742=IFCPROPERTYSINGLEVALUE('ElementType',$,IFCLABEL('Column'),$);
#743=IFCPROPERTYSINGLEVALUE('GridRef',$,IFCLABEL('C2'),$);
#744=IFCPROPERTYSINGLEVALUE('Level',$,IFCLABEL('GF'),$);
#745=IFCCARTESIANPOINT((6.,12.,0.));
#746=IFCDIRECTION((0.,0.,1.));
#747=IFCDIRECTION((1.,0.,0.));
#748=IFCAXIS2PLACEMENT3D(#745,#746,#747);
#749=IFCLOCALPLACEMENT($,#748);
#750=IFCOWNERHISTORY(#3,#5,.READWRITE.,.MODIFIED.,1777764232,#3,#5,1777764232);
#751=IFCCOLUMN('0fH3_DemLEhPn20uTSiHMs',#750,'COL-C3-GF',$,$,#777,#764,$);
#757=IFCCARTESIANPOINT((0.,0.,0.));
#758=IFCDIRECTION((0.,0.,1.));
#759=IFCDIRECTION((1.,0.,0.));
#760=IFCAXIS2PLACEMENT3D(#757,#758,#759);
#761=IFCDIRECTION((0.,0.,1.));
#762=IFCEXTRUDEDAREASOLID(#467,#760,#761,3.5);
#763=IFCSHAPEREPRESENTATION(#13,'Body','SweptSolid',(#762));
#764=IFCPRODUCTDEFINITIONSHAPE($,$,(#763));
#765=IFCOWNERHISTORY(#3,#5,.READWRITE.,.ADDED.,1777764232,#3,#5,1777764232);
#766=IFCPROPERTYSET('01y_pKhhX6K8vIYq28P25C',#765,'Pset_ElementMark',$,(#769,#770,#771,#772));
#767=IFCOWNERHISTORY(#3,#5,.READWRITE.,.ADDED.,1777764232,#3,#5,1777764232);
#768=IFCRELDEFINESBYPROPERTIES('2Uovfj6815qP2Ze5Truz6Y',#767,$,$,(#751),#766);
#769=IFCPROPERTYSINGLEVALUE('Mark',$,IFCLABEL('COL-C3-GF'),$);
#770=IFCPROPERTYSINGLEVALUE('ElementType',$,IFCLABEL('Column'),$);
#771=IFCPROPERTYSINGLEVALUE('GridRef',$,IFCLABEL('C3'),$);
#772=IFCPROPERTYSINGLEVALUE('Level',$,IFCLABEL('GF'),$);
#773=IFCCARTESIANPOINT((12.,12.,0.));
#774=IFCDIRECTION((0.,0.,1.));
#775=IFCDIRECTION((1.,0.,0.));
#776=IFCAXIS2PLACEMENT3D(#773,#774,#775);
#777=IFCLOCALPLACEMENT($,#776);
#778=IFCOWNERHISTORY(#3,#5,.READWRITE.,.MODIFIED.,1777764232,#3,#5,1777764232);
#779=IFCCOLUMN('3iVcWdJdD4bRJSZmNJSGpw',#778,'COL-C4-GF',$,$,#805,#792,$);
#785=IFCCARTESIANPOINT((0.,0.,0.));
#786=IFCDIRECTION((0.,0.,1.));
#787=IFCDIRECTION((1.,0.,0.));
#788=IFCAXIS2PLACEMENT3D(#785,#786,#787);
#789=IFCDIRECTION((0.,0.,1.));
#790=IFCEXTRUDEDAREASOLID(#467,#788,#789,3.5);
#791=IFCSHAPEREPRESENTATION(#13,'Body','SweptSolid',(#790));
#792=IFCPRODUCTDEFINITIONSHAPE($,$,(#791));
#793=IFCOWNERHISTORY(#3,#5,.READWRITE.,.ADDED.,1777764232,#3,#5,1777764232);
#794=IFCPROPERTYSET('2aqTkkhYf1becgkW_dIVeb',#793,'Pset_ElementMark',$,(#797,#798,#799,#800));
#795=IFCOWNERHISTORY(#3,#5,.READWRITE.,.ADDED.,1777764232,#3,#5,1777764232);
#796=IFCRELDEFINESBYPROPERTIES('1JCYdioQn4y8XWQuguTLnE',#795,$,$,(#779),#794);
#797=IFCPROPERTYSINGLEVALUE('Mark',$,IFCLABEL('COL-C4-GF'),$);
#798=IFCPROPERTYSINGLEVALUE('ElementType',$,IFCLABEL('Column'),$);
#799=IFCPROPERTYSINGLEVALUE('GridRef',$,IFCLABEL('C4'),$);
#800=IFCPROPERTYSINGLEVALUE('Level',$,IFCLABEL('GF'),$);
#801=IFCCARTESIANPOINT((18.,12.,0.));
#802=IFCDIRECTION((0.,0.,1.));
#803=IFCDIRECTION((1.,0.,0.));
#804=IFCAXIS2PLACEMENT3D(#801,#802,#803);
#805=IFCLOCALPLACEMENT($,#804);
#806=IFCOWNERHISTORY(#3,#5,.READWRITE.,.MODIFIED.,1777764232,#3,#5,1777764232);
#807=IFCCOLUMN('1VeUocJ5D7jRslA657911m',#806,'COL-D1-GF',$,$,#833,#820,$);
#813=IFCCARTESIANPOINT((0.,0.,0.));
#814=IFCDIRECTION((0.,0.,1.));
#815=IFCDIRECTION((1.,0.,0.));
#816=IFCAXIS2PLACEMENT3D(#813,#814,#815);
#817=IFCDIRECTION((0.,0.,1.));
#818=IFCEXTRUDEDAREASOLID(#467,#816,#817,3.5);
#819=IFCSHAPEREPRESENTATION(#13,'Body','SweptSolid',(#818));
#820=IFCPRODUCTDEFINITIONSHAPE($,$,(#819));
#821=IFCOWNERHISTORY(#3,#5,.READWRITE.,.ADDED.,1777764232,#3,#5,1777764232);
#822=IFCPROPERTYSET('0BGDpwSaPDxQQ_1HnX$YEs',#821,'Pset_ElementMark',$,(#825,#826,#827,#828));
#823=IFCOWNERHISTORY(#3,#5,.READWRITE.,.ADDED.,1777764232,#3,#5,1777764232);
#824=IFCRELDEFINESBYPROPERTIES('0xcRUYLoXBoAH14CCT1L1F',#823,$,$,(#807),#822);
#825=IFCPROPERTYSINGLEVALUE('Mark',$,IFCLABEL('COL-D1-GF'),$);
#826=IFCPROPERTYSINGLEVALUE('ElementType',$,IFCLABEL('Column'),$);
#827=IFCPROPERTYSINGLEVALUE('GridRef',$,IFCLABEL('D1'),$);
#828=IFCPROPERTYSINGLEVALUE('Level',$,IFCLABEL('GF'),$);
#829=IFCCARTESIANPOINT((0.,18.,0.));
#830=IFCDIRECTION((0.,0.,1.));
#831=IFCDIRECTION((1.,0.,0.));
#832=IFCAXIS2PLACEMENT3D(#829,#830,#831);
#833=IFCLOCALPLACEMENT($,#832);
#834=IFCOWNERHISTORY(#3,#5,.READWRITE.,.MODIFIED.,1777764232,#3,#5,1777764232);
#835=IFCCOLUMN('3AY26$U5zAlR5jokmLoJil',#834,'COL-D2-GF',$,$,#861,#848,$);
#841=IFCCARTESIANPOINT((0.,0.,0.));
#842=IFCDIRECTION((0.,0.,1.));
#843=IFCDIRECTION((1.,0.,0.));
#844=IFCAXIS2PLACEMENT3D(#841,#842,#843);
#845=IFCDIRECTION((0.,0.,1.));
#846=IFCEXTRUDEDAREASOLID(#467,#844,#845,3.5);
#847=IFCSHAPEREPRESENTATION(#13,'Body','SweptSolid',(#846));
#848=IFCPRODUCTDEFINITIONSHAPE($,$,(#847));
#849=IFCOWNERHISTORY(#3,#5,.READWRITE.,.ADDED.,1777764232,#3,#5,1777764232);
#850=IFCPROPERTYSET('0775124d99IgJyKf3T2iSr',#849,'Pset_ElementMark',$,(#853,#854,#855,#856));
#851=IFCOWNERHISTORY(#3,#5,.READWRITE.,.ADDED.,1777764232,#3,#5,1777764232);
#852=IFCRELDEFINESBYPROPERTIES('04WdrjQjL9HBGuPXrjjM_5',#851,$,$,(#835),#850);
#853=IFCPROPERTYSINGLEVALUE('Mark',$,IFCLABEL('COL-D2-GF'),$);
#854=IFCPROPERTYSINGLEVALUE('ElementType',$,IFCLABEL('Column'),$);
#855=IFCPROPERTYSINGLEVALUE('GridRef',$,IFCLABEL('D2'),$);
#856=IFCPROPERTYSINGLEVALUE('Level',$,IFCLABEL('GF'),$);
#857=IFCCARTESIANPOINT((6.,18.,0.));
#858=IFCDIRECTION((0.,0.,1.));
#859=IFCDIRECTION((1.,0.,0.));
#860=IFCAXIS2PLACEMENT3D(#857,#858,#859);
#861=IFCLOCALPLACEMENT($,#860);
#862=IFCOWNERHISTORY(#3,#5,.READWRITE.,.MODIFIED.,1777764232,#3,#5,1777764232);
#863=IFCCOLUMN('3KOmxgwjj4uwKgiTqbR7bG',#862,'COL-D3-GF',$,$,#889,#876,$);
#869=IFCCARTESIANPOINT((0.,0.,0.));
#870=IFCDIRECTION((0.,0.,1.));
#871=IFCDIRECTION((1.,0.,0.));
#872=IFCAXIS2PLACEMENT3D(#869,#870,#871);
#873=IFCDIRECTION((0.,0.,1.));
#874=IFCEXTRUDEDAREASOLID(#467,#872,#873,3.5);
#875=IFCSHAPEREPRESENTATION(#13,'Body','SweptSolid',(#874));
#876=IFCPRODUCTDEFINITIONSHAPE($,$,(#875));
#877=IFCOWNERHISTORY(#3,#5,.READWRITE.,.ADDED.,1777764232,#3,#5,1777764232);
#878=IFCPROPERTYSET('3SWza$ah58h8NtI4m80YI7',#877,'Pset_ElementMark',$,(#881,#882,#883,#884));
#879=IFCOWNERHISTORY(#3,#5,.READWRITE.,.ADDED.,1777764232,#3,#5,1777764232);
#880=IFCRELDEFINESBYPROPERTIES('3jD4M4ajfAmAvV8YNUjWfz',#879,$,$,(#863),#878);
#881=IFCPROPERTYSINGLEVALUE('Mark',$,IFCLABEL('COL-D3-GF'),$);
#882=IFCPROPERTYSINGLEVALUE('ElementType',$,IFCLABEL('Column'),$);
#883=IFCPROPERTYSINGLEVALUE('GridRef',$,IFCLABEL('D3'),$);
#884=IFCPROPERTYSINGLEVALUE('Level',$,IFCLABEL('GF'),$);
#885=IFCCARTESIANPOINT((12.,18.,0.));
#886=IFCDIRECTION((0.,0.,1.));
#887=IFCDIRECTION((1.,0.,0.));
#888=IFCAXIS2PLACEMENT3D(#885,#886,#887);
#889=IFCLOCALPLACEMENT($,#888);
#890=IFCOWNERHISTORY(#3,#5,.READWRITE.,.MODIFIED.,1777764232,#3,#5,1777764232);
#891=IFCCOLUMN('3AET_x$L97$Bg7swvZEEw3',#890,'COL-D4-GF',$,$,#917,#904,$);
#897=IFCCARTESIANPOINT((0.,0.,0.));
#898=IFCDIRECTION((0.,0.,1.));
#899=IFCDIRECTION((1.,0.,0.));
#900=IFCAXIS2PLACEMENT3D(#897,#898,#899);
#901=IFCDIRECTION((0.,0.,1.));
#902=IFCEXTRUDEDAREASOLID(#467,#900,#901,3.5);
#903=IFCSHAPEREPRESENTATION(#13,'Body','SweptSolid',(#902));
#904=IFCPRODUCTDEFINITIONSHAPE($,$,(#903));
#905=IFCOWNERHISTORY(#3,#5,.READWRITE.,.ADDED.,1777764232,#3,#5,1777764232);
#906=IFCPROPERTYSET('0h$r8gcoT1c9m_nEN17WdM',#905,'Pset_ElementMark',$,(#909,#910,#911,#912));
#907=IFCOWNERHISTORY(#3,#5,.READWRITE.,.ADDED.,1777764232,#3,#5,1777764232);
#908=IFCRELDEFINESBYPROPERTIES('37BgPaKMD0ZQRB8eM10z0R',#907,$,$,(#891),#906);
#909=IFCPROPERTYSINGLEVALUE('Mark',$,IFCLABEL('COL-D4-GF'),$);
#910=IFCPROPERTYSINGLEVALUE('ElementType',$,IFCLABEL('Column'),$);
#911=IFCPROPERTYSINGLEVALUE('GridRef',$,IFCLABEL('D4'),$);
#912=IFCPROPERTYSINGLEVALUE('Level',$,IFCLABEL('GF'),$);
#913=IFCCARTESIANPOINT((18.,18.,0.));
#914=IFCDIRECTION((0.,0.,1.));
#915=IFCDIRECTION((1.,0.,0.));
#916=IFCAXIS2PLACEMENT3D(#913,#914,#915);
#917=IFCLOCALPLACEMENT($,#916);
#918=IFCOWNERHISTORY(#3,#5,.READWRITE.,.MODIFIED.,1777764232,#3,#5,1777764232);
#919=IFCCOLUMN('1FqokqwuP3Mg6phs6yeC5C',#918,'COL-A1-L1',$,$,#947,#932,$);
#925=IFCCARTESIANPOINT((0.,0.,0.));
#926=IFCDIRECTION((0.,0.,1.));
#927=IFCDIRECTION((1.,0.,0.));
#928=IFCAXIS2PLACEMENT3D(#925,#926,#927);
#929=IFCDIRECTION((0.,0.,1.));
#930=IFCEXTRUDEDAREASOLID(#467,#928,#929,3.5);
#931=IFCSHAPEREPRESENTATION(#13,'Body','SweptSolid',(#930));
#932=IFCPRODUCTDEFINITIONSHAPE($,$,(#931));
#933=IFCOWNERHISTORY(#3,#5,.READWRITE.,.ADDED.,1777764232,#3,#5,1777764232);
#934=IFCPROPERTYSET('22$NiYXsf9zOqjpCytzMSd',#933,'Pset_ElementMark',$,(#937,#938,#939,#940));
#935=IFCOWNERHISTORY(#3,#5,.READWRITE.,.ADDED.,1777764232,#3,#5,1777764232);
#936=IFCRELDEFINESBYPROPERTIES('2G2B2VOo52PemVsTrUnLeT',#935,$,$,(#919),#934);
#937=IFCPROPERTYSINGLEVALUE('Mark',$,IFCLABEL('COL-A1-L1'),$);
#938=IFCPROPERTYSINGLEVALUE('ElementType',$,IFCLABEL('Column'),$);
#939=IFCPROPERTYSINGLEVALUE('GridRef',$,IFCLABEL('A1'),$);
#940=IFCPROPERTYSINGLEVALUE('Level',$,IFCLABEL('L1'),$);
#941=IFCOWNERHISTORY(#3,#5,.READWRITE.,.MODIFIED.,1777764233,#3,#5,1777764232);
#942=IFCRELCONTAINEDINSPATIALSTRUCTURE('2QNmshUX97v87Hb0Rf77Be',#941,$,$,(#4173,#1257,#2716,#1061,#4089,#2520,#1173,#2632,#2828,#977,#1285,#3024,#4285,#2940,#3136,#2744,#1089,#1201,#1005,#1313,#4201,#4313,#3052,#4117,#2548,#2660,#2856,#2968,#919,#4229,#2772,#1117,#3080,#1229,#949,#1033,#1145,#4145,#2576,#4257,#2688,#2884,#2996,#3108,#2492,#1341,#2604,#2800,#2912),#27);
#943=IFCCARTESIANPOINT((0.,0.,3.5));
#944=IFCDIRECTION((0.,0.,1.));
#945=IFCDIRECTION((1.,0.,0.));
#946=IFCAXIS2PLACEMENT3D(#943,#944,#945);
#947=IFCLOCALPLACEMENT($,#946);
#948=IFCOWNERHISTORY(#3,#5,.READWRITE.,.MODIFIED.,1777764232,#3,#5,1777764232);
#949=IFCCOLUMN('12ZU5T$_XBXR6SiEV5eIMn',#948,'COL-A2-L1',$,$,#975,#962,$);
#955=IFCCARTESIANPOINT((0.,0.,0.));
#956=IFCDIRECTION((0.,0.,1.));
#957=IFCDIRECTION((1.,0.,0.));
#958=IFCAXIS2PLACEMENT3D(#955,#956,#957);
#959=IFCDIRECTION((0.,0.,1.));
#960=IFCEXTRUDEDAREASOLID(#467,#958,#959,3.5);
#961=IFCSHAPEREPRESENTATION(#13,'Body','SweptSolid',(#960));
#962=IFCPRODUCTDEFINITIONSHAPE($,$,(#961));
#963=IFCOWNERHISTORY(#3,#5,.READWRITE.,.ADDED.,1777764232,#3,#5,1777764232);
#964=IFCPROPERTYSET('3UOf1qiO934wLT3bIcZUbq',#963,'Pset_ElementMark',$,(#967,#968,#969,#970));
#965=IFCOWNERHISTORY(#3,#5,.READWRITE.,.ADDED.,1777764232,#3,#5,1777764232);
#966=IFCRELDEFINESBYPROPERTIES('2MJtU2yBv8fvv_bsrE4h3Z',#965,$,$,(#949),#964);
#967=IFCPROPERTYSINGLEVALUE('Mark',$,IFCLABEL('COL-A2-L1'),$);
#968=IFCPROPERTYSINGLEVALUE('ElementType',$,IFCLABEL('Column'),$);
#969=IFCPROPERTYSINGLEVALUE('GridRef',$,IFCLABEL('A2'),$);
#970=IFCPROPERTYSINGLEVALUE('Level',$,IFCLABEL('L1'),$);
#971=IFCCARTESIANPOINT((6.,0.,3.5));
#972=IFCDIRECTION((0.,0.,1.));
#973=IFCDIRECTION((1.,0.,0.));
#974=IFCAXIS2PLACEMENT3D(#971,#972,#973);
#975=IFCLOCALPLACEMENT($,#974);
#976=IFCOWNERHISTORY(#3,#5,.READWRITE.,.MODIFIED.,1777764232,#3,#5,1777764232);
#977=IFCCOLUMN('1HdHtbYGb0wuj9wSgWCX8O',#976,'COL-A3-L1',$,$,#1003,#990,$);
#983=IFCCARTESIANPOINT((0.,0.,0.));
#984=IFCDIRECTION((0.,0.,1.));
#985=IFCDIRECTION((1.,0.,0.));
#986=IFCAXIS2PLACEMENT3D(#983,#984,#985);
#987=IFCDIRECTION((0.,0.,1.));
#988=IFCEXTRUDEDAREASOLID(#467,#986,#987,3.5);
#989=IFCSHAPEREPRESENTATION(#13,'Body','SweptSolid',(#988));
#990=IFCPRODUCTDEFINITIONSHAPE($,$,(#989));
#991=IFCOWNERHISTORY(#3,#5,.READWRITE.,.ADDED.,1777764232,#3,#5,1777764232);
#992=IFCPROPERTYSET('32PIcHf197iuTlkQgC__wU',#991,'Pset_ElementMark',$,(#995,#996,#997,#998));
#993=IFCOWNERHISTORY(#3,#5,.READWRITE.,.ADDED.,1777764232,#3,#5,1777764232);
#994=IFCRELDEFINESBYPROPERTIES('3jWv_rFlPD4RJiPe9P_j1Z',#993,$,$,(#977),#992);
#995=IFCPROPERTYSINGLEVALUE('Mark',$,IFCLABEL('COL-A3-L1'),$);
#996=IFCPROPERTYSINGLEVALUE('ElementType',$,IFCLABEL('Column'),$);
#997=IFCPROPERTYSINGLEVALUE('GridRef',$,IFCLABEL('A3'),$);
#998=IFCPROPERTYSINGLEVALUE('Level',$,IFCLABEL('L1'),$);
#999=IFCCARTESIANPOINT((12.,0.,3.5));
#1000=IFCDIRECTION((0.,0.,1.));
#1001=IFCDIRECTION((1.,0.,0.));
#1002=IFCAXIS2PLACEMENT3D(#999,#1000,#1001);
#1003=IFCLOCALPLACEMENT($,#1002);
#1004=IFCOWNERHISTORY(#3,#5,.READWRITE.,.MODIFIED.,1777764232,#3,#5,1777764232);
#1005=IFCCOLUMN('08nJIsmdT0aR5_hflxm9mz',#1004,'COL-A4-L1',$,$,#1031,#1018,$);
#1011=IFCCARTESIANPOINT((0.,0.,0.));
#1012=IFCDIRECTION((0.,0.,1.));
#1013=IFCDIRECTION((1.,0.,0.));
#1014=IFCAXIS2PLACEMENT3D(#1011,#1012,#1013);
#1015=IFCDIRECTION((0.,0.,1.));
#1016=IFCEXTRUDEDAREASOLID(#467,#1014,#1015,3.5);
#1017=IFCSHAPEREPRESENTATION(#13,'Body','SweptSolid',(#1016));
#1018=IFCPRODUCTDEFINITIONSHAPE($,$,(#1017));
#1019=IFCOWNERHISTORY(#3,#5,.READWRITE.,.ADDED.,1777764232,#3,#5,1777764232);
#1020=IFCPROPERTYSET('3SCS6MMDH4lB9qvh_kfCM5',#1019,'Pset_ElementMark',$,(#1023,#1024,#1025,#1026));
#1021=IFCOWNERHISTORY(#3,#5,.READWRITE.,.ADDED.,1777764232,#3,#5,1777764232);
#1022=IFCRELDEFINESBYPROPERTIES('3y3bFiXkr4gBXJip$Q__Er',#1021,$,$,(#1005),#1020);
#1023=IFCPROPERTYSINGLEVALUE('Mark',$,IFCLABEL('COL-A4-L1'),$);
#1024=IFCPROPERTYSINGLEVALUE('ElementType',$,IFCLABEL('Column'),$);
#1025=IFCPROPERTYSINGLEVALUE('GridRef',$,IFCLABEL('A4'),$);
#1026=IFCPROPERTYSINGLEVALUE('Level',$,IFCLABEL('L1'),$);
#1027=IFCCARTESIANPOINT((18.,0.,3.5));
#1028=IFCDIRECTION((0.,0.,1.));
#1029=IFCDIRECTION((1.,0.,0.));
#1030=IFCAXIS2PLACEMENT3D(#1027,#1028,#1029);
#1031=IFCLOCALPLACEMENT($,#1030);
#1032=IFCOWNERHISTORY(#3,#5,.READWRITE.,.MODIFIED.,1777764232,#3,#5,1777764232);
#1033=IFCCOLUMN('0Tobkk6mn4dPj2jD8hK2k4',#1032,'COL-B1-L1',$,$,#1059,#1046,$);
#1039=IFCCARTESIANPOINT((0.,0.,0.));
#1040=IFCDIRECTION((0.,0.,1.));
#1041=IFCDIRECTION((1.,0.,0.));
#1042=IFCAXIS2PLACEMENT3D(#1039,#1040,#1041);
#1043=IFCDIRECTION((0.,0.,1.));
#1044=IFCEXTRUDEDAREASOLID(#467,#1042,#1043,3.5);
#1045=IFCSHAPEREPRESENTATION(#13,'Body','SweptSolid',(#1044));
#1046=IFCPRODUCTDEFINITIONSHAPE($,$,(#1045));
#1047=IFCOWNERHISTORY(#3,#5,.READWRITE.,.ADDED.,1777764232,#3,#5,1777764232);
#1048=IFCPROPERTYSET('3jcGPkDCrAsAV$oWvc1KuF',#1047,'Pset_ElementMark',$,(#1051,#1052,#1053,#1054));
#1049=IFCOWNERHISTORY(#3,#5,.READWRITE.,.ADDED.,1777764232,#3,#5,1777764232);
#1050=IFCRELDEFINESBYPROPERTIES('25ELEDVE5EmQaXkArl2$8Q',#1049,$,$,(#1033),#1048);
#1051=IFCPROPERTYSINGLEVALUE('Mark',$,IFCLABEL('COL-B1-L1'),$);
#1052=IFCPROPERTYSINGLEVALUE('ElementType',$,IFCLABEL('Column'),$);
#1053=IFCPROPERTYSINGLEVALUE('GridRef',$,IFCLABEL('B1'),$);
#1054=IFCPROPERTYSINGLEVALUE('Level',$,IFCLABEL('L1'),$);
#1055=IFCCARTESIANPOINT((0.,6.,3.5));
#1056=IFCDIRECTION((0.,0.,1.));
#1057=IFCDIRECTION((1.,0.,0.));
#1058=IFCAXIS2PLACEMENT3D(#1055,#1056,#1057);
#1059=IFCLOCALPLACEMENT($,#1058);
#1060=IFCOWNERHISTORY(#3,#5,.READWRITE.,.MODIFIED.,1777764232,#3,#5,1777764232);
#1061=IFCCOLUMN('2XiMtNJbP89QSsSU7F6k8T',#1060,'COL-B2-L1',$,$,#1087,#1074,$);
#1067=IFCCARTESIANPOINT((0.,0.,0.));
#1068=IFCDIRECTION((0.,0.,1.));
#1069=IFCDIRECTION((1.,0.,0.));
#1070=IFCAXIS2PLACEMENT3D(#1067,#1068,#1069);
#1071=IFCDIRECTION((0.,0.,1.));
#1072=IFCEXTRUDEDAREASOLID(#467,#1070,#1071,3.5);
#1073=IFCSHAPEREPRESENTATION(#13,'Body','SweptSolid',(#1072));
#1074=IFCPRODUCTDEFINITIONSHAPE($,$,(#1073));
#1075=IFCOWNERHISTORY(#3,#5,.READWRITE.,.ADDED.,1777764232,#3,#5,1777764232);
#1076=IFCPROPERTYSET('3dHAaZMe56efjABnBvwKcD',#1075,'Pset_ElementMark',$,(#1079,#1080,#1081,#1082));
#1077=IFCOWNERHISTORY(#3,#5,.READWRITE.,.ADDED.,1777764232,#3,#5,1777764232);
#1078=IFCRELDEFINESBYPROPERTIES('0ztDN02Jf5XBqEZwmbR2Bp',#1077,$,$,(#1061),#1076);
#1079=IFCPROPERTYSINGLEVALUE('Mark',$,IFCLABEL('COL-B2-L1'),$);
#1080=IFCPROPERTYSINGLEVALUE('ElementType',$,IFCLABEL('Column'),$);
#1081=IFCPROPERTYSINGLEVALUE('GridRef',$,IFCLABEL('B2'),$);
#1082=IFCPROPERTYSINGLEVALUE('Level',$,IFCLABEL('L1'),$);
#1083=IFCCARTESIANPOINT((6.,6.,3.5));
#1084=IFCDIRECTION((0.,0.,1.));
#1085=IFCDIRECTION((1.,0.,0.));
#1086=IFCAXIS2PLACEMENT3D(#1083,#1084,#1085);
#1087=IFCLOCALPLACEMENT($,#1086);
#1088=IFCOWNERHISTORY(#3,#5,.READWRITE.,.MODIFIED.,1777764232,#3,#5,1777764232);
#1089=IFCCOLUMN('3Rw9VNil91fx4OjyRNxqYX',#1088,'COL-B3-L1',$,$,#1115,#1102,$);
#1095=IFCCARTESIANPOINT((0.,0.,0.));
#1096=IFCDIRECTION((0.,0.,1.));
#1097=IFCDIRECTION((1.,0.,0.));
#1098=IFCAXIS2PLACEMENT3D(#1095,#1096,#1097);
#1099=IFCDIRECTION((0.,0.,1.));
#1100=IFCEXTRUDEDAREASOLID(#467,#1098,#1099,3.5);
#1101=IFCSHAPEREPRESENTATION(#13,'Body','SweptSolid',(#1100));
#1102=IFCPRODUCTDEFINITIONSHAPE($,$,(#1101));
#1103=IFCOWNERHISTORY(#3,#5,.READWRITE.,.ADDED.,1777764232,#3,#5,1777764232);
#1104=IFCPROPERTYSET('2FIrQKdrTFZAJC_VQjoDS3',#1103,'Pset_ElementMark',$,(#1107,#1108,#1109,#1110));
#1105=IFCOWNERHISTORY(#3,#5,.READWRITE.,.ADDED.,1777764232,#3,#5,1777764232);
#1106=IFCRELDEFINESBYPROPERTIES('012QSff3r9Y88TN8SFG6GE',#1105,$,$,(#1089),#1104);
#1107=IFCPROPERTYSINGLEVALUE('Mark',$,IFCLABEL('COL-B3-L1'),$);
#1108=IFCPROPERTYSINGLEVALUE('ElementType',$,IFCLABEL('Column'),$);
#1109=IFCPROPERTYSINGLEVALUE('GridRef',$,IFCLABEL('B3'),$);
#1110=IFCPROPERTYSINGLEVALUE('Level',$,IFCLABEL('L1'),$);
#1111=IFCCARTESIANPOINT((12.,6.,3.5));
#1112=IFCDIRECTION((0.,0.,1.));
#1113=IFCDIRECTION((1.,0.,0.));
#1114=IFCAXIS2PLACEMENT3D(#1111,#1112,#1113);
#1115=IFCLOCALPLACEMENT($,#1114);
#1116=IFCOWNERHISTORY(#3,#5,.READWRITE.,.MODIFIED.,1777764232,#3,#5,1777764232);
#1117=IFCCOLUMN('3kxDezZVn0Vhfu4kwbc8Ix',#1116,'COL-B4-L1',$,$,#1143,#1130,$);
#1123=IFCCARTESIANPOINT((0.,0.,0.));
#1124=IFCDIRECTION((0.,0.,1.));
#1125=IFCDIRECTION((1.,0.,0.));
#1126=IFCAXIS2PLACEMENT3D(#1123,#1124,#1125);
#1127=IFCDIRECTION((0.,0.,1.));
#1128=IFCEXTRUDEDAREASOLID(#467,#1126,#1127,3.5);
#1129=IFCSHAPEREPRESENTATION(#13,'Body','SweptSolid',(#1128));
#1130=IFCPRODUCTDEFINITIONSHAPE($,$,(#1129));
#1131=IFCOWNERHISTORY(#3,#5,.READWRITE.,.ADDED.,1777764232,#3,#5,1777764232);
#1132=IFCPROPERTYSET('3gdQghAwr4mR1TBBaSuyk_',#1131,'Pset_ElementMark',$,(#1135,#1136,#1137,#1138));
#1133=IFCOWNERHISTORY(#3,#5,.READWRITE.,.ADDED.,1777764232,#3,#5,1777764232);
#1134=IFCRELDEFINESBYPROPERTIES('2ajz5KWR17jfZ7t6_a3v0u',#1133,$,$,(#1117),#1132);
#1135=IFCPROPERTYSINGLEVALUE('Mark',$,IFCLABEL('COL-B4-L1'),$);
#1136=IFCPROPERTYSINGLEVALUE('ElementType',$,IFCLABEL('Column'),$);
#1137=IFCPROPERTYSINGLEVALUE('GridRef',$,IFCLABEL('B4'),$);
#1138=IFCPROPERTYSINGLEVALUE('Level',$,IFCLABEL('L1'),$);
#1139=IFCCARTESIANPOINT((18.,6.,3.5));
#1140=IFCDIRECTION((0.,0.,1.));
#1141=IFCDIRECTION((1.,0.,0.));
#1142=IFCAXIS2PLACEMENT3D(#1139,#1140,#1141);
#1143=IFCLOCALPLACEMENT($,#1142);
#1144=IFCOWNERHISTORY(#3,#5,.READWRITE.,.MODIFIED.,1777764232,#3,#5,1777764232);
#1145=IFCCOLUMN('2WGnLHFB1DiAfIm6C8IAVh',#1144,'COL-C1-L1',$,$,#1171,#1158,$);
#1151=IFCCARTESIANPOINT((0.,0.,0.));
#1152=IFCDIRECTION((0.,0.,1.));
#1153=IFCDIRECTION((1.,0.,0.));
#1154=IFCAXIS2PLACEMENT3D(#1151,#1152,#1153);
#1155=IFCDIRECTION((0.,0.,1.));
#1156=IFCEXTRUDEDAREASOLID(#467,#1154,#1155,3.5);
#1157=IFCSHAPEREPRESENTATION(#13,'Body','SweptSolid',(#1156));
#1158=IFCPRODUCTDEFINITIONSHAPE($,$,(#1157));
#1159=IFCOWNERHISTORY(#3,#5,.READWRITE.,.ADDED.,1777764232,#3,#5,1777764232);
#1160=IFCPROPERTYSET('0_JIqEfG52yxaX69ZwpWgD',#1159,'Pset_ElementMark',$,(#1163,#1164,#1165,#1166));
#1161=IFCOWNERHISTORY(#3,#5,.READWRITE.,.ADDED.,1777764232,#3,#5,1777764232);
#1162=IFCRELDEFINESBYPROPERTIES('1HAwEQwkjBzPFk7HfMZGW4',#1161,$,$,(#1145),#1160);
#1163=IFCPROPERTYSINGLEVALUE('Mark',$,IFCLABEL('COL-C1-L1'),$);
#1164=IFCPROPERTYSINGLEVALUE('ElementType',$,IFCLABEL('Column'),$);
#1165=IFCPROPERTYSINGLEVALUE('GridRef',$,IFCLABEL('C1'),$);
#1166=IFCPROPERTYSINGLEVALUE('Level',$,IFCLABEL('L1'),$);
#1167=IFCCARTESIANPOINT((0.,12.,3.5));
#1168=IFCDIRECTION((0.,0.,1.));
#1169=IFCDIRECTION((1.,0.,0.));
#1170=IFCAXIS2PLACEMENT3D(#1167,#1168,#1169);
#1171=IFCLOCALPLACEMENT($,#1170);
#1172=IFCOWNERHISTORY(#3,#5,.READWRITE.,.MODIFIED.,1777764232,#3,#5,1777764232);
#1173=IFCCOLUMN('0NOV56D4r4ewok5V45H5jM',#1172,'COL-C2-L1',$,$,#1199,#1186,$);
#1179=IFCCARTESIANPOINT((0.,0.,0.));
#1180=IFCDIRECTION((0.,0.,1.));
#1181=IFCDIRECTION((1.,0.,0.));
#1182=IFCAXIS2PLACEMENT3D(#1179,#1180,#1181);
#1183=IFCDIRECTION((0.,0.,1.));
#1184=IFCEXTRUDEDAREASOLID(#467,#1182,#1183,3.5);
#1185=IFCSHAPEREPRESENTATION(#13,'Body','SweptSolid',(#1184));
#1186=IFCPRODUCTDEFINITIONSHAPE($,$,(#1185));
#1187=IFCOWNERHISTORY(#3,#5,.READWRITE.,.ADDED.,1777764232,#3,#5,1777764232);
#1188=IFCPROPERTYSET('2fHa20ZkjEkhHRV4uuFdpe',#1187,'Pset_ElementMark',$,(#1191,#1192,#1193,#1194));
#1189=IFCOWNERHISTORY(#3,#5,.READWRITE.,.ADDED.,1777764232,#3,#5,1777764232);
#1190=IFCRELDEFINESBYPROPERTIES('07PUOFYtPCvuVdMVMhMlXE',#1189,$,$,(#1173),#1188);
#1191=IFCPROPERTYSINGLEVALUE('Mark',$,IFCLABEL('COL-C2-L1'),$);
#1192=IFCPROPERTYSINGLEVALUE('ElementType',$,IFCLABEL('Column'),$);
#1193=IFCPROPERTYSINGLEVALUE('GridRef',$,IFCLABEL('C2'),$);
#1194=IFCPROPERTYSINGLEVALUE('Level',$,IFCLABEL('L1'),$);
#1195=IFCCARTESIANPOINT((6.,12.,3.5));
#1196=IFCDIRECTION((0.,0.,1.));
#1197=IFCDIRECTION((1.,0.,0.));
#1198=IFCAXIS2PLACEMENT3D(#1195,#1196,#1197);
#1199=IFCLOCALPLACEMENT($,#1198);
#1200=IFCOWNERHISTORY(#3,#5,.READWRITE.,.MODIFIED.,1777764232,#3,#5,1777764232);
#1201=IFCCOLUMN('1c1CGk9yjBNejDHYnrM_UH',#1200,'COL-C3-L1',$,$,#1227,#1214,$);
#1207=IFCCARTESIANPOINT((0.,0.,0.));
#1208=IFCDIRECTION((0.,0.,1.));
#1209=IFCDIRECTION((1.,0.,0.));
#1210=IFCAXIS2PLACEMENT3D(#1207,#1208,#1209);
#1211=IFCDIRECTION((0.,0.,1.));
#1212=IFCEXTRUDEDAREASOLID(#467,#1210,#1211,3.5);
#1213=IFCSHAPEREPRESENTATION(#13,'Body','SweptSolid',(#1212));
#1214=IFCPRODUCTDEFINITIONSHAPE($,$,(#1213));
#1215=IFCOWNERHISTORY(#3,#5,.READWRITE.,.ADDED.,1777764232,#3,#5,1777764232);
#1216=IFCPROPERTYSET('1KLcerzF18WPagl$CdByso',#1215,'Pset_ElementMark',$,(#1219,#1220,#1221,#1222));
#1217=IFCOWNERHISTORY(#3,#5,.READWRITE.,.ADDED.,1777764232,#3,#5,1777764232);
#1218=IFCRELDEFINESBYPROPERTIES('3NdpvK3jP4CRh_KNlYs2X1',#1217,$,$,(#1201),#1216);
#1219=IFCPROPERTYSINGLEVALUE('Mark',$,IFCLABEL('COL-C3-L1'),$);
#1220=IFCPROPERTYSINGLEVALUE('ElementType',$,IFCLABEL('Column'),$);
#1221=IFCPROPERTYSINGLEVALUE('GridRef',$,IFCLABEL('C3'),$);
#1222=IFCPROPERTYSINGLEVALUE('Level',$,IFCLABEL('L1'),$);
#1223=IFCCARTESIANPOINT((12.,12.,3.5));
#1224=IFCDIRECTION((0.,0.,1.));
#1225=IFCDIRECTION((1.,0.,0.));
#1226=IFCAXIS2PLACEMENT3D(#1223,#1224,#1225);
#1227=IFCLOCALPLACEMENT($,#1226);
#1228=IFCOWNERHISTORY(#3,#5,.READWRITE.,.MODIFIED.,1777764232,#3,#5,1777764232);
#1229=IFCCOLUMN('1zd_F0Nd98YfQNWFrSenGR',#1228,'COL-C4-L1',$,$,#1255,#1242,$);
#1235=IFCCARTESIANPOINT((0.,0.,0.));
#1236=IFCDIRECTION((0.,0.,1.));
#1237=IFCDIRECTION((1.,0.,0.));
#1238=IFCAXIS2PLACEMENT3D(#1235,#1236,#1237);
#1239=IFCDIRECTION((0.,0.,1.));
#1240=IFCEXTRUDEDAREASOLID(#467,#1238,#1239,3.5);
#1241=IFCSHAPEREPRESENTATION(#13,'Body','SweptSolid',(#1240));
#1242=IFCPRODUCTDEFINITIONSHAPE($,$,(#1241));
#1243=IFCOWNERHISTORY(#3,#5,.READWRITE.,.ADDED.,1777764232,#3,#5,1777764232);
#1244=IFCPROPERTYSET('36OUQzUhb2lA2AbqnFGiMn',#1243,'Pset_ElementMark',$,(#1247,#1248,#1249,#1250));
#1245=IFCOWNERHISTORY(#3,#5,.READWRITE.,.ADDED.,1777764232,#3,#5,1777764232);
#1246=IFCRELDEFINESBYPROPERTIES('136bSMzk57iRxYgQ_dCrgL',#1245,$,$,(#1229),#1244);
#1247=IFCPROPERTYSINGLEVALUE('Mark',$,IFCLABEL('COL-C4-L1'),$);
#1248=IFCPROPERTYSINGLEVALUE('ElementType',$,IFCLABEL('Column'),$);
#1249=IFCPROPERTYSINGLEVALUE('GridRef',$,IFCLABEL('C4'),$);
#1250=IFCPROPERTYSINGLEVALUE('Level',$,IFCLABEL('L1'),$);
#1251=IFCCARTESIANPOINT((18.,12.,3.5));
#1252=IFCDIRECTION((0.,0.,1.));
#1253=IFCDIRECTION((1.,0.,0.));
#1254=IFCAXIS2PLACEMENT3D(#1251,#1252,#1253);
#1255=IFCLOCALPLACEMENT($,#1254);
#1256=IFCOWNERHISTORY(#3,#5,.READWRITE.,.MODIFIED.,1777764232,#3,#5,1777764232);
#1257=IFCCOLUMN('1G8hwZkar7LQ9OnTrcKfVy',#1256,'COL-D1-L1',$,$,#1283,#1270,$);
#1263=IFCCARTESIANPOINT((0.,0.,0.));
#1264=IFCDIRECTION((0.,0.,1.));
#1265=IFCDIRECTION((1.,0.,0.));
#1266=IFCAXIS2PLACEMENT3D(#1263,#1264,#1265);
#1267=IFCDIRECTION((0.,0.,1.));
#1268=IFCEXTRUDEDAREASOLID(#467,#1266,#1267,3.5);
#1269=IFCSHAPEREPRESENTATION(#13,'Body','SweptSolid',(#1268));
#1270=IFCPRODUCTDEFINITIONSHAPE($,$,(#1269));
#1271=IFCOWNERHISTORY(#3,#5,.READWRITE.,.ADDED.,1777764232,#3,#5,1777764232);
#1272=IFCPROPERTYSET('0Aar7J7f97BuTGMZMZsdSQ',#1271,'Pset_ElementMark',$,(#1275,#1276,#1277,#1278));
#1273=IFCOWNERHISTORY(#3,#5,.READWRITE.,.ADDED.,1777764232,#3,#5,1777764232);
#1274=IFCRELDEFINESBYPROPERTIES('0cXZT5ak16nP2srtQ$x89Q',#1273,$,$,(#1257),#1272);
#1275=IFCPROPERTYSINGLEVALUE('Mark',$,IFCLABEL('COL-D1-L1'),$);
#1276=IFCPROPERTYSINGLEVALUE('ElementType',$,IFCLABEL('Column'),$);
#1277=IFCPROPERTYSINGLEVALUE('GridRef',$,IFCLABEL('D1'),$);
#1278=IFCPROPERTYSINGLEVALUE('Level',$,IFCLABEL('L1'),$);
#1279=IFCCARTESIANPOINT((0.,18.,3.5));
#1280=IFCDIRECTION((0.,0.,1.));
#1281=IFCDIRECTION((1.,0.,0.));
#1282=IFCAXIS2PLACEMENT3D(#1279,#1280,#1281);
#1283=IFCLOCALPLACEMENT($,#1282);
#1284=IFCOWNERHISTORY(#3,#5,.READWRITE.,.MODIFIED.,1777764232,#3,#5,1777764232);
#1285=IFCCOLUMN('2D7qplEFn1QBpW2dY7F4DA',#1284,'COL-D2-L1',$,$,#1311,#1298,$);
#1291=IFCCARTESIANPOINT((0.,0.,0.));
#1292=IFCDIRECTION((0.,0.,1.));
#1293=IFCDIRECTION((1.,0.,0.));
#1294=IFCAXIS2PLACEMENT3D(#1291,#1292,#1293);
#1295=IFCDIRECTION((0.,0.,1.));
#1296=IFCEXTRUDEDAREASOLID(#467,#1294,#1295,3.5);
#1297=IFCSHAPEREPRESENTATION(#13,'Body','SweptSolid',(#1296));
#1298=IFCPRODUCTDEFINITIONSHAPE($,$,(#1297));
#1299=IFCOWNERHISTORY(#3,#5,.READWRITE.,.ADDED.,1777764232,#3,#5,1777764232);
#1300=IFCPROPERTYSET('2JMxI3nNrFeBkk8nyAm59H',#1299,'Pset_ElementMark',$,(#1303,#1304,#1305,#1306));
#1301=IFCOWNERHISTORY(#3,#5,.READWRITE.,.ADDED.,1777764232,#3,#5,1777764232);
#1302=IFCRELDEFINESBYPROPERTIES('2xMIrAQCr0mRCqMnKWdEYp',#1301,$,$,(#1285),#1300);
#1303=IFCPROPERTYSINGLEVALUE('Mark',$,IFCLABEL('COL-D2-L1'),$);
#1304=IFCPROPERTYSINGLEVALUE('ElementType',$,IFCLABEL('Column'),$);
#1305=IFCPROPERTYSINGLEVALUE('GridRef',$,IFCLABEL('D2'),$);
#1306=IFCPROPERTYSINGLEVALUE('Level',$,IFCLABEL('L1'),$);
#1307=IFCCARTESIANPOINT((6.,18.,3.5));
#1308=IFCDIRECTION((0.,0.,1.));
#1309=IFCDIRECTION((1.,0.,0.));
#1310=IFCAXIS2PLACEMENT3D(#1307,#1308,#1309);
#1311=IFCLOCALPLACEMENT($,#1310);
#1312=IFCOWNERHISTORY(#3,#5,.READWRITE.,.MODIFIED.,1777764232,#3,#5,1777764232);
#1313=IFCCOLUMN('1R_O0Z5IjClOveRwhcAB0H',#1312,'COL-D3-L1',$,$,#1339,#1326,$);
#1319=IFCCARTESIANPOINT((0.,0.,0.));
#1320=IFCDIRECTION((0.,0.,1.));
#1321=IFCDIRECTION((1.,0.,0.));
#1322=IFCAXIS2PLACEMENT3D(#1319,#1320,#1321);
#1323=IFCDIRECTION((0.,0.,1.));
#1324=IFCEXTRUDEDAREASOLID(#467,#1322,#1323,3.5);
#1325=IFCSHAPEREPRESENTATION(#13,'Body','SweptSolid',(#1324));
#1326=IFCPRODUCTDEFINITIONSHAPE($,$,(#1325));
#1327=IFCOWNERHISTORY(#3,#5,.READWRITE.,.ADDED.,1777764232,#3,#5,1777764232);
#1328=IFCPROPERTYSET('2LfBm5B9H3exlI8wuk7ofh',#1327,'Pset_ElementMark',$,(#1331,#1332,#1333,#1334));
#1329=IFCOWNERHISTORY(#3,#5,.READWRITE.,.ADDED.,1777764232,#3,#5,1777764232);
#1330=IFCRELDEFINESBYPROPERTIES('3oS$pg98n3wQA$7KJmoawB',#1329,$,$,(#1313),#1328);
#1331=IFCPROPERTYSINGLEVALUE('Mark',$,IFCLABEL('COL-D3-L1'),$);
#1332=IFCPROPERTYSINGLEVALUE('ElementType',$,IFCLABEL('Column'),$);
#1333=IFCPROPERTYSINGLEVALUE('GridRef',$,IFCLABEL('D3'),$);
#1334=IFCPROPERTYSINGLEVALUE('Level',$,IFCLABEL('L1'),$);
#1335=IFCCARTESIANPOINT((12.,18.,3.5));
#1336=IFCDIRECTION((0.,0.,1.));
#1337=IFCDIRECTION((1.,0.,0.));
#1338=IFCAXIS2PLACEMENT3D(#1335,#1336,#1337);
#1339=IFCLOCALPLACEMENT($,#1338);
#1340=IFCOWNERHISTORY(#3,#5,.READWRITE.,.MODIFIED.,1777764232,#3,#5,1777764232);
#1341=IFCCOLUMN('3lt1pAmdX3aRjVJI5xV1YX',#1340,'COL-D4-L1',$,$,#1367,#1354,$);
#1347=IFCCARTESIANPOINT((0.,0.,0.));
#1348=IFCDIRECTION((0.,0.,1.));
#1349=IFCDIRECTION((1.,0.,0.));
#1350=IFCAXIS2PLACEMENT3D(#1347,#1348,#1349);
#1351=IFCDIRECTION((0.,0.,1.));
#1352=IFCEXTRUDEDAREASOLID(#467,#1350,#1351,3.5);
#1353=IFCSHAPEREPRESENTATION(#13,'Body','SweptSolid',(#1352));
#1354=IFCPRODUCTDEFINITIONSHAPE($,$,(#1353));
#1355=IFCOWNERHISTORY(#3,#5,.READWRITE.,.ADDED.,1777764232,#3,#5,1777764232);
#1356=IFCPROPERTYSET('2VQ2tGljX59PwULHZt69sU',#1355,'Pset_ElementMark',$,(#1359,#1360,#1361,#1362));
#1357=IFCOWNERHISTORY(#3,#5,.READWRITE.,.ADDED.,1777764232,#3,#5,1777764232);
#1358=IFCRELDEFINESBYPROPERTIES('1wc756Z5b6B8JCBcLeKbNO',#1357,$,$,(#1341),#1356);
#1359=IFCPROPERTYSINGLEVALUE('Mark',$,IFCLABEL('COL-D4-L1'),$);
#1360=IFCPROPERTYSINGLEVALUE('ElementType',$,IFCLABEL('Column'),$);
#1361=IFCPROPERTYSINGLEVALUE('GridRef',$,IFCLABEL('D4'),$);
#1362=IFCPROPERTYSINGLEVALUE('Level',$,IFCLABEL('L1'),$);
#1363=IFCCARTESIANPOINT((18.,18.,3.5));
#1364=IFCDIRECTION((0.,0.,1.));
#1365=IFCDIRECTION((1.,0.,0.));
#1366=IFCAXIS2PLACEMENT3D(#1363,#1364,#1365);
#1367=IFCLOCALPLACEMENT($,#1366);
#1368=IFCOWNERHISTORY(#3,#5,.READWRITE.,.MODIFIED.,1777764232,#3,#5,1777764232);
#1369=IFCCOLUMN('2ebxfRwyzEe9owbEKSEP_$',#1368,'COL-A1-L2',$,$,#1397,#1382,$);
#1375=IFCCARTESIANPOINT((0.,0.,0.));
#1376=IFCDIRECTION((0.,0.,1.));
#1377=IFCDIRECTION((1.,0.,0.));
#1378=IFCAXIS2PLACEMENT3D(#1375,#1376,#1377);
#1379=IFCDIRECTION((0.,0.,1.));
#1380=IFCEXTRUDEDAREASOLID(#467,#1378,#1379,3.5);
#1381=IFCSHAPEREPRESENTATION(#13,'Body','SweptSolid',(#1380));
#1382=IFCPRODUCTDEFINITIONSHAPE($,$,(#1381));
#1383=IFCOWNERHISTORY(#3,#5,.READWRITE.,.ADDED.,1777764232,#3,#5,1777764232);
#1384=IFCPROPERTYSET('3oQwN7ZoL53fuzx9z_YTdE',#1383,'Pset_ElementMark',$,(#1387,#1388,#1389,#1390));
#1385=IFCOWNERHISTORY(#3,#5,.READWRITE.,.ADDED.,1777764232,#3,#5,1777764232);
#1386=IFCRELDEFINESBYPROPERTIES('2gB7KVsK59Xg8QNMfOxNUj',#1385,$,$,(#1369),#1384);
#1387=IFCPROPERTYSINGLEVALUE('Mark',$,IFCLABEL('COL-A1-L2'),$);
#1388=IFCPROPERTYSINGLEVALUE('ElementType',$,IFCLABEL('Column'),$);
#1389=IFCPROPERTYSINGLEVALUE('GridRef',$,IFCLABEL('A1'),$);
#1390=IFCPROPERTYSINGLEVALUE('Level',$,IFCLABEL('L2'),$);
#1391=IFCOWNERHISTORY(#3,#5,.READWRITE.,.MODIFIED.,1777764233,#3,#5,1777764232);
#1392=IFCRELCONTAINEDINSPATIALSTRUCTURE('2PkdeS7Uz9QeS4AR0dk8Xi',#1391,$,$,(#3500,#3808,#4761,#4369,#3612,#4565,#3724,#3220,#3416,#3528,#1567,#1369,#4677,#4481,#4593,#4789,#3332,#3444,#3640,#4397,#3752,#4705,#1483,#1679,#3248,#1791,#3556,#1595,#4509,#4621,#4817,#3164,#3360,#3472,#3668,#4425,#3780,#1399,#4537,#1511,#1707,#3276,#3388,#3584,#4733,#1427,#1623,#1735,#4341,#4649,#3192,#4453,#3696,#1539,#3304,#1455,#1651,#1763),#29);
#1393=IFCCARTESIANPOINT((0.,0.,7.));
#1394=IFCDIRECTION((0.,0.,1.));
#1395=IFCDIRECTION((1.,0.,0.));
#1396=IFCAXIS2PLACEMENT3D(#1393,#1394,#1395);
#1397=IFCLOCALPLACEMENT($,#1396);
#1398=IFCOWNERHISTORY(#3,#5,.READWRITE.,.MODIFIED.,1777764232,#3,#5,1777764232);
#1399=IFCCOLUMN('1pMhvd_tn2PBZS3uQSf$gd',#1398,'COL-A2-L2',$,$,#1425,#1412,$);
#1405=IFCCARTESIANPOINT((0.,0.,0.));
#1406=IFCDIRECTION((0.,0.,1.));
#1407=IFCDIRECTION((1.,0.,0.));
#1408=IFCAXIS2PLACEMENT3D(#1405,#1406,#1407);
#1409=IFCDIRECTION((0.,0.,1.));
#1410=IFCEXTRUDEDAREASOLID(#467,#1408,#1409,3.5);
#1411=IFCSHAPEREPRESENTATION(#13,'Body','SweptSolid',(#1410));
#1412=IFCPRODUCTDEFINITIONSHAPE($,$,(#1411));
#1413=IFCOWNERHISTORY(#3,#5,.READWRITE.,.ADDED.,1777764232,#3,#5,1777764232);
#1414=IFCPROPERTYSET('1VWSMv_nTBLhQp8u$xlTBp',#1413,'Pset_ElementMark',$,(#1417,#1418,#1419,#1420));
#1415=IFCOWNERHISTORY(#3,#5,.READWRITE.,.ADDED.,1777764232,#3,#5,1777764232);
#1416=IFCRELDEFINESBYPROPERTIES('1B9WtnMdD3aQmPAOLlSM_H',#1415,$,$,(#1399),#1414);
#1417=IFCPROPERTYSINGLEVALUE('Mark',$,IFCLABEL('COL-A2-L2'),$);
#1418=IFCPROPERTYSINGLEVALUE('ElementType',$,IFCLABEL('Column'),$);
#1419=IFCPROPERTYSINGLEVALUE('GridRef',$,IFCLABEL('A2'),$);
#1420=IFCPROPERTYSINGLEVALUE('Level',$,IFCLABEL('L2'),$);
#1421=IFCCARTESIANPOINT((6.,0.,7.));
#1422=IFCDIRECTION((0.,0.,1.));
#1423=IFCDIRECTION((1.,0.,0.));
#1424=IFCAXIS2PLACEMENT3D(#1421,#1422,#1423);
#1425=IFCLOCALPLACEMENT($,#1424);
#1426=IFCOWNERHISTORY(#3,#5,.READWRITE.,.MODIFIED.,1777764232,#3,#5,1777764232);
#1427=IFCCOLUMN('3HvCTENQj6COqxPQeySJVN',#1426,'COL-A3-L2',$,$,#1453,#1440,$);
#1433=IFCCARTESIANPOINT((0.,0.,0.));
#1434=IFCDIRECTION((0.,0.,1.));
#1435=IFCDIRECTION((1.,0.,0.));
#1436=IFCAXIS2PLACEMENT3D(#1433,#1434,#1435);
#1437=IFCDIRECTION((0.,0.,1.));
#1438=IFCEXTRUDEDAREASOLID(#467,#1436,#1437,3.5);
#1439=IFCSHAPEREPRESENTATION(#13,'Body','SweptSolid',(#1438));
#1440=IFCPRODUCTDEFINITIONSHAPE($,$,(#1439));
#1441=IFCOWNERHISTORY(#3,#5,.READWRITE.,.ADDED.,1777764232,#3,#5,1777764232);
#1442=IFCPROPERTYSET('0adoGTvd97KedQehcf4IEE',#1441,'Pset_ElementMark',$,(#1445,#1446,#1447,#1448));
#1443=IFCOWNERHISTORY(#3,#5,.READWRITE.,.ADDED.,1777764232,#3,#5,1777764232);
#1444=IFCRELDEFINESBYPROPERTIES('317Nk18bn2mxonXG86Gi0U',#1443,$,$,(#1427),#1442);
#1445=IFCPROPERTYSINGLEVALUE('Mark',$,IFCLABEL('COL-A3-L2'),$);
#1446=IFCPROPERTYSINGLEVALUE('ElementType',$,IFCLABEL('Column'),$);
#1447=IFCPROPERTYSINGLEVALUE('GridRef',$,IFCLABEL('A3'),$);
#1448=IFCPROPERTYSINGLEVALUE('Level',$,IFCLABEL('L2'),$);
#1449=IFCCARTESIANPOINT((12.,0.,7.));
#1450=IFCDIRECTION((0.,0.,1.));
#1451=IFCDIRECTION((1.,0.,0.));
#1452=IFCAXIS2PLACEMENT3D(#1449,#1450,#1451);
#1453=IFCLOCALPLACEMENT($,#1452);
#1454=IFCOWNERHISTORY(#3,#5,.READWRITE.,.MODIFIED.,1777764232,#3,#5,1777764232);
#1455=IFCCOLUMN('32YQKVdfb539s8OUYZpuOf',#1454,'COL-A4-L2',$,$,#1481,#1468,$);
#1461=IFCCARTESIANPOINT((0.,0.,0.));
#1462=IFCDIRECTION((0.,0.,1.));
#1463=IFCDIRECTION((1.,0.,0.));
#1464=IFCAXIS2PLACEMENT3D(#1461,#1462,#1463);
#1465=IFCDIRECTION((0.,0.,1.));
#1466=IFCEXTRUDEDAREASOLID(#467,#1464,#1465,3.5);
#1467=IFCSHAPEREPRESENTATION(#13,'Body','SweptSolid',(#1466));
#1468=IFCPRODUCTDEFINITIONSHAPE($,$,(#1467));
#1469=IFCOWNERHISTORY(#3,#5,.READWRITE.,.ADDED.,1777764232,#3,#5,1777764232);
#1470=IFCPROPERTYSET('0QSR2kVoPBx8hEKViOwaj8',#1469,'Pset_ElementMark',$,(#1473,#1474,#1475,#1476));
#1471=IFCOWNERHISTORY(#3,#5,.READWRITE.,.ADDED.,1777764232,#3,#5,1777764232);
#1472=IFCRELDEFINESBYPROPERTIES('3Vfk61KEb2g9tIZRLy_Taa',#1471,$,$,(#1455),#1470);
#1473=IFCPROPERTYSINGLEVALUE('Mark',$,IFCLABEL('COL-A4-L2'),$);
#1474=IFCPROPERTYSINGLEVALUE('ElementType',$,IFCLABEL('Column'),$);
#1475=IFCPROPERTYSINGLEVALUE('GridRef',$,IFCLABEL('A4'),$);
#1476=IFCPROPERTYSINGLEVALUE('Level',$,IFCLABEL('L2'),$);
#1477=IFCCARTESIANPOINT((18.,0.,7.));
#1478=IFCDIRECTION((0.,0.,1.));
#1479=IFCDIRECTION((1.,0.,0.));
#1480=IFCAXIS2PLACEMENT3D(#1477,#1478,#1479);
#1481=IFCLOCALPLACEMENT($,#1480);
#1482=IFCOWNERHISTORY(#3,#5,.READWRITE.,.MODIFIED.,1777764232,#3,#5,1777764232);
#1483=IFCCOLUMN('0IUf6QXgnDRfWUyuo6x$o_',#1482,'COL-B1-L2',$,$,#1509,#1496,$);
#1489=IFCCARTESIANPOINT((0.,0.,0.));
#1490=IFCDIRECTION((0.,0.,1.));
#1491=IFCDIRECTION((1.,0.,0.));
#1492=IFCAXIS2PLACEMENT3D(#1489,#1490,#1491);
#1493=IFCDIRECTION((0.,0.,1.));
#1494=IFCEXTRUDEDAREASOLID(#467,#1492,#1493,3.5);
#1495=IFCSHAPEREPRESENTATION(#13,'Body','SweptSolid',(#1494));
#1496=IFCPRODUCTDEFINITIONSHAPE($,$,(#1495));
#1497=IFCOWNERHISTORY(#3,#5,.READWRITE.,.ADDED.,1777764232,#3,#5,1777764232);
#1498=IFCPROPERTYSET('25zliAtDP7kBDCqNG9rd83',#1497,'Pset_ElementMark',$,(#1501,#1502,#1503,#1504));
#1499=IFCOWNERHISTORY(#3,#5,.READWRITE.,.ADDED.,1777764232,#3,#5,1777764232);
#1500=IFCRELDEFINESBYPROPERTIES('0fNH$bfM1D3e6mpZgjBiEU',#1499,$,$,(#1483),#1498);
#1501=IFCPROPERTYSINGLEVALUE('Mark',$,IFCLABEL('COL-B1-L2'),$);
#1502=IFCPROPERTYSINGLEVALUE('ElementType',$,IFCLABEL('Column'),$);
#1503=IFCPROPERTYSINGLEVALUE('GridRef',$,IFCLABEL('B1'),$);
#1504=IFCPROPERTYSINGLEVALUE('Level',$,IFCLABEL('L2'),$);
#1505=IFCCARTESIANPOINT((0.,6.,7.));
#1506=IFCDIRECTION((0.,0.,1.));
#1507=IFCDIRECTION((1.,0.,0.));
#1508=IFCAXIS2PLACEMENT3D(#1505,#1506,#1507);
#1509=IFCLOCALPLACEMENT($,#1508);
#1510=IFCOWNERHISTORY(#3,#5,.READWRITE.,.MODIFIED.,1777764232,#3,#5,1777764232);
#1511=IFCCOLUMN('3PVA6hOwb5j8klELpYvJya',#1510,'COL-B2-L2',$,$,#1537,#1524,$);
#1517=IFCCARTESIANPOINT((0.,0.,0.));
#1518=IFCDIRECTION((0.,0.,1.));
#1519=IFCDIRECTION((1.,0.,0.));
#1520=IFCAXIS2PLACEMENT3D(#1517,#1518,#1519);
#1521=IFCDIRECTION((0.,0.,1.));
#1522=IFCEXTRUDEDAREASOLID(#467,#1520,#1521,3.5);
#1523=IFCSHAPEREPRESENTATION(#13,'Body','SweptSolid',(#1522));
#1524=IFCPRODUCTDEFINITIONSHAPE($,$,(#1523));
#1525=IFCOWNERHISTORY(#3,#5,.READWRITE.,.ADDED.,1777764232,#3,#5,1777764232);
#1526=IFCPROPERTYSET('2y4K4tgNz6g9fEqruTtIvZ',#1525,'Pset_ElementMark',$,(#1529,#1530,#1531,#1532));
#1527=IFCOWNERHISTORY(#3,#5,.READWRITE.,.ADDED.,1777764232,#3,#5,1777764232);
#1528=IFCRELDEFINESBYPROPERTIES('1$vKBdvo5F6Pnek0l8XOqr',#1527,$,$,(#1511),#1526);
#1529=IFCPROPERTYSINGLEVALUE('Mark',$,IFCLABEL('COL-B2-L2'),$);
#1530=IFCPROPERTYSINGLEVALUE('ElementType',$,IFCLABEL('Column'),$);
#1531=IFCPROPERTYSINGLEVALUE('GridRef',$,IFCLABEL('B2'),$);
#1532=IFCPROPERTYSINGLEVALUE('Level',$,IFCLABEL('L2'),$);
#1533=IFCCARTESIANPOINT((6.,6.,7.));
#1534=IFCDIRECTION((0.,0.,1.));
#1535=IFCDIRECTION((1.,0.,0.));
#1536=IFCAXIS2PLACEMENT3D(#1533,#1534,#1535);
#1537=IFCLOCALPLACEMENT($,#1536);
#1538=IFCOWNERHISTORY(#3,#5,.READWRITE.,.MODIFIED.,1777764232,#3,#5,1777764232);
#1539=IFCCOLUMN('24TwTcwpr7gBsAWvOH8hC5',#1538,'COL-B3-L2',$,$,#1565,#1552,$);
#1545=IFCCARTESIANPOINT((0.,0.,0.));
#1546=IFCDIRECTION((0.,0.,1.));
#1547=IFCDIRECTION((1.,0.,0.));
#1548=IFCAXIS2PLACEMENT3D(#1545,#1546,#1547);
#1549=IFCDIRECTION((0.,0.,1.));
#1550=IFCEXTRUDEDAREASOLID(#467,#1548,#1549,3.5);
#1551=IFCSHAPEREPRESENTATION(#13,'Body','SweptSolid',(#1550));
#1552=IFCPRODUCTDEFINITIONSHAPE($,$,(#1551));
#1553=IFCOWNERHISTORY(#3,#5,.READWRITE.,.ADDED.,1777764232,#3,#5,1777764232);
#1554=IFCPROPERTYSET('2nAjDdRN54D8JipszI$aTZ',#1553,'Pset_ElementMark',$,(#1557,#1558,#1559,#1560));
#1555=IFCOWNERHISTORY(#3,#5,.READWRITE.,.ADDED.,1777764232,#3,#5,1777764232);
#1556=IFCRELDEFINESBYPROPERTIES('2RiEZ6BT9A2hhkpUcIfg0g',#1555,$,$,(#1539),#1554);
#1557=IFCPROPERTYSINGLEVALUE('Mark',$,IFCLABEL('COL-B3-L2'),$);
#1558=IFCPROPERTYSINGLEVALUE('ElementType',$,IFCLABEL('Column'),$);
#1559=IFCPROPERTYSINGLEVALUE('GridRef',$,IFCLABEL('B3'),$);
#1560=IFCPROPERTYSINGLEVALUE('Level',$,IFCLABEL('L2'),$);
#1561=IFCCARTESIANPOINT((12.,6.,7.));
#1562=IFCDIRECTION((0.,0.,1.));
#1563=IFCDIRECTION((1.,0.,0.));
#1564=IFCAXIS2PLACEMENT3D(#1561,#1562,#1563);
#1565=IFCLOCALPLACEMENT($,#1564);
#1566=IFCOWNERHISTORY(#3,#5,.READWRITE.,.MODIFIED.,1777764232,#3,#5,1777764232);
#1567=IFCCOLUMN('0fMjyk3DD6I9nbEMCObdHB',#1566,'COL-B4-L2',$,$,#1593,#1580,$);
#1573=IFCCARTESIANPOINT((0.,0.,0.));
#1574=IFCDIRECTION((0.,0.,1.));
#1575=IFCDIRECTION((1.,0.,0.));
#1576=IFCAXIS2PLACEMENT3D(#1573,#1574,#1575);
#1577=IFCDIRECTION((0.,0.,1.));
#1578=IFCEXTRUDEDAREASOLID(#467,#1576,#1577,3.5);
#1579=IFCSHAPEREPRESENTATION(#13,'Body','SweptSolid',(#1578));
#1580=IFCPRODUCTDEFINITIONSHAPE($,$,(#1579));
#1581=IFCOWNERHISTORY(#3,#5,.READWRITE.,.ADDED.,1777764232,#3,#5,1777764232);
#1582=IFCPROPERTYSET('1kdYwH_3b9n8P6v9Qqy2lx',#1581,'Pset_ElementMark',$,(#1585,#1586,#1587,#1588));
#1583=IFCOWNERHISTORY(#3,#5,.READWRITE.,.ADDED.,1777764232,#3,#5,1777764232);
#1584=IFCRELDEFINESBYPROPERTIES('3BspQZt5bBlftA9$Vfpkem',#1583,$,$,(#1567),#1582);
#1585=IFCPROPERTYSINGLEVALUE('Mark',$,IFCLABEL('COL-B4-L2'),$);
#1586=IFCPROPERTYSINGLEVALUE('ElementType',$,IFCLABEL('Column'),$);
#1587=IFCPROPERTYSINGLEVALUE('GridRef',$,IFCLABEL('B4'),$);
#1588=IFCPROPERTYSINGLEVALUE('Level',$,IFCLABEL('L2'),$);
#1589=IFCCARTESIANPOINT((18.,6.,7.));
#1590=IFCDIRECTION((0.,0.,1.));
#1591=IFCDIRECTION((1.,0.,0.));
#1592=IFCAXIS2PLACEMENT3D(#1589,#1590,#1591);
#1593=IFCLOCALPLACEMENT($,#1592);
#1594=IFCOWNERHISTORY(#3,#5,.READWRITE.,.MODIFIED.,1777764232,#3,#5,1777764232);
#1595=IFCCOLUMN('2L4juG1$D7ZPhEByAR3r33',#1594,'COL-C1-L2',$,$,#1621,#1608,$);
#1601=IFCCARTESIANPOINT((0.,0.,0.));
#1602=IFCDIRECTION((0.,0.,1.));
#1603=IFCDIRECTION((1.,0.,0.));
#1604=IFCAXIS2PLACEMENT3D(#1601,#1602,#1603);
#1605=IFCDIRECTION((0.,0.,1.));
#1606=IFCEXTRUDEDAREASOLID(#467,#1604,#1605,3.5);
#1607=IFCSHAPEREPRESENTATION(#13,'Body','SweptSolid',(#1606));
#1608=IFCPRODUCTDEFINITIONSHAPE($,$,(#1607));
#1609=IFCOWNERHISTORY(#3,#5,.READWRITE.,.ADDED.,1777764232,#3,#5,1777764232);
#1610=IFCPROPERTYSET('1$DWi9Rir1Bg03eZA_Ewrw',#1609,'Pset_ElementMark',$,(#1613,#1614,#1615,#1616));
#1611=IFCOWNERHISTORY(#3,#5,.READWRITE.,.ADDED.,1777764232,#3,#5,1777764232);
#1612=IFCRELDEFINESBYPROPERTIES('0XY3ubJq1AfQVsZzW4lf0H',#1611,$,$,(#1595),#1610);
#1613=IFCPROPERTYSINGLEVALUE('Mark',$,IFCLABEL('COL-C1-L2'),$);
#1614=IFCPROPERTYSINGLEVALUE('ElementType',$,IFCLABEL('Column'),$);
#1615=IFCPROPERTYSINGLEVALUE('GridRef',$,IFCLABEL('C1'),$);
#1616=IFCPROPERTYSINGLEVALUE('Level',$,IFCLABEL('L2'),$);
#1617=IFCCARTESIANPOINT((0.,12.,7.));
#1618=IFCDIRECTION((0.,0.,1.));
#1619=IFCDIRECTION((1.,0.,0.));
#1620=IFCAXIS2PLACEMENT3D(#1617,#1618,#1619);
#1621=IFCLOCALPLACEMENT($,#1620);
#1622=IFCOWNERHISTORY(#3,#5,.READWRITE.,.MODIFIED.,1777764232,#3,#5,1777764232);
#1623=IFCCOLUMN('3sCyKro0jDXwgljleH7AYR',#1622,'COL-C2-L2',$,$,#1649,#1636,$);
#1629=IFCCARTESIANPOINT((0.,0.,0.));
#1630=IFCDIRECTION((0.,0.,1.));
#1631=IFCDIRECTION((1.,0.,0.));
#1632=IFCAXIS2PLACEMENT3D(#1629,#1630,#1631);
#1633=IFCDIRECTION((0.,0.,1.));
#1634=IFCEXTRUDEDAREASOLID(#467,#1632,#1633,3.5);
#1635=IFCSHAPEREPRESENTATION(#13,'Body','SweptSolid',(#1634));
#1636=IFCPRODUCTDEFINITIONSHAPE($,$,(#1635));
#1637=IFCOWNERHISTORY(#3,#5,.READWRITE.,.ADDED.,1777764232,#3,#5,1777764232);
#1638=IFCPROPERTYSET('0VKVwtb2r9feexHlfQkl$G',#1637,'Pset_ElementMark',$,(#1641,#1642,#1643,#1644));
#1639=IFCOWNERHISTORY(#3,#5,.READWRITE.,.ADDED.,1777764232,#3,#5,1777764232);
#1640=IFCRELDEFINESBYPROPERTIES('1znXeLxSLCBPfdxJepuzaV',#1639,$,$,(#1623),#1638);
#1641=IFCPROPERTYSINGLEVALUE('Mark',$,IFCLABEL('COL-C2-L2'),$);
#1642=IFCPROPERTYSINGLEVALUE('ElementType',$,IFCLABEL('Column'),$);
#1643=IFCPROPERTYSINGLEVALUE('GridRef',$,IFCLABEL('C2'),$);
#1644=IFCPROPERTYSINGLEVALUE('Level',$,IFCLABEL('L2'),$);
#1645=IFCCARTESIANPOINT((6.,12.,7.));
#1646=IFCDIRECTION((0.,0.,1.));
#1647=IFCDIRECTION((1.,0.,0.));
#1648=IFCAXIS2PLACEMENT3D(#1645,#1646,#1647);
#1649=IFCLOCALPLACEMENT($,#1648);
#1650=IFCOWNERHISTORY(#3,#5,.READWRITE.,.MODIFIED.,1777764232,#3,#5,1777764232);
#1651=IFCCOLUMN('3JHjoxbIjBPxF9NYQUPcOY',#1650,'COL-C3-L2',$,$,#1677,#1664,$);
#1657=IFCCARTESIANPOINT((0.,0.,0.));
#1658=IFCDIRECTION((0.,0.,1.));
#1659=IFCDIRECTION((1.,0.,0.));
#1660=IFCAXIS2PLACEMENT3D(#1657,#1658,#1659);
#1661=IFCDIRECTION((0.,0.,1.));
#1662=IFCEXTRUDEDAREASOLID(#467,#1660,#1661,3.5);
#1663=IFCSHAPEREPRESENTATION(#13,'Body','SweptSolid',(#1662));
#1664=IFCPRODUCTDEFINITIONSHAPE($,$,(#1663));
#1665=IFCOWNERHISTORY(#3,#5,.READWRITE.,.ADDED.,1777764232,#3,#5,1777764232);
#1666=IFCPROPERTYSET('3_AB9qPcXF7foIrvJU8FP1',#1665,'Pset_ElementMark',$,(#1669,#1670,#1671,#1672));
#1667=IFCOWNERHISTORY(#3,#5,.READWRITE.,.ADDED.,1777764232,#3,#5,1777764232);
#1668=IFCRELDEFINESBYPROPERTIES('0QY9EPsKDCq8zw815Fzo0C',#1667,$,$,(#1651),#1666);
#1669=IFCPROPERTYSINGLEVALUE('Mark',$,IFCLABEL('COL-C3-L2'),$);
#1670=IFCPROPERTYSINGLEVALUE('ElementType',$,IFCLABEL('Column'),$);
#1671=IFCPROPERTYSINGLEVALUE('GridRef',$,IFCLABEL('C3'),$);
#1672=IFCPROPERTYSINGLEVALUE('Level',$,IFCLABEL('L2'),$);
#1673=IFCCARTESIANPOINT((12.,12.,7.));
#1674=IFCDIRECTION((0.,0.,1.));
#1675=IFCDIRECTION((1.,0.,0.));
#1676=IFCAXIS2PLACEMENT3D(#1673,#1674,#1675);
#1677=IFCLOCALPLACEMENT($,#1676);
#1678=IFCOWNERHISTORY(#3,#5,.READWRITE.,.MODIFIED.,1777764232,#3,#5,1777764232);
#1679=IFCCOLUMN('0mKJO4PuHE$f3jtzEKhdbS',#1678,'COL-C4-L2',$,$,#1705,#1692,$);
#1685=IFCCARTESIANPOINT((0.,0.,0.));
#1686=IFCDIRECTION((0.,0.,1.));
#1687=IFCDIRECTION((1.,0.,0.));
#1688=IFCAXIS2PLACEMENT3D(#1685,#1686,#1687);
#1689=IFCDIRECTION((0.,0.,1.));
#1690=IFCEXTRUDEDAREASOLID(#467,#1688,#1689,3.5);
#1691=IFCSHAPEREPRESENTATION(#13,'Body','SweptSolid',(#1690));
#1692=IFCPRODUCTDEFINITIONSHAPE($,$,(#1691));
#1693=IFCOWNERHISTORY(#3,#5,.READWRITE.,.ADDED.,1777764232,#3,#5,1777764232);
#1694=IFCPROPERTYSET('1GDoRIXnn8Jueq8JJLUspX',#1693,'Pset_ElementMark',$,(#1697,#1698,#1699,#1700));
#1695=IFCOWNERHISTORY(#3,#5,.READWRITE.,.ADDED.,1777764232,#3,#5,1777764232);
#1696=IFCRELDEFINESBYPROPERTIES('1FogvNMYLBeRQq6O9rFc1I',#1695,$,$,(#1679),#1694);
#1697=IFCPROPERTYSINGLEVALUE('Mark',$,IFCLABEL('COL-C4-L2'),$);
#1698=IFCPROPERTYSINGLEVALUE('ElementType',$,IFCLABEL('Column'),$);
#1699=IFCPROPERTYSINGLEVALUE('GridRef',$,IFCLABEL('C4'),$);
#1700=IFCPROPERTYSINGLEVALUE('Level',$,IFCLABEL('L2'),$);
#1701=IFCCARTESIANPOINT((18.,12.,7.));
#1702=IFCDIRECTION((0.,0.,1.));
#1703=IFCDIRECTION((1.,0.,0.));
#1704=IFCAXIS2PLACEMENT3D(#1701,#1702,#1703);
#1705=IFCLOCALPLACEMENT($,#1704);
#1706=IFCOWNERHISTORY(#3,#5,.READWRITE.,.MODIFIED.,1777764232,#3,#5,1777764232);
#1707=IFCCOLUMN('3XhMA8mFf9hQ5fN1$GDtKa',#1706,'COL-D1-L2',$,$,#1733,#1720,$);
#1713=IFCCARTESIANPOINT((0.,0.,0.));
#1714=IFCDIRECTION((0.,0.,1.));
#1715=IFCDIRECTION((1.,0.,0.));
#1716=IFCAXIS2PLACEMENT3D(#1713,#1714,#1715);
#1717=IFCDIRECTION((0.,0.,1.));
#1718=IFCEXTRUDEDAREASOLID(#467,#1716,#1717,3.5);
#1719=IFCSHAPEREPRESENTATION(#13,'Body','SweptSolid',(#1718));
#1720=IFCPRODUCTDEFINITIONSHAPE($,$,(#1719));
#1721=IFCOWNERHISTORY(#3,#5,.READWRITE.,.ADDED.,1777764232,#3,#5,1777764232);
#1722=IFCPROPERTYSET('1ElMRhfn14D8Txp_25_jUM',#1721,'Pset_ElementMark',$,(#1725,#1726,#1727,#1728));
#1723=IFCOWNERHISTORY(#3,#5,.READWRITE.,.ADDED.,1777764232,#3,#5,1777764232);
#1724=IFCRELDEFINESBYPROPERTIES('3yFwnl5dj7cu$yBl0WLc9m',#1723,$,$,(#1707),#1722);
#1725=IFCPROPERTYSINGLEVALUE('Mark',$,IFCLABEL('COL-D1-L2'),$);
#1726=IFCPROPERTYSINGLEVALUE('ElementType',$,IFCLABEL('Column'),$);
#1727=IFCPROPERTYSINGLEVALUE('GridRef',$,IFCLABEL('D1'),$);
#1728=IFCPROPERTYSINGLEVALUE('Level',$,IFCLABEL('L2'),$);
#1729=IFCCARTESIANPOINT((0.,18.,7.));
#1730=IFCDIRECTION((0.,0.,1.));
#1731=IFCDIRECTION((1.,0.,0.));
#1732=IFCAXIS2PLACEMENT3D(#1729,#1730,#1731);
#1733=IFCLOCALPLACEMENT($,#1732);
#1734=IFCOWNERHISTORY(#3,#5,.READWRITE.,.MODIFIED.,1777764232,#3,#5,1777764232);
#1735=IFCCOLUMN('29WwD6IfjEF85TjpHm23wb',#1734,'COL-D2-L2',$,$,#1761,#1748,$);
#1741=IFCCARTESIANPOINT((0.,0.,0.));
#1742=IFCDIRECTION((0.,0.,1.));
#1743=IFCDIRECTION((1.,0.,0.));
#1744=IFCAXIS2PLACEMENT3D(#1741,#1742,#1743);
#1745=IFCDIRECTION((0.,0.,1.));
#1746=IFCEXTRUDEDAREASOLID(#467,#1744,#1745,3.5);
#1747=IFCSHAPEREPRESENTATION(#13,'Body','SweptSolid',(#1746));
#1748=IFCPRODUCTDEFINITIONSHAPE($,$,(#1747));
#1749=IFCOWNERHISTORY(#3,#5,.READWRITE.,.ADDED.,1777764232,#3,#5,1777764232);
#1750=IFCPROPERTYSET('1wIgO3jojFKfoJEPsBL11E',#1749,'Pset_ElementMark',$,(#1753,#1754,#1755,#1756));
#1751=IFCOWNERHISTORY(#3,#5,.READWRITE.,.ADDED.,1777764232,#3,#5,1777764232);
#1752=IFCRELDEFINESBYPROPERTIES('2vt8Ri7iTDEvm46ICzzar2',#1751,$,$,(#1735),#1750);
#1753=IFCPROPERTYSINGLEVALUE('Mark',$,IFCLABEL('COL-D2-L2'),$);
#1754=IFCPROPERTYSINGLEVALUE('ElementType',$,IFCLABEL('Column'),$);
#1755=IFCPROPERTYSINGLEVALUE('GridRef',$,IFCLABEL('D2'),$);
#1756=IFCPROPERTYSINGLEVALUE('Level',$,IFCLABEL('L2'),$);
#1757=IFCCARTESIANPOINT((6.,18.,7.));
#1758=IFCDIRECTION((0.,0.,1.));
#1759=IFCDIRECTION((1.,0.,0.));
#1760=IFCAXIS2PLACEMENT3D(#1757,#1758,#1759);
#1761=IFCLOCALPLACEMENT($,#1760);
#1762=IFCOWNERHISTORY(#3,#5,.READWRITE.,.MODIFIED.,1777764232,#3,#5,1777764232);
#1763=IFCCOLUMN('2QBWc8ef520wG8G_ufJNQM',#1762,'COL-D3-L2',$,$,#1789,#1776,$);
#1769=IFCCARTESIANPOINT((0.,0.,0.));
#1770=IFCDIRECTION((0.,0.,1.));
#1771=IFCDIRECTION((1.,0.,0.));
#1772=IFCAXIS2PLACEMENT3D(#1769,#1770,#1771);
#1773=IFCDIRECTION((0.,0.,1.));
#1774=IFCEXTRUDEDAREASOLID(#467,#1772,#1773,3.5);
#1775=IFCSHAPEREPRESENTATION(#13,'Body','SweptSolid',(#1774));
#1776=IFCPRODUCTDEFINITIONSHAPE($,$,(#1775));
#1777=IFCOWNERHISTORY(#3,#5,.READWRITE.,.ADDED.,1777764232,#3,#5,1777764232);
#1778=IFCPROPERTYSET('36ecxrBPH0yPHmmnH1MvkM',#1777,'Pset_ElementMark',$,(#1781,#1782,#1783,#1784));
#1779=IFCOWNERHISTORY(#3,#5,.READWRITE.,.ADDED.,1777764232,#3,#5,1777764232);
#1780=IFCRELDEFINESBYPROPERTIES('38kSgUt2P4Yf0v617fjjt0',#1779,$,$,(#1763),#1778);
#1781=IFCPROPERTYSINGLEVALUE('Mark',$,IFCLABEL('COL-D3-L2'),$);
#1782=IFCPROPERTYSINGLEVALUE('ElementType',$,IFCLABEL('Column'),$);
#1783=IFCPROPERTYSINGLEVALUE('GridRef',$,IFCLABEL('D3'),$);
#1784=IFCPROPERTYSINGLEVALUE('Level',$,IFCLABEL('L2'),$);
#1785=IFCCARTESIANPOINT((12.,18.,7.));
#1786=IFCDIRECTION((0.,0.,1.));
#1787=IFCDIRECTION((1.,0.,0.));
#1788=IFCAXIS2PLACEMENT3D(#1785,#1786,#1787);
#1789=IFCLOCALPLACEMENT($,#1788);
#1790=IFCOWNERHISTORY(#3,#5,.READWRITE.,.MODIFIED.,1777764232,#3,#5,1777764232);
#1791=IFCCOLUMN('0WtWyVSBv98gGouR2rNvY7',#1790,'COL-D4-L2',$,$,#1817,#1804,$);
#1797=IFCCARTESIANPOINT((0.,0.,0.));
#1798=IFCDIRECTION((0.,0.,1.));
#1799=IFCDIRECTION((1.,0.,0.));
#1800=IFCAXIS2PLACEMENT3D(#1797,#1798,#1799);
#1801=IFCDIRECTION((0.,0.,1.));
#1802=IFCEXTRUDEDAREASOLID(#467,#1800,#1801,3.5);
#1803=IFCSHAPEREPRESENTATION(#13,'Body','SweptSolid',(#1802));
#1804=IFCPRODUCTDEFINITIONSHAPE($,$,(#1803));
#1805=IFCOWNERHISTORY(#3,#5,.READWRITE.,.ADDED.,1777764232,#3,#5,1777764232);
#1806=IFCPROPERTYSET('3W7PPCfAjCyuvzexM0WVlL',#1805,'Pset_ElementMark',$,(#1809,#1810,#1811,#1812));
#1807=IFCOWNERHISTORY(#3,#5,.READWRITE.,.ADDED.,1777764232,#3,#5,1777764232);
#1808=IFCRELDEFINESBYPROPERTIES('0VCh6hpJ990fwD6wj$ElL8',#1807,$,$,(#1791),#1806);
#1809=IFCPROPERTYSINGLEVALUE('Mark',$,IFCLABEL('COL-D4-L2'),$);
#1810=IFCPROPERTYSINGLEVALUE('ElementType',$,IFCLABEL('Column'),$);
#1811=IFCPROPERTYSINGLEVALUE('GridRef',$,IFCLABEL('D4'),$);
#1812=IFCPROPERTYSINGLEVALUE('Level',$,IFCLABEL('L2'),$);
#1813=IFCCARTESIANPOINT((18.,18.,7.));
#1814=IFCDIRECTION((0.,0.,1.));
#1815=IFCDIRECTION((1.,0.,0.));
#1816=IFCAXIS2PLACEMENT3D(#1813,#1814,#1815);
#1817=IFCLOCALPLACEMENT($,#1816);
#1818=IFCRECTANGLEPROFILEDEF(.AREA.,$,$,0.29999999999999999,0.5);
#1819=IFCOWNERHISTORY(#3,#5,.READWRITE.,.MODIFIED.,1777764232,#3,#5,1777764232);
#1820=IFCBEAM('230xGCC1j0fgUgr91aBBa6',#1819,'BM-H-A12-GF',$,$,#1846,#1833,$);
#1826=IFCCARTESIANPOINT((0.,0.,0.));
#1827=IFCDIRECTION((0.,0.,1.));
#1828=IFCDIRECTION((1.,0.,0.));
#1829=IFCAXIS2PLACEMENT3D(#1826,#1827,#1828);
#1830=IFCDIRECTION((0.,0.,1.));
#1831=IFCEXTRUDEDAREASOLID(#1818,#1829,#1830,6.);
#1832=IFCSHAPEREPRESENTATION(#13,'Body','SweptSolid',(#1831));
#1833=IFCPRODUCTDEFINITIONSHAPE($,$,(#1832));
#1834=IFCOWNERHISTORY(#3,#5,.READWRITE.,.ADDED.,1777764232,#3,#5,1777764232);
#1835=IFCPROPERTYSET('0zi$dtqZXDlP2DXNhCDo5k',#1834,'Pset_ElementMark',$,(#1838,#1839,#1840,#1841));
#1836=IFCOWNERHISTORY(#3,#5,.READWRITE.,.ADDED.,1777764232,#3,#5,1777764232);
#1837=IFCRELDEFINESBYPROPERTIES('3Xc_HisP1CIAXHMHPTuUvD',#1836,$,$,(#1820),#1835);
#1838=IFCPROPERTYSINGLEVALUE('Mark',$,IFCLABEL('BM-H-A12-GF'),$);
#1839=IFCPROPERTYSINGLEVALUE('ElementType',$,IFCLABEL('Beam'),$);
#1840=IFCPROPERTYSINGLEVALUE('Direction',$,IFCLABEL('H'),$);
#1841=IFCPROPERTYSINGLEVALUE('Level',$,IFCLABEL('GF'),$);
#1842=IFCCARTESIANPOINT((0.,0.,3.));
#1843=IFCDIRECTION((1.,0.,0.));
#1844=IFCDIRECTION((0.,1.,0.));
#1845=IFCAXIS2PLACEMENT3D(#1842,#1843,#1844);
#1846=IFCLOCALPLACEMENT($,#1845);
#1847=IFCOWNERHISTORY(#3,#5,.READWRITE.,.MODIFIED.,1777764232,#3,#5,1777764232);
#1848=IFCBEAM('2FQGp3FTD4_9_XgYgumeFD',#1847,'BM-H-A23-GF',$,$,#1874,#1861,$);
#1854=IFCCARTESIANPOINT((0.,0.,0.));
#1855=IFCDIRECTION((0.,0.,1.));
#1856=IFCDIRECTION((1.,0.,0.));
#1857=IFCAXIS2PLACEMENT3D(#1854,#1855,#1856);
#1858=IFCDIRECTION((0.,0.,1.));
#1859=IFCEXTRUDEDAREASOLID(#1818,#1857,#1858,6.);
#1860=IFCSHAPEREPRESENTATION(#13,'Body','SweptSolid',(#1859));
#1861=IFCPRODUCTDEFINITIONSHAPE($,$,(#1860));
#1862=IFCOWNERHISTORY(#3,#5,.READWRITE.,.ADDED.,1777764232,#3,#5,1777764232);
#1863=IFCPROPERTYSET('3mDHZipLzDqhHDneXZUcYA',#1862,'Pset_ElementMark',$,(#1866,#1867,#1868,#1869));
#1864=IFCOWNERHISTORY(#3,#5,.READWRITE.,.ADDED.,1777764232,#3,#5,1777764232);
#1865=IFCRELDEFINESBYPROPERTIES('24DWibbfjCVxWiZswLQgZn',#1864,$,$,(#1848),#1863);
#1866=IFCPROPERTYSINGLEVALUE('Mark',$,IFCLABEL('BM-H-A23-GF'),$);
#1867=IFCPROPERTYSINGLEVALUE('ElementType',$,IFCLABEL('Beam'),$);
#1868=IFCPROPERTYSINGLEVALUE('Direction',$,IFCLABEL('H'),$);
#1869=IFCPROPERTYSINGLEVALUE('Level',$,IFCLABEL('GF'),$);
#1870=IFCCARTESIANPOINT((6.,0.,3.));
#1871=IFCDIRECTION((1.,0.,0.));
#1872=IFCDIRECTION((0.,1.,0.));
#1873=IFCAXIS2PLACEMENT3D(#1870,#1871,#1872);
#1874=IFCLOCALPLACEMENT($,#1873);
#1875=IFCOWNERHISTORY(#3,#5,.READWRITE.,.MODIFIED.,1777764232,#3,#5,1777764232);
#1876=IFCBEAM('1PZUwe1v189Ra8TrHv0G3Z',#1875,'BM-H-A34-GF',$,$,#1902,#1889,$);
#1882=IFCCARTESIANPOINT((0.,0.,0.));
#1883=IFCDIRECTION((0.,0.,1.));
#1884=IFCDIRECTION((1.,0.,0.));
#1885=IFCAXIS2PLACEMENT3D(#1882,#1883,#1884);
#1886=IFCDIRECTION((0.,0.,1.));
#1887=IFCEXTRUDEDAREASOLID(#1818,#1885,#1886,6.);
#1888=IFCSHAPEREPRESENTATION(#13,'Body','SweptSolid',(#1887));
#1889=IFCPRODUCTDEFINITIONSHAPE($,$,(#1888));
#1890=IFCOWNERHISTORY(#3,#5,.READWRITE.,.ADDED.,1777764232,#3,#5,1777764232);
#1891=IFCPROPERTYSET('1FIQ6MCdrEuBJdHXIXpGAK',#1890,'Pset_ElementMark',$,(#1894,#1895,#1896,#1897));
#1892=IFCOWNERHISTORY(#3,#5,.READWRITE.,.ADDED.,1777764232,#3,#5,1777764232);
#1893=IFCRELDEFINESBYPROPERTIES('1qr5bQoGfDMvDFmyefc7XR',#1892,$,$,(#1876),#1891);
#1894=IFCPROPERTYSINGLEVALUE('Mark',$,IFCLABEL('BM-H-A34-GF'),$);
#1895=IFCPROPERTYSINGLEVALUE('ElementType',$,IFCLABEL('Beam'),$);
#1896=IFCPROPERTYSINGLEVALUE('Direction',$,IFCLABEL('H'),$);
#1897=IFCPROPERTYSINGLEVALUE('Level',$,IFCLABEL('GF'),$);
#1898=IFCCARTESIANPOINT((12.,0.,3.));
#1899=IFCDIRECTION((1.,0.,0.));
#1900=IFCDIRECTION((0.,1.,0.));
#1901=IFCAXIS2PLACEMENT3D(#1898,#1899,#1900);
#1902=IFCLOCALPLACEMENT($,#1901);
#1903=IFCOWNERHISTORY(#3,#5,.READWRITE.,.MODIFIED.,1777764232,#3,#5,1777764232);
#1904=IFCBEAM('0$scLn4N9AvwCfPI0aWbA0',#1903,'BM-H-B12-GF',$,$,#1930,#1917,$);
#1910=IFCCARTESIANPOINT((0.,0.,0.));
#1911=IFCDIRECTION((0.,0.,1.));
#1912=IFCDIRECTION((1.,0.,0.));
#1913=IFCAXIS2PLACEMENT3D(#1910,#1911,#1912);
#1914=IFCDIRECTION((0.,0.,1.));
#1915=IFCEXTRUDEDAREASOLID(#1818,#1913,#1914,6.);
#1916=IFCSHAPEREPRESENTATION(#13,'Body','SweptSolid',(#1915));
#1917=IFCPRODUCTDEFINITIONSHAPE($,$,(#1916));
#1918=IFCOWNERHISTORY(#3,#5,.READWRITE.,.ADDED.,1777764232,#3,#5,1777764232);
#1919=IFCPROPERTYSET('0E8FtYqpHFJ9yMs4AcsJay',#1918,'Pset_ElementMark',$,(#1922,#1923,#1924,#1925));
#1920=IFCOWNERHISTORY(#3,#5,.READWRITE.,.ADDED.,1777764232,#3,#5,1777764232);
#1921=IFCRELDEFINESBYPROPERTIES('1PlmqNnl119PUodXoXuolK',#1920,$,$,(#1904),#1919);
#1922=IFCPROPERTYSINGLEVALUE('Mark',$,IFCLABEL('BM-H-B12-GF'),$);
#1923=IFCPROPERTYSINGLEVALUE('ElementType',$,IFCLABEL('Beam'),$);
#1924=IFCPROPERTYSINGLEVALUE('Direction',$,IFCLABEL('H'),$);
#1925=IFCPROPERTYSINGLEVALUE('Level',$,IFCLABEL('GF'),$);
#1926=IFCCARTESIANPOINT((0.,6.,3.));
#1927=IFCDIRECTION((1.,0.,0.));
#1928=IFCDIRECTION((0.,1.,0.));
#1929=IFCAXIS2PLACEMENT3D(#1926,#1927,#1928);
#1930=IFCLOCALPLACEMENT($,#1929);
#1931=IFCOWNERHISTORY(#3,#5,.READWRITE.,.MODIFIED.,1777764232,#3,#5,1777764232);
#1932=IFCBEAM('069Zz7Gk9FaQrPMRf5XEaL',#1931,'BM-H-B23-GF',$,$,#1958,#1945,$);
#1938=IFCCARTESIANPOINT((0.,0.,0.));
#1939=IFCDIRECTION((0.,0.,1.));
#1940=IFCDIRECTION((1.,0.,0.));
#1941=IFCAXIS2PLACEMENT3D(#1938,#1939,#1940);
#1942=IFCDIRECTION((0.,0.,1.));
#1943=IFCEXTRUDEDAREASOLID(#1818,#1941,#1942,6.);
#1944=IFCSHAPEREPRESENTATION(#13,'Body','SweptSolid',(#1943));
#1945=IFCPRODUCTDEFINITIONSHAPE($,$,(#1944));
#1946=IFCOWNERHISTORY(#3,#5,.READWRITE.,.ADDED.,1777764232,#3,#5,1777764232);
#1947=IFCPROPERTYSET('0ZL7TFPjfDjhbMvMydYk2o',#1946,'Pset_ElementMark',$,(#1950,#1951,#1952,#1953));
#1948=IFCOWNERHISTORY(#3,#5,.READWRITE.,.ADDED.,1777764232,#3,#5,1777764232);
#1949=IFCRELDEFINESBYPROPERTIES('1jZYTauEr8b8PYY1XvIF_6',#1948,$,$,(#1932),#1947);
#1950=IFCPROPERTYSINGLEVALUE('Mark',$,IFCLABEL('BM-H-B23-GF'),$);
#1951=IFCPROPERTYSINGLEVALUE('ElementType',$,IFCLABEL('Beam'),$);
#1952=IFCPROPERTYSINGLEVALUE('Direction',$,IFCLABEL('H'),$);
#1953=IFCPROPERTYSINGLEVALUE('Level',$,IFCLABEL('GF'),$);
#1954=IFCCARTESIANPOINT((6.,6.,3.));
#1955=IFCDIRECTION((1.,0.,0.));
#1956=IFCDIRECTION((0.,1.,0.));
#1957=IFCAXIS2PLACEMENT3D(#1954,#1955,#1956);
#1958=IFCLOCALPLACEMENT($,#1957);
#1959=IFCOWNERHISTORY(#3,#5,.READWRITE.,.MODIFIED.,1777764232,#3,#5,1777764232);
#1960=IFCBEAM('3kmZ0qC1L1J94ZnuZZmCVu',#1959,'BM-H-B34-GF',$,$,#1986,#1973,$);
#1966=IFCCARTESIANPOINT((0.,0.,0.));
#1967=IFCDIRECTION((0.,0.,1.));
#1968=IFCDIRECTION((1.,0.,0.));
#1969=IFCAXIS2PLACEMENT3D(#1966,#1967,#1968);
#1970=IFCDIRECTION((0.,0.,1.));
#1971=IFCEXTRUDEDAREASOLID(#1818,#1969,#1970,6.);
#1972=IFCSHAPEREPRESENTATION(#13,'Body','SweptSolid',(#1971));
#1973=IFCPRODUCTDEFINITIONSHAPE($,$,(#1972));
#1974=IFCOWNERHISTORY(#3,#5,.READWRITE.,.ADDED.,1777764232,#3,#5,1777764232);
#1975=IFCPROPERTYSET('0p9f3gSfXC4eN0koFXGvbc',#1974,'Pset_ElementMark',$,(#1978,#1979,#1980,#1981));
#1976=IFCOWNERHISTORY(#3,#5,.READWRITE.,.ADDED.,1777764232,#3,#5,1777764232);
#1977=IFCRELDEFINESBYPROPERTIES('1Zrr1qINTAf8ZvGYGnsirr',#1976,$,$,(#1960),#1975);
#1978=IFCPROPERTYSINGLEVALUE('Mark',$,IFCLABEL('BM-H-B34-GF'),$);
#1979=IFCPROPERTYSINGLEVALUE('ElementType',$,IFCLABEL('Beam'),$);
#1980=IFCPROPERTYSINGLEVALUE('Direction',$,IFCLABEL('H'),$);
#1981=IFCPROPERTYSINGLEVALUE('Level',$,IFCLABEL('GF'),$);
#1982=IFCCARTESIANPOINT((12.,6.,3.));
#1983=IFCDIRECTION((1.,0.,0.));
#1984=IFCDIRECTION((0.,1.,0.));
#1985=IFCAXIS2PLACEMENT3D(#1982,#1983,#1984);
#1986=IFCLOCALPLACEMENT($,#1985);
#1987=IFCOWNERHISTORY(#3,#5,.READWRITE.,.MODIFIED.,1777764232,#3,#5,1777764232);
#1988=IFCBEAM('2NQhiDteL0afSM4EpPvmYt',#1987,'BM-H-C12-GF',$,$,#2014,#2001,$);
#1994=IFCCARTESIANPOINT((0.,0.,0.));
#1995=IFCDIRECTION((0.,0.,1.));
#1996=IFCDIRECTION((1.,0.,0.));
#1997=IFCAXIS2PLACEMENT3D(#1994,#1995,#1996);
#1998=IFCDIRECTION((0.,0.,1.));
#1999=IFCEXTRUDEDAREASOLID(#1818,#1997,#1998,6.);
#2000=IFCSHAPEREPRESENTATION(#13,'Body','SweptSolid',(#1999));
#2001=IFCPRODUCTDEFINITIONSHAPE($,$,(#2000));
#2002=IFCOWNERHISTORY(#3,#5,.READWRITE.,.ADDED.,1777764232,#3,#5,1777764232);
#2003=IFCPROPERTYSET('1OrjWPGaD5Q9QbZGsPSZWz',#2002,'Pset_ElementMark',$,(#2006,#2007,#2008,#2009));
#2004=IFCOWNERHISTORY(#3,#5,.READWRITE.,.ADDED.,1777764232,#3,#5,1777764232);
#2005=IFCRELDEFINESBYPROPERTIES('0rZuBoRDbCIeYfNMFPr0AD',#2004,$,$,(#1988),#2003);
#2006=IFCPROPERTYSINGLEVALUE('Mark',$,IFCLABEL('BM-H-C12-GF'),$);
#2007=IFCPROPERTYSINGLEVALUE('ElementType',$,IFCLABEL('Beam'),$);
#2008=IFCPROPERTYSINGLEVALUE('Direction',$,IFCLABEL('H'),$);
#2009=IFCPROPERTYSINGLEVALUE('Level',$,IFCLABEL('GF'),$);
#2010=IFCCARTESIANPOINT((0.,12.,3.));
#2011=IFCDIRECTION((1.,0.,0.));
#2012=IFCDIRECTION((0.,1.,0.));
#2013=IFCAXIS2PLACEMENT3D(#2010,#2011,#2012);
#2014=IFCLOCALPLACEMENT($,#2013);
#2015=IFCOWNERHISTORY(#3,#5,.READWRITE.,.MODIFIED.,1777764232,#3,#5,1777764232);
#2016=IFCBEAM('3R2nxP3I91OA$JaMTLgHKG',#2015,'BM-H-C23-GF',$,$,#2042,#2029,$);
#2022=IFCCARTESIANPOINT((0.,0.,0.));
#2023=IFCDIRECTION((0.,0.,1.));
#2024=IFCDIRECTION((1.,0.,0.));
#2025=IFCAXIS2PLACEMENT3D(#2022,#2023,#2024);
#2026=IFCDIRECTION((0.,0.,1.));
#2027=IFCEXTRUDEDAREASOLID(#1818,#2025,#2026,6.);
#2028=IFCSHAPEREPRESENTATION(#13,'Body','SweptSolid',(#2027));
#2029=IFCPRODUCTDEFINITIONSHAPE($,$,(#2028));
#2030=IFCOWNERHISTORY(#3,#5,.READWRITE.,.ADDED.,1777764232,#3,#5,1777764232);
#2031=IFCPROPERTYSET('0s9$tLw6r28A2b7gk_KSTF',#2030,'Pset_ElementMark',$,(#2034,#2035,#2036,#2037));
#2032=IFCOWNERHISTORY(#3,#5,.READWRITE.,.ADDED.,1777764232,#3,#5,1777764232);
#2033=IFCRELDEFINESBYPROPERTIES('1cDutxq7H55xJMGAhp4R_I',#2032,$,$,(#2016),#2031);
#2034=IFCPROPERTYSINGLEVALUE('Mark',$,IFCLABEL('BM-H-C23-GF'),$);
#2035=IFCPROPERTYSINGLEVALUE('ElementType',$,IFCLABEL('Beam'),$);
#2036=IFCPROPERTYSINGLEVALUE('Direction',$,IFCLABEL('H'),$);
#2037=IFCPROPERTYSINGLEVALUE('Level',$,IFCLABEL('GF'),$);
#2038=IFCCARTESIANPOINT((6.,12.,3.));
#2039=IFCDIRECTION((1.,0.,0.));
#2040=IFCDIRECTION((0.,1.,0.));
#2041=IFCAXIS2PLACEMENT3D(#2038,#2039,#2040);
#2042=IFCLOCALPLACEMENT($,#2041);
#2043=IFCOWNERHISTORY(#3,#5,.READWRITE.,.MODIFIED.,1777764232,#3,#5,1777764232);
#2044=IFCBEAM('0bb6N7FWv9AenL0J0gk_zo',#2043,'BM-H-C34-GF',$,$,#2070,#2057,$);
#2050=IFCCARTESIANPOINT((0.,0.,0.));
#2051=IFCDIRECTION((0.,0.,1.));
#2052=IFCDIRECTION((1.,0.,0.));
#2053=IFCAXIS2PLACEMENT3D(#2050,#2051,#2052);
#2054=IFCDIRECTION((0.,0.,1.));
#2055=IFCEXTRUDEDAREASOLID(#1818,#2053,#2054,6.);
#2056=IFCSHAPEREPRESENTATION(#13,'Body','SweptSolid',(#2055));
#2057=IFCPRODUCTDEFINITIONSHAPE($,$,(#2056));
#2058=IFCOWNERHISTORY(#3,#5,.READWRITE.,.ADDED.,1777764232,#3,#5,1777764232);
#2059=IFCPROPERTYSET('1USYEilwD1_PYhzXnaT1re',#2058,'Pset_ElementMark',$,(#2062,#2063,#2064,#2065));
#2060=IFCOWNERHISTORY(#3,#5,.READWRITE.,.ADDED.,1777764232,#3,#5,1777764232);
#2061=IFCRELDEFINESBYPROPERTIES('0O$qk9i4zDA95$63A$oyHb',#2060,$,$,(#2044),#2059);
#2062=IFCPROPERTYSINGLEVALUE('Mark',$,IFCLABEL('BM-H-C34-GF'),$);
#2063=IFCPROPERTYSINGLEVALUE('ElementType',$,IFCLABEL('Beam'),$);
#2064=IFCPROPERTYSINGLEVALUE('Direction',$,IFCLABEL('H'),$);
#2065=IFCPROPERTYSINGLEVALUE('Level',$,IFCLABEL('GF'),$);
#2066=IFCCARTESIANPOINT((12.,12.,3.));
#2067=IFCDIRECTION((1.,0.,0.));
#2068=IFCDIRECTION((0.,1.,0.));
#2069=IFCAXIS2PLACEMENT3D(#2066,#2067,#2068);
#2070=IFCLOCALPLACEMENT($,#2069);
#2071=IFCOWNERHISTORY(#3,#5,.READWRITE.,.MODIFIED.,1777764232,#3,#5,1777764232);
#2072=IFCBEAM('2NmRz4Pfn8TQNxyswqdtC4',#2071,'BM-H-D12-GF',$,$,#2098,#2085,$);
#2078=IFCCARTESIANPOINT((0.,0.,0.));
#2079=IFCDIRECTION((0.,0.,1.));
#2080=IFCDIRECTION((1.,0.,0.));
#2081=IFCAXIS2PLACEMENT3D(#2078,#2079,#2080);
#2082=IFCDIRECTION((0.,0.,1.));
#2083=IFCEXTRUDEDAREASOLID(#1818,#2081,#2082,6.);
#2084=IFCSHAPEREPRESENTATION(#13,'Body','SweptSolid',(#2083));
#2085=IFCPRODUCTDEFINITIONSHAPE($,$,(#2084));
#2086=IFCOWNERHISTORY(#3,#5,.READWRITE.,.ADDED.,1777764232,#3,#5,1777764232);
#2087=IFCPROPERTYSET('0xhoLiTfD66OPmJOcm6wNG',#2086,'Pset_ElementMark',$,(#2090,#2091,#2092,#2093));
#2088=IFCOWNERHISTORY(#3,#5,.READWRITE.,.ADDED.,1777764232,#3,#5,1777764232);
#2089=IFCRELDEFINESBYPROPERTIES('161mPoLLzEeB2v_Tm2Dlq$',#2088,$,$,(#2072),#2087);
#2090=IFCPROPERTYSINGLEVALUE('Mark',$,IFCLABEL('BM-H-D12-GF'),$);
#2091=IFCPROPERTYSINGLEVALUE('ElementType',$,IFCLABEL('Beam'),$);
#2092=IFCPROPERTYSINGLEVALUE('Direction',$,IFCLABEL('H'),$);
#2093=IFCPROPERTYSINGLEVALUE('Level',$,IFCLABEL('GF'),$);
#2094=IFCCARTESIANPOINT((0.,18.,3.));
#2095=IFCDIRECTION((1.,0.,0.));
#2096=IFCDIRECTION((0.,1.,0.));
#2097=IFCAXIS2PLACEMENT3D(#2094,#2095,#2096);
#2098=IFCLOCALPLACEMENT($,#2097);
#2099=IFCOWNERHISTORY(#3,#5,.READWRITE.,.MODIFIED.,1777764232,#3,#5,1777764232);
#2100=IFCBEAM('1kjg3QZcL0wQT0opYlgOPR',#2099,'BM-H-D23-GF',$,$,#2126,#2113,$);
#2106=IFCCARTESIANPOINT((0.,0.,0.));
#2107=IFCDIRECTION((0.,0.,1.));
#2108=IFCDIRECTION((1.,0.,0.));
#2109=IFCAXIS2PLACEMENT3D(#2106,#2107,#2108);
#2110=IFCDIRECTION((0.,0.,1.));
#2111=IFCEXTRUDEDAREASOLID(#1818,#2109,#2110,6.);
#2112=IFCSHAPEREPRESENTATION(#13,'Body','SweptSolid',(#2111));
#2113=IFCPRODUCTDEFINITIONSHAPE($,$,(#2112));
#2114=IFCOWNERHISTORY(#3,#5,.READWRITE.,.ADDED.,1777764232,#3,#5,1777764232);
#2115=IFCPROPERTYSET('0uxSeSSqn30gh6q$qLDDBh',#2114,'Pset_ElementMark',$,(#2118,#2119,#2120,#2121));
#2116=IFCOWNERHISTORY(#3,#5,.READWRITE.,.ADDED.,1777764232,#3,#5,1777764232);
#2117=IFCRELDEFINESBYPROPERTIES('11as9Rs3nDa8H5qBRIYHKM',#2116,$,$,(#2100),#2115);
#2118=IFCPROPERTYSINGLEVALUE('Mark',$,IFCLABEL('BM-H-D23-GF'),$);
#2119=IFCPROPERTYSINGLEVALUE('ElementType',$,IFCLABEL('Beam'),$);
#2120=IFCPROPERTYSINGLEVALUE('Direction',$,IFCLABEL('H'),$);
#2121=IFCPROPERTYSINGLEVALUE('Level',$,IFCLABEL('GF'),$);
#2122=IFCCARTESIANPOINT((6.,18.,3.));
#2123=IFCDIRECTION((1.,0.,0.));
#2124=IFCDIRECTION((0.,1.,0.));
#2125=IFCAXIS2PLACEMENT3D(#2122,#2123,#2124);
#2126=IFCLOCALPLACEMENT($,#2125);
#2127=IFCOWNERHISTORY(#3,#5,.READWRITE.,.MODIFIED.,1777764232,#3,#5,1777764232);
#2128=IFCBEAM('0iG_wE_cPEavITe$Uo9yMK',#2127,'BM-H-D34-GF',$,$,#2154,#2141,$);
#2134=IFCCARTESIANPOINT((0.,0.,0.));
#2135=IFCDIRECTION((0.,0.,1.));
#2136=IFCDIRECTION((1.,0.,0.));
#2137=IFCAXIS2PLACEMENT3D(#2134,#2135,#2136);
#2138=IFCDIRECTION((0.,0.,1.));
#2139=IFCEXTRUDEDAREASOLID(#1818,#2137,#2138,6.);
#2140=IFCSHAPEREPRESENTATION(#13,'Body','SweptSolid',(#2139));
#2141=IFCPRODUCTDEFINITIONSHAPE($,$,(#2140));
#2142=IFCOWNERHISTORY(#3,#5,.READWRITE.,.ADDED.,1777764232,#3,#5,1777764232);
#2143=IFCPROPERTYSET('2HenjDVMTBhhM2GV2AgWpg',#2142,'Pset_ElementMark',$,(#2146,#2147,#2148,#2149));
#2144=IFCOWNERHISTORY(#3,#5,.READWRITE.,.ADDED.,1777764232,#3,#5,1777764232);
#2145=IFCRELDEFINESBYPROPERTIES('0X7oIH6A56EQgPExlRpxBS',#2144,$,$,(#2128),#2143);
#2146=IFCPROPERTYSINGLEVALUE('Mark',$,IFCLABEL('BM-H-D34-GF'),$);
#2147=IFCPROPERTYSINGLEVALUE('ElementType',$,IFCLABEL('Beam'),$);
#2148=IFCPROPERTYSINGLEVALUE('Direction',$,IFCLABEL('H'),$);
#2149=IFCPROPERTYSINGLEVALUE('Level',$,IFCLABEL('GF'),$);
#2150=IFCCARTESIANPOINT((12.,18.,3.));
#2151=IFCDIRECTION((1.,0.,0.));
#2152=IFCDIRECTION((0.,1.,0.));
#2153=IFCAXIS2PLACEMENT3D(#2150,#2151,#2152);
#2154=IFCLOCALPLACEMENT($,#2153);
#2155=IFCOWNERHISTORY(#3,#5,.READWRITE.,.MODIFIED.,1777764232,#3,#5,1777764232);
#2156=IFCBEAM('0nd92$TCz6hw_jsx54c1$6',#2155,'BM-V-1AB-GF',$,$,#2182,#2169,$);
#2162=IFCCARTESIANPOINT((0.,0.,0.));
#2163=IFCDIRECTION((0.,0.,1.));
#2164=IFCDIRECTION((1.,0.,0.));
#2165=IFCAXIS2PLACEMENT3D(#2162,#2163,#2164);
#2166=IFCDIRECTION((0.,0.,1.));
#2167=IFCEXTRUDEDAREASOLID(#1818,#2165,#2166,6.);
#2168=IFCSHAPEREPRESENTATION(#13,'Body','SweptSolid',(#2167));
#2169=IFCPRODUCTDEFINITIONSHAPE($,$,(#2168));
#2170=IFCOWNERHISTORY(#3,#5,.READWRITE.,.ADDED.,1777764232,#3,#5,1777764232);
#2171=IFCPROPERTYSET('2UpFMPvznCMhWmKlWPUzN4',#2170,'Pset_ElementMark',$,(#2174,#2175,#2176,#2177));
#2172=IFCOWNERHISTORY(#3,#5,.READWRITE.,.ADDED.,1777764232,#3,#5,1777764232);
#2173=IFCRELDEFINESBYPROPERTIES('3teIxafTf2cvjWPZjOoGJ2',#2172,$,$,(#2156),#2171);
#2174=IFCPROPERTYSINGLEVALUE('Mark',$,IFCLABEL('BM-V-1AB-GF'),$);
#2175=IFCPROPERTYSINGLEVALUE('ElementType',$,IFCLABEL('Beam'),$);
#2176=IFCPROPERTYSINGLEVALUE('Direction',$,IFCLABEL('V'),$);
#2177=IFCPROPERTYSINGLEVALUE('Level',$,IFCLABEL('GF'),$);
#2178=IFCCARTESIANPOINT((0.,0.,3.));
#2179=IFCDIRECTION((0.,1.,0.));
#2180=IFCDIRECTION((1.,0.,0.));
#2181=IFCAXIS2PLACEMENT3D(#2178,#2179,#2180);
#2182=IFCLOCALPLACEMENT($,#2181);
#2183=IFCOWNERHISTORY(#3,#5,.READWRITE.,.MODIFIED.,1777764232,#3,#5,1777764232);
#2184=IFCBEAM('1ZyRxc1F9ExxeQf8UFVI1a',#2183,'BM-V-1BC-GF',$,$,#2210,#2197,$);
#2190=IFCCARTESIANPOINT((0.,0.,0.));
#2191=IFCDIRECTION((0.,0.,1.));
#2192=IFCDIRECTION((1.,0.,0.));
#2193=IFCAXIS2PLACEMENT3D(#2190,#2191,#2192);
#2194=IFCDIRECTION((0.,0.,1.));
#2195=IFCEXTRUDEDAREASOLID(#1818,#2193,#2194,6.);
#2196=IFCSHAPEREPRESENTATION(#13,'Body','SweptSolid',(#2195));
#2197=IFCPRODUCTDEFINITIONSHAPE($,$,(#2196));
#2198=IFCOWNERHISTORY(#3,#5,.READWRITE.,.ADDED.,1777764232,#3,#5,1777764232);
#2199=IFCPROPERTYSET('2T41YaiAn5Bu84gUvsnhu6',#2198,'Pset_ElementMark',$,(#2202,#2203,#2204,#2205));
#2200=IFCOWNERHISTORY(#3,#5,.READWRITE.,.ADDED.,1777764232,#3,#5,1777764232);
#2201=IFCRELDEFINESBYPROPERTIES('1MDCSj_XbBye5k2H$5dQbb',#2200,$,$,(#2184),#2199);
#2202=IFCPROPERTYSINGLEVALUE('Mark',$,IFCLABEL('BM-V-1BC-GF'),$);
#2203=IFCPROPERTYSINGLEVALUE('ElementType',$,IFCLABEL('Beam'),$);
#2204=IFCPROPERTYSINGLEVALUE('Direction',$,IFCLABEL('V'),$);
#2205=IFCPROPERTYSINGLEVALUE('Level',$,IFCLABEL('GF'),$);
#2206=IFCCARTESIANPOINT((0.,6.,3.));
#2207=IFCDIRECTION((0.,1.,0.));
#2208=IFCDIRECTION((1.,0.,0.));
#2209=IFCAXIS2PLACEMENT3D(#2206,#2207,#2208);
#2210=IFCLOCALPLACEMENT($,#2209);
#2211=IFCOWNERHISTORY(#3,#5,.READWRITE.,.MODIFIED.,1777764232,#3,#5,1777764232);
#2212=IFCBEAM('3DbwhURw1CJfLrhizrEEiN',#2211,'BM-V-1CD-GF',$,$,#2238,#2225,$);
#2218=IFCCARTESIANPOINT((0.,0.,0.));
#2219=IFCDIRECTION((0.,0.,1.));
#2220=IFCDIRECTION((1.,0.,0.));
#2221=IFCAXIS2PLACEMENT3D(#2218,#2219,#2220);
#2222=IFCDIRECTION((0.,0.,1.));
#2223=IFCEXTRUDEDAREASOLID(#1818,#2221,#2222,6.);
#2224=IFCSHAPEREPRESENTATION(#13,'Body','SweptSolid',(#2223));
#2225=IFCPRODUCTDEFINITIONSHAPE($,$,(#2224));
#2226=IFCOWNERHISTORY(#3,#5,.READWRITE.,.ADDED.,1777764232,#3,#5,1777764232);
#2227=IFCPROPERTYSET('2iaDtIYfz37BrLmwv6979G',#2226,'Pset_ElementMark',$,(#2230,#2231,#2232,#2233));
#2228=IFCOWNERHISTORY(#3,#5,.READWRITE.,.ADDED.,1777764232,#3,#5,1777764232);
#2229=IFCRELDEFINESBYPROPERTIES('2zaUUUFj52SRCym7t3201i',#2228,$,$,(#2212),#2227);
#2230=IFCPROPERTYSINGLEVALUE('Mark',$,IFCLABEL('BM-V-1CD-GF'),$);
#2231=IFCPROPERTYSINGLEVALUE('ElementType',$,IFCLABEL('Beam'),$);
#2232=IFCPROPERTYSINGLEVALUE('Direction',$,IFCLABEL('V'),$);
#2233=IFCPROPERTYSINGLEVALUE('Level',$,IFCLABEL('GF'),$);
#2234=IFCCARTESIANPOINT((0.,12.,3.));
#2235=IFCDIRECTION((0.,1.,0.));
#2236=IFCDIRECTION((1.,0.,0.));
#2237=IFCAXIS2PLACEMENT3D(#2234,#2235,#2236);
#2238=IFCLOCALPLACEMENT($,#2237);
#2239=IFCOWNERHISTORY(#3,#5,.READWRITE.,.MODIFIED.,1777764232,#3,#5,1777764232);
#2240=IFCBEAM('14T7bM93L7tuib2Z36_1sn',#2239,'BM-V-2AB-GF',$,$,#2266,#2253,$);
#2246=IFCCARTESIANPOINT((0.,0.,0.));
#2247=IFCDIRECTION((0.,0.,1.));
#2248=IFCDIRECTION((1.,0.,0.));
#2249=IFCAXIS2PLACEMENT3D(#2246,#2247,#2248);
#2250=IFCDIRECTION((0.,0.,1.));
#2251=IFCEXTRUDEDAREASOLID(#1818,#2249,#2250,6.);
#2252=IFCSHAPEREPRESENTATION(#13,'Body','SweptSolid',(#2251));
#2253=IFCPRODUCTDEFINITIONSHAPE($,$,(#2252));
#2254=IFCOWNERHISTORY(#3,#5,.READWRITE.,.ADDED.,1777764232,#3,#5,1777764232);
#2255=IFCPROPERTYSET('2$gBngh6X7YRNzesxNbkry',#2254,'Pset_ElementMark',$,(#2258,#2259,#2260,#2261));
#2256=IFCOWNERHISTORY(#3,#5,.READWRITE.,.ADDED.,1777764232,#3,#5,1777764232);
#2257=IFCRELDEFINESBYPROPERTIES('3vOnu2ErP34OIiZLlYeCXE',#2256,$,$,(#2240),#2255);
#2258=IFCPROPERTYSINGLEVALUE('Mark',$,IFCLABEL('BM-V-2AB-GF'),$);
#2259=IFCPROPERTYSINGLEVALUE('ElementType',$,IFCLABEL('Beam'),$);
#2260=IFCPROPERTYSINGLEVALUE('Direction',$,IFCLABEL('V'),$);
#2261=IFCPROPERTYSINGLEVALUE('Level',$,IFCLABEL('GF'),$);
#2262=IFCCARTESIANPOINT((6.,0.,3.));
#2263=IFCDIRECTION((0.,1.,0.));
#2264=IFCDIRECTION((1.,0.,0.));
#2265=IFCAXIS2PLACEMENT3D(#2262,#2263,#2264);
#2266=IFCLOCALPLACEMENT($,#2265);
#2267=IFCOWNERHISTORY(#3,#5,.READWRITE.,.MODIFIED.,1777764232,#3,#5,1777764232);
#2268=IFCBEAM('277kSP4_n9BAj15rJJdHu3',#2267,'BM-V-2BC-GF',$,$,#2294,#2281,$);
#2274=IFCCARTESIANPOINT((0.,0.,0.));
#2275=IFCDIRECTION((0.,0.,1.));
#2276=IFCDIRECTION((1.,0.,0.));
#2277=IFCAXIS2PLACEMENT3D(#2274,#2275,#2276);
#2278=IFCDIRECTION((0.,0.,1.));
#2279=IFCEXTRUDEDAREASOLID(#1818,#2277,#2278,6.);
#2280=IFCSHAPEREPRESENTATION(#13,'Body','SweptSolid',(#2279));
#2281=IFCPRODUCTDEFINITIONSHAPE($,$,(#2280));
#2282=IFCOWNERHISTORY(#3,#5,.READWRITE.,.ADDED.,1777764232,#3,#5,1777764232);
#2283=IFCPROPERTYSET('3vFyyILwD1Zfkerrt2MsRV',#2282,'Pset_ElementMark',$,(#2286,#2287,#2288,#2289));
#2284=IFCOWNERHISTORY(#3,#5,.READWRITE.,.ADDED.,1777764232,#3,#5,1777764232);
#2285=IFCRELDEFINESBYPROPERTIES('238OSzM$r1qvbYllMRgtpw',#2284,$,$,(#2268),#2283);
#2286=IFCPROPERTYSINGLEVALUE('Mark',$,IFCLABEL('BM-V-2BC-GF'),$);
#2287=IFCPROPERTYSINGLEVALUE('ElementType',$,IFCLABEL('Beam'),$);
#2288=IFCPROPERTYSINGLEVALUE('Direction',$,IFCLABEL('V'),$);
#2289=IFCPROPERTYSINGLEVALUE('Level',$,IFCLABEL('GF'),$);
#2290=IFCCARTESIANPOINT((6.,6.,3.));
#2291=IFCDIRECTION((0.,1.,0.));
#2292=IFCDIRECTION((1.,0.,0.));
#2293=IFCAXIS2PLACEMENT3D(#2290,#2291,#2292);
#2294=IFCLOCALPLACEMENT($,#2293);
#2295=IFCOWNERHISTORY(#3,#5,.READWRITE.,.MODIFIED.,1777764232,#3,#5,1777764232);
#2296=IFCBEAM('0krz_8euD28PyABxdGLSGL',#2295,'BM-V-2CD-GF',$,$,#2322,#2309,$);
#2302=IFCCARTESIANPOINT((0.,0.,0.));
#2303=IFCDIRECTION((0.,0.,1.));
#2304=IFCDIRECTION((1.,0.,0.));
#2305=IFCAXIS2PLACEMENT3D(#2302,#2303,#2304);
#2306=IFCDIRECTION((0.,0.,1.));
#2307=IFCEXTRUDEDAREASOLID(#1818,#2305,#2306,6.);
#2308=IFCSHAPEREPRESENTATION(#13,'Body','SweptSolid',(#2307));
#2309=IFCPRODUCTDEFINITIONSHAPE($,$,(#2308));
#2310=IFCOWNERHISTORY(#3,#5,.READWRITE.,.ADDED.,1777764232,#3,#5,1777764232);
#2311=IFCPROPERTYSET('1FOcpUIpTE$AsZZshdAwYl',#2310,'Pset_ElementMark',$,(#2314,#2315,#2316,#2317));
#2312=IFCOWNERHISTORY(#3,#5,.READWRITE.,.ADDED.,1777764232,#3,#5,1777764232);
#2313=IFCRELDEFINESBYPROPERTIES('0qpTYGh4rB7RrtJ8E$fBP2',#2312,$,$,(#2296),#2311);
#2314=IFCPROPERTYSINGLEVALUE('Mark',$,IFCLABEL('BM-V-2CD-GF'),$);
#2315=IFCPROPERTYSINGLEVALUE('ElementType',$,IFCLABEL('Beam'),$);
#2316=IFCPROPERTYSINGLEVALUE('Direction',$,IFCLABEL('V'),$);
#2317=IFCPROPERTYSINGLEVALUE('Level',$,IFCLABEL('GF'),$);
#2318=IFCCARTESIANPOINT((6.,12.,3.));
#2319=IFCDIRECTION((0.,1.,0.));
#2320=IFCDIRECTION((1.,0.,0.));
#2321=IFCAXIS2PLACEMENT3D(#2318,#2319,#2320);
#2322=IFCLOCALPLACEMENT($,#2321);
#2323=IFCOWNERHISTORY(#3,#5,.READWRITE.,.MODIFIED.,1777764232,#3,#5,1777764232);
#2324=IFCBEAM('34XRl6kBvCTh6R_k9OMu59',#2323,'BM-V-3AB-GF',$,$,#2350,#2337,$);
#2330=IFCCARTESIANPOINT((0.,0.,0.));
#2331=IFCDIRECTION((0.,0.,1.));
#2332=IFCDIRECTION((1.,0.,0.));
#2333=IFCAXIS2PLACEMENT3D(#2330,#2331,#2332);
#2334=IFCDIRECTION((0.,0.,1.));
#2335=IFCEXTRUDEDAREASOLID(#1818,#2333,#2334,6.);
#2336=IFCSHAPEREPRESENTATION(#13,'Body','SweptSolid',(#2335));
#2337=IFCPRODUCTDEFINITIONSHAPE($,$,(#2336));
#2338=IFCOWNERHISTORY(#3,#5,.READWRITE.,.ADDED.,1777764232,#3,#5,1777764232);
#2339=IFCPROPERTYSET('3NGRthtjD6LAlXCJ4lWGRG',#2338,'Pset_ElementMark',$,(#2342,#2343,#2344,#2345));
#2340=IFCOWNERHISTORY(#3,#5,.READWRITE.,.ADDED.,1777764232,#3,#5,1777764232);
#2341=IFCRELDEFINESBYPROPERTIES('3u7WfbHtXE6P1JXNI0lM6Z',#2340,$,$,(#2324),#2339);
#2342=IFCPROPERTYSINGLEVALUE('Mark',$,IFCLABEL('BM-V-3AB-GF'),$);
#2343=IFCPROPERTYSINGLEVALUE('ElementType',$,IFCLABEL('Beam'),$);
#2344=IFCPROPERTYSINGLEVALUE('Direction',$,IFCLABEL('V'),$);
#2345=IFCPROPERTYSINGLEVALUE('Level',$,IFCLABEL('GF'),$);
#2346=IFCCARTESIANPOINT((12.,0.,3.));
#2347=IFCDIRECTION((0.,1.,0.));
#2348=IFCDIRECTION((1.,0.,0.));
#2349=IFCAXIS2PLACEMENT3D(#2346,#2347,#2348);
#2350=IFCLOCALPLACEMENT($,#2349);
#2351=IFCOWNERHISTORY(#3,#5,.READWRITE.,.MODIFIED.,1777764232,#3,#5,1777764232);
#2352=IFCBEAM('2lTJ9FIdv00OEL0NjJb9vy',#2351,'BM-V-3BC-GF',$,$,#2378,#2365,$);
#2358=IFCCARTESIANPOINT((0.,0.,0.));
#2359=IFCDIRECTION((0.,0.,1.));
#2360=IFCDIRECTION((1.,0.,0.));
#2361=IFCAXIS2PLACEMENT3D(#2358,#2359,#2360);
#2362=IFCDIRECTION((0.,0.,1.));
#2363=IFCEXTRUDEDAREASOLID(#1818,#2361,#2362,6.);
#2364=IFCSHAPEREPRESENTATION(#13,'Body','SweptSolid',(#2363));
#2365=IFCPRODUCTDEFINITIONSHAPE($,$,(#2364));
#2366=IFCOWNERHISTORY(#3,#5,.READWRITE.,.ADDED.,1777764232,#3,#5,1777764232);
#2367=IFCPROPERTYSET('3NAK4TUWz1Awb7uN5p6Ntz',#2366,'Pset_ElementMark',$,(#2370,#2371,#2372,#2373));
#2368=IFCOWNERHISTORY(#3,#5,.READWRITE.,.ADDED.,1777764232,#3,#5,1777764232);
#2369=IFCRELDEFINESBYPROPERTIES('2gsftMqzj8UOM0Kez$Wfwm',#2368,$,$,(#2352),#2367);
#2370=IFCPROPERTYSINGLEVALUE('Mark',$,IFCLABEL('BM-V-3BC-GF'),$);
#2371=IFCPROPERTYSINGLEVALUE('ElementType',$,IFCLABEL('Beam'),$);
#2372=IFCPROPERTYSINGLEVALUE('Direction',$,IFCLABEL('V'),$);
#2373=IFCPROPERTYSINGLEVALUE('Level',$,IFCLABEL('GF'),$);
#2374=IFCCARTESIANPOINT((12.,6.,3.));
#2375=IFCDIRECTION((0.,1.,0.));
#2376=IFCDIRECTION((1.,0.,0.));
#2377=IFCAXIS2PLACEMENT3D(#2374,#2375,#2376);
#2378=IFCLOCALPLACEMENT($,#2377);
#2379=IFCOWNERHISTORY(#3,#5,.READWRITE.,.MODIFIED.,1777764232,#3,#5,1777764232);
#2380=IFCBEAM('1uS$sb2wX34fQCzE2fW4es',#2379,'BM-V-3CD-GF',$,$,#2406,#2393,$);
#2386=IFCCARTESIANPOINT((0.,0.,0.));
#2387=IFCDIRECTION((0.,0.,1.));
#2388=IFCDIRECTION((1.,0.,0.));
#2389=IFCAXIS2PLACEMENT3D(#2386,#2387,#2388);
#2390=IFCDIRECTION((0.,0.,1.));
#2391=IFCEXTRUDEDAREASOLID(#1818,#2389,#2390,6.);
#2392=IFCSHAPEREPRESENTATION(#13,'Body','SweptSolid',(#2391));
#2393=IFCPRODUCTDEFINITIONSHAPE($,$,(#2392));
#2394=IFCOWNERHISTORY(#3,#5,.READWRITE.,.ADDED.,1777764232,#3,#5,1777764232);
#2395=IFCPROPERTYSET('0j8Jf9Nz9049kGH1UNZWtZ',#2394,'Pset_ElementMark',$,(#2398,#2399,#2400,#2401));
#2396=IFCOWNERHISTORY(#3,#5,.READWRITE.,.ADDED.,1777764232,#3,#5,1777764232);
#2397=IFCRELDEFINESBYPROPERTIES('37H15ysNT7dwkc1aeQYDan',#2396,$,$,(#2380),#2395);
#2398=IFCPROPERTYSINGLEVALUE('Mark',$,IFCLABEL('BM-V-3CD-GF'),$);
#2399=IFCPROPERTYSINGLEVALUE('ElementType',$,IFCLABEL('Beam'),$);
#2400=IFCPROPERTYSINGLEVALUE('Direction',$,IFCLABEL('V'),$);
#2401=IFCPROPERTYSINGLEVALUE('Level',$,IFCLABEL('GF'),$);
#2402=IFCCARTESIANPOINT((12.,12.,3.));
#2403=IFCDIRECTION((0.,1.,0.));
#2404=IFCDIRECTION((1.,0.,0.));
#2405=IFCAXIS2PLACEMENT3D(#2402,#2403,#2404);
#2406=IFCLOCALPLACEMENT($,#2405);
#2407=IFCOWNERHISTORY(#3,#5,.READWRITE.,.MODIFIED.,1777764232,#3,#5,1777764232);
#2408=IFCBEAM('1sbVuUJV17SQv1S4a6GrCQ',#2407,'BM-V-4AB-GF',$,$,#2434,#2421,$);
#2414=IFCCARTESIANPOINT((0.,0.,0.));
#2415=IFCDIRECTION((0.,0.,1.));
#2416=IFCDIRECTION((1.,0.,0.));
#2417=IFCAXIS2PLACEMENT3D(#2414,#2415,#2416);
#2418=IFCDIRECTION((0.,0.,1.));
#2419=IFCEXTRUDEDAREASOLID(#1818,#2417,#2418,6.);
#2420=IFCSHAPEREPRESENTATION(#13,'Body','SweptSolid',(#2419));
#2421=IFCPRODUCTDEFINITIONSHAPE($,$,(#2420));
#2422=IFCOWNERHISTORY(#3,#5,.READWRITE.,.ADDED.,1777764232,#3,#5,1777764232);
#2423=IFCPROPERTYSET('025kUj33f89uKgWt6cVxbC',#2422,'Pset_ElementMark',$,(#2426,#2427,#2428,#2429));
#2424=IFCOWNERHISTORY(#3,#5,.READWRITE.,.ADDED.,1777764232,#3,#5,1777764232);
#2425=IFCRELDEFINESBYPROPERTIES('2f9ORajmz4dxVnnCO9x8sQ',#2424,$,$,(#2408),#2423);
#2426=IFCPROPERTYSINGLEVALUE('Mark',$,IFCLABEL('BM-V-4AB-GF'),$);
#2427=IFCPROPERTYSINGLEVALUE('ElementType',$,IFCLABEL('Beam'),$);
#2428=IFCPROPERTYSINGLEVALUE('Direction',$,IFCLABEL('V'),$);
#2429=IFCPROPERTYSINGLEVALUE('Level',$,IFCLABEL('GF'),$);
#2430=IFCCARTESIANPOINT((18.,0.,3.));
#2431=IFCDIRECTION((0.,1.,0.));
#2432=IFCDIRECTION((1.,0.,0.));
#2433=IFCAXIS2PLACEMENT3D(#2430,#2431,#2432);
#2434=IFCLOCALPLACEMENT($,#2433);
#2435=IFCOWNERHISTORY(#3,#5,.READWRITE.,.MODIFIED.,1777764232,#3,#5,1777764232);
#2436=IFCBEAM('0b7m5RqqjDzhhlyL$iv2Lx',#2435,'BM-V-4BC-GF',$,$,#2462,#2449,$);
#2442=IFCCARTESIANPOINT((0.,0.,0.));
#2443=IFCDIRECTION((0.,0.,1.));
#2444=IFCDIRECTION((1.,0.,0.));
#2445=IFCAXIS2PLACEMENT3D(#2442,#2443,#2444);
#2446=IFCDIRECTION((0.,0.,1.));
#2447=IFCEXTRUDEDAREASOLID(#1818,#2445,#2446,6.);
#2448=IFCSHAPEREPRESENTATION(#13,'Body','SweptSolid',(#2447));
#2449=IFCPRODUCTDEFINITIONSHAPE($,$,(#2448));
#2450=IFCOWNERHISTORY(#3,#5,.READWRITE.,.ADDED.,1777764232,#3,#5,1777764232);
#2451=IFCPROPERTYSET('2lth1rF7b1Kf89v82eNeYV',#2450,'Pset_ElementMark',$,(#2454,#2455,#2456,#2457));
#2452=IFCOWNERHISTORY(#3,#5,.READWRITE.,.ADDED.,1777764232,#3,#5,1777764232);
#2453=IFCRELDEFINESBYPROPERTIES('3LyE_dH6r00hK9ABaszN6g',#2452,$,$,(#2436),#2451);
#2454=IFCPROPERTYSINGLEVALUE('Mark',$,IFCLABEL('BM-V-4BC-GF'),$);
#2455=IFCPROPERTYSINGLEVALUE('ElementType',$,IFCLABEL('Beam'),$);
#2456=IFCPROPERTYSINGLEVALUE('Direction',$,IFCLABEL('V'),$);
#2457=IFCPROPERTYSINGLEVALUE('Level',$,IFCLABEL('GF'),$);
#2458=IFCCARTESIANPOINT((18.,6.,3.));
#2459=IFCDIRECTION((0.,1.,0.));
#2460=IFCDIRECTION((1.,0.,0.));
#2461=IFCAXIS2PLACEMENT3D(#2458,#2459,#2460);
#2462=IFCLOCALPLACEMENT($,#2461);
#2463=IFCOWNERHISTORY(#3,#5,.READWRITE.,.MODIFIED.,1777764232,#3,#5,1777764232);
#2464=IFCBEAM('18JfYETEL63fv9WgVEKAv6',#2463,'BM-V-4CD-GF',$,$,#2490,#2477,$);
#2470=IFCCARTESIANPOINT((0.,0.,0.));
#2471=IFCDIRECTION((0.,0.,1.));
#2472=IFCDIRECTION((1.,0.,0.));
#2473=IFCAXIS2PLACEMENT3D(#2470,#2471,#2472);
#2474=IFCDIRECTION((0.,0.,1.));
#2475=IFCEXTRUDEDAREASOLID(#1818,#2473,#2474,6.);
#2476=IFCSHAPEREPRESENTATION(#13,'Body','SweptSolid',(#2475));
#2477=IFCPRODUCTDEFINITIONSHAPE($,$,(#2476));
#2478=IFCOWNERHISTORY(#3,#5,.READWRITE.,.ADDED.,1777764232,#3,#5,1777764232);
#2479=IFCPROPERTYSET('3g4FKy4SL8MB2UNCClfT4H',#2478,'Pset_ElementMark',$,(#2482,#2483,#2484,#2485));
#2480=IFCOWNERHISTORY(#3,#5,.READWRITE.,.ADDED.,1777764232,#3,#5,1777764232);
#2481=IFCRELDEFINESBYPROPERTIES('2oLYRXtY5C2e6R31KrmF$2',#2480,$,$,(#2464),#2479);
#2482=IFCPROPERTYSINGLEVALUE('Mark',$,IFCLABEL('BM-V-4CD-GF'),$);
#2483=IFCPROPERTYSINGLEVALUE('ElementType',$,IFCLABEL('Beam'),$);
#2484=IFCPROPERTYSINGLEVALUE('Direction',$,IFCLABEL('V'),$);
#2485=IFCPROPERTYSINGLEVALUE('Level',$,IFCLABEL('GF'),$);
#2486=IFCCARTESIANPOINT((18.,12.,3.));
#2487=IFCDIRECTION((0.,1.,0.));
#2488=IFCDIRECTION((1.,0.,0.));
#2489=IFCAXIS2PLACEMENT3D(#2486,#2487,#2488);
#2490=IFCLOCALPLACEMENT($,#2489);
#2491=IFCOWNERHISTORY(#3,#5,.READWRITE.,.MODIFIED.,1777764232,#3,#5,1777764232);
#2492=IFCBEAM('1grre$FAP5kuDrEGFRqU_Z',#2491,'BM-H-A12-L1',$,$,#2518,#2505,$);
#2498=IFCCARTESIANPOINT((0.,0.,0.));
#2499=IFCDIRECTION((0.,0.,1.));
#2500=IFCDIRECTION((1.,0.,0.));
#2501=IFCAXIS2PLACEMENT3D(#2498,#2499,#2500);
#2502=IFCDIRECTION((0.,0.,1.));
#2503=IFCEXTRUDEDAREASOLID(#1818,#2501,#2502,6.);
#2504=IFCSHAPEREPRESENTATION(#13,'Body','SweptSolid',(#2503));
#2505=IFCPRODUCTDEFINITIONSHAPE($,$,(#2504));
#2506=IFCOWNERHISTORY(#3,#5,.READWRITE.,.ADDED.,1777764232,#3,#5,1777764232);
#2507=IFCPROPERTYSET('3XfJbZ_QnEvusSknm9XKwI',#2506,'Pset_ElementMark',$,(#2510,#2511,#2512,#2513));
#2508=IFCOWNERHISTORY(#3,#5,.READWRITE.,.ADDED.,1777764232,#3,#5,1777764232);
#2509=IFCRELDEFINESBYPROPERTIES('2JVaMPAVD0z9Mdam27fYZw',#2508,$,$,(#2492),#2507);
#2510=IFCPROPERTYSINGLEVALUE('Mark',$,IFCLABEL('BM-H-A12-L1'),$);
#2511=IFCPROPERTYSINGLEVALUE('ElementType',$,IFCLABEL('Beam'),$);
#2512=IFCPROPERTYSINGLEVALUE('Direction',$,IFCLABEL('H'),$);
#2513=IFCPROPERTYSINGLEVALUE('Level',$,IFCLABEL('L1'),$);
#2514=IFCCARTESIANPOINT((0.,0.,6.5));
#2515=IFCDIRECTION((1.,0.,0.));
#2516=IFCDIRECTION((0.,1.,0.));
#2517=IFCAXIS2PLACEMENT3D(#2514,#2515,#2516);
#2518=IFCLOCALPLACEMENT($,#2517);
#2519=IFCOWNERHISTORY(#3,#5,.READWRITE.,.MODIFIED.,1777764232,#3,#5,1777764232);
#2520=IFCBEAM('0vJzn9yoDBafHyCN$y2y9C',#2519,'BM-H-A23-L1',$,$,#2546,#2533,$);
#2526=IFCCARTESIANPOINT((0.,0.,0.));
#2527=IFCDIRECTION((0.,0.,1.));
#2528=IFCDIRECTION((1.,0.,0.));
#2529=IFCAXIS2PLACEMENT3D(#2526,#2527,#2528);
#2530=IFCDIRECTION((0.,0.,1.));
#2531=IFCEXTRUDEDAREASOLID(#1818,#2529,#2530,6.);
#2532=IFCSHAPEREPRESENTATION(#13,'Body','SweptSolid',(#2531));
#2533=IFCPRODUCTDEFINITIONSHAPE($,$,(#2532));
#2534=IFCOWNERHISTORY(#3,#5,.READWRITE.,.ADDED.,1777764232,#3,#5,1777764232);
#2535=IFCPROPERTYSET('0huu4fhVr4IfpBNj_mfsJH',#2534,'Pset_ElementMark',$,(#2538,#2539,#2540,#2541));
#2536=IFCOWNERHISTORY(#3,#5,.READWRITE.,.ADDED.,1777764232,#3,#5,1777764232);
#2537=IFCRELDEFINESBYPROPERTIES('1Z8gKhvb9C2ho4o49wcLRC',#2536,$,$,(#2520),#2535);
#2538=IFCPROPERTYSINGLEVALUE('Mark',$,IFCLABEL('BM-H-A23-L1'),$);
#2539=IFCPROPERTYSINGLEVALUE('ElementType',$,IFCLABEL('Beam'),$);
#2540=IFCPROPERTYSINGLEVALUE('Direction',$,IFCLABEL('H'),$);
#2541=IFCPROPERTYSINGLEVALUE('Level',$,IFCLABEL('L1'),$);
#2542=IFCCARTESIANPOINT((6.,0.,6.5));
#2543=IFCDIRECTION((1.,0.,0.));
#2544=IFCDIRECTION((0.,1.,0.));
#2545=IFCAXIS2PLACEMENT3D(#2542,#2543,#2544);
#2546=IFCLOCALPLACEMENT($,#2545);
#2547=IFCOWNERHISTORY(#3,#5,.READWRITE.,.MODIFIED.,1777764232,#3,#5,1777764232);
#2548=IFCBEAM('3iAVE6mVP5sAqjCzp84plf',#2547,'BM-H-A34-L1',$,$,#2574,#2561,$);
#2554=IFCCARTESIANPOINT((0.,0.,0.));
#2555=IFCDIRECTION((0.,0.,1.));
#2556=IFCDIRECTION((1.,0.,0.));
#2557=IFCAXIS2PLACEMENT3D(#2554,#2555,#2556);
#2558=IFCDIRECTION((0.,0.,1.));
#2559=IFCEXTRUDEDAREASOLID(#1818,#2557,#2558,6.);
#2560=IFCSHAPEREPRESENTATION(#13,'Body','SweptSolid',(#2559));
#2561=IFCPRODUCTDEFINITIONSHAPE($,$,(#2560));
#2562=IFCOWNERHISTORY(#3,#5,.READWRITE.,.ADDED.,1777764232,#3,#5,1777764232);
#2563=IFCPROPERTYSET('0XhtiUY2nAmRRTSOK8Vraw',#2562,'Pset_ElementMark',$,(#2566,#2567,#2568,#2569));
#2564=IFCOWNERHISTORY(#3,#5,.READWRITE.,.ADDED.,1777764232,#3,#5,1777764232);
#2565=IFCRELDEFINESBYPROPERTIES('2r3kVUUSDCgeCVOft85Hws',#2564,$,$,(#2548),#2563);
#2566=IFCPROPERTYSINGLEVALUE('Mark',$,IFCLABEL('BM-H-A34-L1'),$);
#2567=IFCPROPERTYSINGLEVALUE('ElementType',$,IFCLABEL('Beam'),$);
#2568=IFCPROPERTYSINGLEVALUE('Direction',$,IFCLABEL('H'),$);
#2569=IFCPROPERTYSINGLEVALUE('Level',$,IFCLABEL('L1'),$);
#2570=IFCCARTESIANPOINT((12.,0.,6.5));
#2571=IFCDIRECTION((1.,0.,0.));
#2572=IFCDIRECTION((0.,1.,0.));
#2573=IFCAXIS2PLACEMENT3D(#2570,#2571,#2572);
#2574=IFCLOCALPLACEMENT($,#2573);
#2575=IFCOWNERHISTORY(#3,#5,.READWRITE.,.MODIFIED.,1777764232,#3,#5,1777764232);
#2576=IFCBEAM('2sNLyCJArD5uKIiGJi0$mq',#2575,'BM-H-B12-L1',$,$,#2602,#2589,$);
#2582=IFCCARTESIANPOINT((0.,0.,0.));
#2583=IFCDIRECTION((0.,0.,1.));
#2584=IFCDIRECTION((1.,0.,0.));
#2585=IFCAXIS2PLACEMENT3D(#2582,#2583,#2584);
#2586=IFCDIRECTION((0.,0.,1.));
#2587=IFCEXTRUDEDAREASOLID(#1818,#2585,#2586,6.);
#2588=IFCSHAPEREPRESENTATION(#13,'Body','SweptSolid',(#2587));
#2589=IFCPRODUCTDEFINITIONSHAPE($,$,(#2588));
#2590=IFCOWNERHISTORY(#3,#5,.READWRITE.,.ADDED.,1777764232,#3,#5,1777764232);
#2591=IFCPROPERTYSET('2aXHtEKFn509XAJHp2PDe6',#2590,'Pset_ElementMark',$,(#2594,#2595,#2596,#2597));
#2592=IFCOWNERHISTORY(#3,#5,.READWRITE.,.ADDED.,1777764232,#3,#5,1777764232);
#2593=IFCRELDEFINESBYPROPERTIES('0BEP3uNyj0zOGcwCZS2FUb',#2592,$,$,(#2576),#2591);
#2594=IFCPROPERTYSINGLEVALUE('Mark',$,IFCLABEL('BM-H-B12-L1'),$);
#2595=IFCPROPERTYSINGLEVALUE('ElementType',$,IFCLABEL('Beam'),$);
#2596=IFCPROPERTYSINGLEVALUE('Direction',$,IFCLABEL('H'),$);
#2597=IFCPROPERTYSINGLEVALUE('Level',$,IFCLABEL('L1'),$);
#2598=IFCCARTESIANPOINT((0.,6.,6.5));
#2599=IFCDIRECTION((1.,0.,0.));
#2600=IFCDIRECTION((0.,1.,0.));
#2601=IFCAXIS2PLACEMENT3D(#2598,#2599,#2600);
#2602=IFCLOCALPLACEMENT($,#2601);
#2603=IFCOWNERHISTORY(#3,#5,.READWRITE.,.MODIFIED.,1777764232,#3,#5,1777764232);
#2604=IFCBEAM('1N2hveqNLD2vRAg2Jn_DDk',#2603,'BM-H-B23-L1',$,$,#2630,#2617,$);
#2610=IFCCARTESIANPOINT((0.,0.,0.));
#2611=IFCDIRECTION((0.,0.,1.));
#2612=IFCDIRECTION((1.,0.,0.));
#2613=IFCAXIS2PLACEMENT3D(#2610,#2611,#2612);
#2614=IFCDIRECTION((0.,0.,1.));
#2615=IFCEXTRUDEDAREASOLID(#1818,#2613,#2614,6.);
#2616=IFCSHAPEREPRESENTATION(#13,'Body','SweptSolid',(#2615));
#2617=IFCPRODUCTDEFINITIONSHAPE($,$,(#2616));
#2618=IFCOWNERHISTORY(#3,#5,.READWRITE.,.ADDED.,1777764232,#3,#5,1777764232);
#2619=IFCPROPERTYSET('2fzvU76qDAGgEGPObl_K13',#2618,'Pset_ElementMark',$,(#2622,#2623,#2624,#2625));
#2620=IFCOWNERHISTORY(#3,#5,.READWRITE.,.ADDED.,1777764232,#3,#5,1777764232);
#2621=IFCRELDEFINESBYPROPERTIES('1_vHc7bDT5sRXWDYVGU$xf',#2620,$,$,(#2604),#2619);
#2622=IFCPROPERTYSINGLEVALUE('Mark',$,IFCLABEL('BM-H-B23-L1'),$);
#2623=IFCPROPERTYSINGLEVALUE('ElementType',$,IFCLABEL('Beam'),$);
#2624=IFCPROPERTYSINGLEVALUE('Direction',$,IFCLABEL('H'),$);
#2625=IFCPROPERTYSINGLEVALUE('Level',$,IFCLABEL('L1'),$);
#2626=IFCCARTESIANPOINT((6.,6.,6.5));
#2627=IFCDIRECTION((1.,0.,0.));
#2628=IFCDIRECTION((0.,1.,0.));
#2629=IFCAXIS2PLACEMENT3D(#2626,#2627,#2628);
#2630=IFCLOCALPLACEMENT($,#2629);
#2631=IFCOWNERHISTORY(#3,#5,.READWRITE.,.MODIFIED.,1777764232,#3,#5,1777764232);
#2632=IFCBEAM('06FPplhuj5CBF_eGitSls1',#2631,'BM-H-B34-L1',$,$,#2658,#2645,$);
#2638=IFCCARTESIANPOINT((0.,0.,0.));
#2639=IFCDIRECTION((0.,0.,1.));
#2640=IFCDIRECTION((1.,0.,0.));
#2641=IFCAXIS2PLACEMENT3D(#2638,#2639,#2640);
#2642=IFCDIRECTION((0.,0.,1.));
#2643=IFCEXTRUDEDAREASOLID(#1818,#2641,#2642,6.);
#2644=IFCSHAPEREPRESENTATION(#13,'Body','SweptSolid',(#2643));
#2645=IFCPRODUCTDEFINITIONSHAPE($,$,(#2644));
#2646=IFCOWNERHISTORY(#3,#5,.READWRITE.,.ADDED.,1777764232,#3,#5,1777764232);
#2647=IFCPROPERTYSET('1Jr7VvBpz5cfxRrM8hC8ed',#2646,'Pset_ElementMark',$,(#2650,#2651,#2652,#2653));
#2648=IFCOWNERHISTORY(#3,#5,.READWRITE.,.ADDED.,1777764232,#3,#5,1777764232);
#2649=IFCRELDEFINESBYPROPERTIES('3I8XRuIdf91wNIvzWT$Nq9',#2648,$,$,(#2632),#2647);
#2650=IFCPROPERTYSINGLEVALUE('Mark',$,IFCLABEL('BM-H-B34-L1'),$);
#2651=IFCPROPERTYSINGLEVALUE('ElementType',$,IFCLABEL('Beam'),$);
#2652=IFCPROPERTYSINGLEVALUE('Direction',$,IFCLABEL('H'),$);
#2653=IFCPROPERTYSINGLEVALUE('Level',$,IFCLABEL('L1'),$);
#2654=IFCCARTESIANPOINT((12.,6.,6.5));
#2655=IFCDIRECTION((1.,0.,0.));
#2656=IFCDIRECTION((0.,1.,0.));
#2657=IFCAXIS2PLACEMENT3D(#2654,#2655,#2656);
#2658=IFCLOCALPLACEMENT($,#2657);
#2659=IFCOWNERHISTORY(#3,#5,.READWRITE.,.MODIFIED.,1777764232,#3,#5,1777764232);
#2660=IFCBEAM('2hTqAPOZn14Px56mZgKxYh',#2659,'BM-H-C12-L1',$,$,#2686,#2673,$);
#2666=IFCCARTESIANPOINT((0.,0.,0.));
#2667=IFCDIRECTION((0.,0.,1.));
#2668=IFCDIRECTION((1.,0.,0.));
#2669=IFCAXIS2PLACEMENT3D(#2666,#2667,#2668);
#2670=IFCDIRECTION((0.,0.,1.));
#2671=IFCEXTRUDEDAREASOLID(#1818,#2669,#2670,6.);
#2672=IFCSHAPEREPRESENTATION(#13,'Body','SweptSolid',(#2671));
#2673=IFCPRODUCTDEFINITIONSHAPE($,$,(#2672));
#2674=IFCOWNERHISTORY(#3,#5,.READWRITE.,.ADDED.,1777764232,#3,#5,1777764232);
#2675=IFCPROPERTYSET('2HjkM$PBj9pejVypli2ewg',#2674,'Pset_ElementMark',$,(#2678,#2679,#2680,#2681));
#2676=IFCOWNERHISTORY(#3,#5,.READWRITE.,.ADDED.,1777764232,#3,#5,1777764232);
#2677=IFCRELDEFINESBYPROPERTIES('2n_GdcDb539fODYi1iouxK',#2676,$,$,(#2660),#2675);
#2678=IFCPROPERTYSINGLEVALUE('Mark',$,IFCLABEL('BM-H-C12-L1'),$);
#2679=IFCPROPERTYSINGLEVALUE('ElementType',$,IFCLABEL('Beam'),$);
#2680=IFCPROPERTYSINGLEVALUE('Direction',$,IFCLABEL('H'),$);
#2681=IFCPROPERTYSINGLEVALUE('Level',$,IFCLABEL('L1'),$);
#2682=IFCCARTESIANPOINT((0.,12.,6.5));
#2683=IFCDIRECTION((1.,0.,0.));
#2684=IFCDIRECTION((0.,1.,0.));
#2685=IFCAXIS2PLACEMENT3D(#2682,#2683,#2684);
#2686=IFCLOCALPLACEMENT($,#2685);
#2687=IFCOWNERHISTORY(#3,#5,.READWRITE.,.MODIFIED.,1777764232,#3,#5,1777764232);
#2688=IFCBEAM('0wthyhuNTCReF_kYVBNaIa',#2687,'BM-H-C23-L1',$,$,#2714,#2701,$);
#2694=IFCCARTESIANPOINT((0.,0.,0.));
#2695=IFCDIRECTION((0.,0.,1.));
#2696=IFCDIRECTION((1.,0.,0.));
#2697=IFCAXIS2PLACEMENT3D(#2694,#2695,#2696);
#2698=IFCDIRECTION((0.,0.,1.));
#2699=IFCEXTRUDEDAREASOLID(#1818,#2697,#2698,6.);
#2700=IFCSHAPEREPRESENTATION(#13,'Body','SweptSolid',(#2699));
#2701=IFCPRODUCTDEFINITIONSHAPE($,$,(#2700));
#2702=IFCOWNERHISTORY(#3,#5,.READWRITE.,.ADDED.,1777764232,#3,#5,1777764232);
#2703=IFCPROPERTYSET('3NVOmxlyXBRwptLahCc0r5',#2702,'Pset_ElementMark',$,(#2706,#2707,#2708,#2709));
#2704=IFCOWNERHISTORY(#3,#5,.READWRITE.,.ADDED.,1777764232,#3,#5,1777764232);
#2705=IFCRELDEFINESBYPROPERTIES('2w_KNIIxXBjPTF1kpFs2xG',#2704,$,$,(#2688),#2703);
#2706=IFCPROPERTYSINGLEVALUE('Mark',$,IFCLABEL('BM-H-C23-L1'),$);
#2707=IFCPROPERTYSINGLEVALUE('ElementType',$,IFCLABEL('Beam'),$);
#2708=IFCPROPERTYSINGLEVALUE('Direction',$,IFCLABEL('H'),$);
#2709=IFCPROPERTYSINGLEVALUE('Level',$,IFCLABEL('L1'),$);
#2710=IFCCARTESIANPOINT((6.,12.,6.5));
#2711=IFCDIRECTION((1.,0.,0.));
#2712=IFCDIRECTION((0.,1.,0.));
#2713=IFCAXIS2PLACEMENT3D(#2710,#2711,#2712);
#2714=IFCLOCALPLACEMENT($,#2713);
#2715=IFCOWNERHISTORY(#3,#5,.READWRITE.,.MODIFIED.,1777764232,#3,#5,1777764232);
#2716=IFCBEAM('1aexJPaiHCr90lRACxi2WM',#2715,'BM-H-C34-L1',$,$,#2742,#2729,$);
#2722=IFCCARTESIANPOINT((0.,0.,0.));
#2723=IFCDIRECTION((0.,0.,1.));
#2724=IFCDIRECTION((1.,0.,0.));
#2725=IFCAXIS2PLACEMENT3D(#2722,#2723,#2724);
#2726=IFCDIRECTION((0.,0.,1.));
#2727=IFCEXTRUDEDAREASOLID(#1818,#2725,#2726,6.);
#2728=IFCSHAPEREPRESENTATION(#13,'Body','SweptSolid',(#2727));
#2729=IFCPRODUCTDEFINITIONSHAPE($,$,(#2728));
#2730=IFCOWNERHISTORY(#3,#5,.READWRITE.,.ADDED.,1777764232,#3,#5,1777764232);
#2731=IFCPROPERTYSET('2drI_MgzP4PeOghuKSzOaA',#2730,'Pset_ElementMark',$,(#2734,#2735,#2736,#2737));
#2732=IFCOWNERHISTORY(#3,#5,.READWRITE.,.ADDED.,1777764232,#3,#5,1777764232);
#2733=IFCRELDEFINESBYPROPERTIES('09szNoO$r0ZuKZGwDjLs61',#2732,$,$,(#2716),#2731);
#2734=IFCPROPERTYSINGLEVALUE('Mark',$,IFCLABEL('BM-H-C34-L1'),$);
#2735=IFCPROPERTYSINGLEVALUE('ElementType',$,IFCLABEL('Beam'),$);
#2736=IFCPROPERTYSINGLEVALUE('Direction',$,IFCLABEL('H'),$);
#2737=IFCPROPERTYSINGLEVALUE('Level',$,IFCLABEL('L1'),$);
#2738=IFCCARTESIANPOINT((12.,12.,6.5));
#2739=IFCDIRECTION((1.,0.,0.));
#2740=IFCDIRECTION((0.,1.,0.));
#2741=IFCAXIS2PLACEMENT3D(#2738,#2739,#2740);
#2742=IFCLOCALPLACEMENT($,#2741);
#2743=IFCOWNERHISTORY(#3,#5,.READWRITE.,.MODIFIED.,1777764232,#3,#5,1777764232);
#2744=IFCBEAM('2q3QB5bI94$wefUaeUEUYV',#2743,'BM-H-D12-L1',$,$,#2770,#2757,$);
#2750=IFCCARTESIANPOINT((0.,0.,0.));
#2751=IFCDIRECTION((0.,0.,1.));
#2752=IFCDIRECTION((1.,0.,0.));
#2753=IFCAXIS2PLACEMENT3D(#2750,#2751,#2752);
#2754=IFCDIRECTION((0.,0.,1.));
#2755=IFCEXTRUDEDAREASOLID(#1818,#2753,#2754,6.);
#2756=IFCSHAPEREPRESENTATION(#13,'Body','SweptSolid',(#2755));
#2757=IFCPRODUCTDEFINITIONSHAPE($,$,(#2756));
#2758=IFCOWNERHISTORY(#3,#5,.READWRITE.,.ADDED.,1777764232,#3,#5,1777764232);
#2759=IFCPROPERTYSET('3qvZNNhSX84w9wRShJPvif',#2758,'Pset_ElementMark',$,(#2762,#2763,#2764,#2765));
#2760=IFCOWNERHISTORY(#3,#5,.READWRITE.,.ADDED.,1777764232,#3,#5,1777764232);
#2761=IFCRELDEFINESBYPROPERTIES('129UQLecr609QC8hjZ0QuC',#2760,$,$,(#2744),#2759);
#2762=IFCPROPERTYSINGLEVALUE('Mark',$,IFCLABEL('BM-H-D12-L1'),$);
#2763=IFCPROPERTYSINGLEVALUE('ElementType',$,IFCLABEL('Beam'),$);
#2764=IFCPROPERTYSINGLEVALUE('Direction',$,IFCLABEL('H'),$);
#2765=IFCPROPERTYSINGLEVALUE('Level',$,IFCLABEL('L1'),$);
#2766=IFCCARTESIANPOINT((0.,18.,6.5));
#2767=IFCDIRECTION((1.,0.,0.));
#2768=IFCDIRECTION((0.,1.,0.));
#2769=IFCAXIS2PLACEMENT3D(#2766,#2767,#2768);
#2770=IFCLOCALPLACEMENT($,#2769);
#2771=IFCOWNERHISTORY(#3,#5,.READWRITE.,.MODIFIED.,1777764232,#3,#5,1777764232);
#2772=IFCBEAM('1ZmI$mP6XEX8V8muOL_qZz',#2771,'BM-H-D23-L1',$,$,#2798,#2785,$);
#2778=IFCCARTESIANPOINT((0.,0.,0.));
#2779=IFCDIRECTION((0.,0.,1.));
#2780=IFCDIRECTION((1.,0.,0.));
#2781=IFCAXIS2PLACEMENT3D(#2778,#2779,#2780);
#2782=IFCDIRECTION((0.,0.,1.));
#2783=IFCEXTRUDEDAREASOLID(#1818,#2781,#2782,6.);
#2784=IFCSHAPEREPRESENTATION(#13,'Body','SweptSolid',(#2783));
#2785=IFCPRODUCTDEFINITIONSHAPE($,$,(#2784));
#2786=IFCOWNERHISTORY(#3,#5,.READWRITE.,.ADDED.,1777764232,#3,#5,1777764232);
#2787=IFCPROPERTYSET('1vAauCO350qRbsbXwZZiCz',#2786,'Pset_ElementMark',$,(#2790,#2791,#2792,#2793));
#2788=IFCOWNERHISTORY(#3,#5,.READWRITE.,.ADDED.,1777764232,#3,#5,1777764232);
#2789=IFCRELDEFINESBYPROPERTIES('2KAUwpg51BRPCidy94BGB6',#2788,$,$,(#2772),#2787);
#2790=IFCPROPERTYSINGLEVALUE('Mark',$,IFCLABEL('BM-H-D23-L1'),$);
#2791=IFCPROPERTYSINGLEVALUE('ElementType',$,IFCLABEL('Beam'),$);
#2792=IFCPROPERTYSINGLEVALUE('Direction',$,IFCLABEL('H'),$);
#2793=IFCPROPERTYSINGLEVALUE('Level',$,IFCLABEL('L1'),$);
#2794=IFCCARTESIANPOINT((6.,18.,6.5));
#2795=IFCDIRECTION((1.,0.,0.));
#2796=IFCDIRECTION((0.,1.,0.));
#2797=IFCAXIS2PLACEMENT3D(#2794,#2795,#2796);
#2798=IFCLOCALPLACEMENT($,#2797);
#2799=IFCOWNERHISTORY(#3,#5,.READWRITE.,.MODIFIED.,1777764232,#3,#5,1777764232);
#2800=IFCBEAM('2hUfMnHC93vvk7V9CIDBfX',#2799,'BM-H-D34-L1',$,$,#2826,#2813,$);
#2806=IFCCARTESIANPOINT((0.,0.,0.));
#2807=IFCDIRECTION((0.,0.,1.));
#2808=IFCDIRECTION((1.,0.,0.));
#2809=IFCAXIS2PLACEMENT3D(#2806,#2807,#2808);
#2810=IFCDIRECTION((0.,0.,1.));
#2811=IFCEXTRUDEDAREASOLID(#1818,#2809,#2810,6.);
#2812=IFCSHAPEREPRESENTATION(#13,'Body','SweptSolid',(#2811));
#2813=IFCPRODUCTDEFINITIONSHAPE($,$,(#2812));
#2814=IFCOWNERHISTORY(#3,#5,.READWRITE.,.ADDED.,1777764232,#3,#5,1777764232);
#2815=IFCPROPERTYSET('0D9JZio_nB0vjg1DYjrYUt',#2814,'Pset_ElementMark',$,(#2818,#2819,#2820,#2821));
#2816=IFCOWNERHISTORY(#3,#5,.READWRITE.,.ADDED.,1777764232,#3,#5,1777764232);
#2817=IFCRELDEFINESBYPROPERTIES('3JX70xvGT0x9rKaPCbbBm5',#2816,$,$,(#2800),#2815);
#2818=IFCPROPERTYSINGLEVALUE('Mark',$,IFCLABEL('BM-H-D34-L1'),$);
#2819=IFCPROPERTYSINGLEVALUE('ElementType',$,IFCLABEL('Beam'),$);
#2820=IFCPROPERTYSINGLEVALUE('Direction',$,IFCLABEL('H'),$);
#2821=IFCPROPERTYSINGLEVALUE('Level',$,IFCLABEL('L1'),$);
#2822=IFCCARTESIANPOINT((12.,18.,6.5));
#2823=IFCDIRECTION((1.,0.,0.));
#2824=IFCDIRECTION((0.,1.,0.));
#2825=IFCAXIS2PLACEMENT3D(#2822,#2823,#2824);
#2826=IFCLOCALPLACEMENT($,#2825);
#2827=IFCOWNERHISTORY(#3,#5,.READWRITE.,.MODIFIED.,1777764232,#3,#5,1777764232);
#2828=IFCBEAM('3uxyhdfZ1248Ds11GkstH6',#2827,'BM-V-1AB-L1',$,$,#2854,#2841,$);
#2834=IFCCARTESIANPOINT((0.,0.,0.));
#2835=IFCDIRECTION((0.,0.,1.));
#2836=IFCDIRECTION((1.,0.,0.));
#2837=IFCAXIS2PLACEMENT3D(#2834,#2835,#2836);
#2838=IFCDIRECTION((0.,0.,1.));
#2839=IFCEXTRUDEDAREASOLID(#1818,#2837,#2838,6.);
#2840=IFCSHAPEREPRESENTATION(#13,'Body','SweptSolid',(#2839));
#2841=IFCPRODUCTDEFINITIONSHAPE($,$,(#2840));
#2842=IFCOWNERHISTORY(#3,#5,.READWRITE.,.ADDED.,1777764232,#3,#5,1777764232);
#2843=IFCPROPERTYSET('0lhH6KQbzAaxMjpzQmlINR',#2842,'Pset_ElementMark',$,(#2846,#2847,#2848,#2849));
#2844=IFCOWNERHISTORY(#3,#5,.READWRITE.,.ADDED.,1777764232,#3,#5,1777764232);
#2845=IFCRELDEFINESBYPROPERTIES('0kyc8nWT923AT8p46hI2aG',#2844,$,$,(#2828),#2843);
#2846=IFCPROPERTYSINGLEVALUE('Mark',$,IFCLABEL('BM-V-1AB-L1'),$);
#2847=IFCPROPERTYSINGLEVALUE('ElementType',$,IFCLABEL('Beam'),$);
#2848=IFCPROPERTYSINGLEVALUE('Direction',$,IFCLABEL('V'),$);
#2849=IFCPROPERTYSINGLEVALUE('Level',$,IFCLABEL('L1'),$);
#2850=IFCCARTESIANPOINT((0.,0.,6.5));
#2851=IFCDIRECTION((0.,1.,0.));
#2852=IFCDIRECTION((1.,0.,0.));
#2853=IFCAXIS2PLACEMENT3D(#2850,#2851,#2852);
#2854=IFCLOCALPLACEMENT($,#2853);
#2855=IFCOWNERHISTORY(#3,#5,.READWRITE.,.MODIFIED.,1777764232,#3,#5,1777764232);
#2856=IFCBEAM('2b3jbwIQjAYAURl7F_B9F7',#2855,'BM-V-1BC-L1',$,$,#2882,#2869,$);
#2862=IFCCARTESIANPOINT((0.,0.,0.));
#2863=IFCDIRECTION((0.,0.,1.));
#2864=IFCDIRECTION((1.,0.,0.));
#2865=IFCAXIS2PLACEMENT3D(#2862,#2863,#2864);
#2866=IFCDIRECTION((0.,0.,1.));
#2867=IFCEXTRUDEDAREASOLID(#1818,#2865,#2866,6.);
#2868=IFCSHAPEREPRESENTATION(#13,'Body','SweptSolid',(#2867));
#2869=IFCPRODUCTDEFINITIONSHAPE($,$,(#2868));
#2870=IFCOWNERHISTORY(#3,#5,.READWRITE.,.ADDED.,1777764232,#3,#5,1777764232);
#2871=IFCPROPERTYSET('3$swgPP3H2BuFPScloxNee',#2870,'Pset_ElementMark',$,(#2874,#2875,#2876,#2877));
#2872=IFCOWNERHISTORY(#3,#5,.READWRITE.,.ADDED.,1777764232,#3,#5,1777764232);
#2873=IFCRELDEFINESBYPROPERTIES('23M3PYRyj7BwtX$rZ$YIy8',#2872,$,$,(#2856),#2871);
#2874=IFCPROPERTYSINGLEVALUE('Mark',$,IFCLABEL('BM-V-1BC-L1'),$);
#2875=IFCPROPERTYSINGLEVALUE('ElementType',$,IFCLABEL('Beam'),$);
#2876=IFCPROPERTYSINGLEVALUE('Direction',$,IFCLABEL('V'),$);
#2877=IFCPROPERTYSINGLEVALUE('Level',$,IFCLABEL('L1'),$);
#2878=IFCCARTESIANPOINT((0.,6.,6.5));
#2879=IFCDIRECTION((0.,1.,0.));
#2880=IFCDIRECTION((1.,0.,0.));
#2881=IFCAXIS2PLACEMENT3D(#2878,#2879,#2880);
#2882=IFCLOCALPLACEMENT($,#2881);
#2883=IFCOWNERHISTORY(#3,#5,.READWRITE.,.MODIFIED.,1777764232,#3,#5,1777764232);
#2884=IFCBEAM('1IFJDHrzDEw9SxX79VjJaK',#2883,'BM-V-1CD-L1',$,$,#2910,#2897,$);
#2890=IFCCARTESIANPOINT((0.,0.,0.));
#2891=IFCDIRECTION((0.,0.,1.));
#2892=IFCDIRECTION((1.,0.,0.));
#2893=IFCAXIS2PLACEMENT3D(#2890,#2891,#2892);
#2894=IFCDIRECTION((0.,0.,1.));
#2895=IFCEXTRUDEDAREASOLID(#1818,#2893,#2894,6.);
#2896=IFCSHAPEREPRESENTATION(#13,'Body','SweptSolid',(#2895));
#2897=IFCPRODUCTDEFINITIONSHAPE($,$,(#2896));
#2898=IFCOWNERHISTORY(#3,#5,.READWRITE.,.ADDED.,1777764232,#3,#5,1777764232);
#2899=IFCPROPERTYSET('3LOMs9N4rACxAxlCZM82F6',#2898,'Pset_ElementMark',$,(#2902,#2903,#2904,#2905));
#2900=IFCOWNERHISTORY(#3,#5,.READWRITE.,.ADDED.,1777764232,#3,#5,1777764232);
#2901=IFCRELDEFINESBYPROPERTIES('2Gpj6Q_jjB$uhciiKw6bJN',#2900,$,$,(#2884),#2899);
#2902=IFCPROPERTYSINGLEVALUE('Mark',$,IFCLABEL('BM-V-1CD-L1'),$);
#2903=IFCPROPERTYSINGLEVALUE('ElementType',$,IFCLABEL('Beam'),$);
#2904=IFCPROPERTYSINGLEVALUE('Direction',$,IFCLABEL('V'),$);
#2905=IFCPROPERTYSINGLEVALUE('Level',$,IFCLABEL('L1'),$);
#2906=IFCCARTESIANPOINT((0.,12.,6.5));
#2907=IFCDIRECTION((0.,1.,0.));
#2908=IFCDIRECTION((1.,0.,0.));
#2909=IFCAXIS2PLACEMENT3D(#2906,#2907,#2908);
#2910=IFCLOCALPLACEMENT($,#2909);
#2911=IFCOWNERHISTORY(#3,#5,.READWRITE.,.MODIFIED.,1777764232,#3,#5,1777764232);
#2912=IFCBEAM('3$UVpd__D5JhWFO6C1wVXP',#2911,'BM-V-2AB-L1',$,$,#2938,#2925,$);
#2918=IFCCARTESIANPOINT((0.,0.,0.));
#2919=IFCDIRECTION((0.,0.,1.));
#2920=IFCDIRECTION((1.,0.,0.));
#2921=IFCAXIS2PLACEMENT3D(#2918,#2919,#2920);
#2922=IFCDIRECTION((0.,0.,1.));
#2923=IFCEXTRUDEDAREASOLID(#1818,#2921,#2922,6.);
#2924=IFCSHAPEREPRESENTATION(#13,'Body','SweptSolid',(#2923));
#2925=IFCPRODUCTDEFINITIONSHAPE($,$,(#2924));
#2926=IFCOWNERHISTORY(#3,#5,.READWRITE.,.ADDED.,1777764232,#3,#5,1777764232);
#2927=IFCPROPERTYSET('39U8UTx7n5Zussc3DMeudh',#2926,'Pset_ElementMark',$,(#2930,#2931,#2932,#2933));
#2928=IFCOWNERHISTORY(#3,#5,.READWRITE.,.ADDED.,1777764232,#3,#5,1777764232);
#2929=IFCRELDEFINESBYPROPERTIES('1YkcrD0lP5ifl26cfh0D6V',#2928,$,$,(#2912),#2927);
#2930=IFCPROPERTYSINGLEVALUE('Mark',$,IFCLABEL('BM-V-2AB-L1'),$);
#2931=IFCPROPERTYSINGLEVALUE('ElementType',$,IFCLABEL('Beam'),$);
#2932=IFCPROPERTYSINGLEVALUE('Direction',$,IFCLABEL('V'),$);
#2933=IFCPROPERTYSINGLEVALUE('Level',$,IFCLABEL('L1'),$);
#2934=IFCCARTESIANPOINT((6.,0.,6.5));
#2935=IFCDIRECTION((0.,1.,0.));
#2936=IFCDIRECTION((1.,0.,0.));
#2937=IFCAXIS2PLACEMENT3D(#2934,#2935,#2936);
#2938=IFCLOCALPLACEMENT($,#2937);
#2939=IFCOWNERHISTORY(#3,#5,.READWRITE.,.MODIFIED.,1777764232,#3,#5,1777764232);
#2940=IFCBEAM('3s36ZSr4DDBxfXSGk00yFx',#2939,'BM-V-2BC-L1',$,$,#2966,#2953,$);
#2946=IFCCARTESIANPOINT((0.,0.,0.));
#2947=IFCDIRECTION((0.,0.,1.));
#2948=IFCDIRECTION((1.,0.,0.));
#2949=IFCAXIS2PLACEMENT3D(#2946,#2947,#2948);
#2950=IFCDIRECTION((0.,0.,1.));
#2951=IFCEXTRUDEDAREASOLID(#1818,#2949,#2950,6.);
#2952=IFCSHAPEREPRESENTATION(#13,'Body','SweptSolid',(#2951));
#2953=IFCPRODUCTDEFINITIONSHAPE($,$,(#2952));
#2954=IFCOWNERHISTORY(#3,#5,.READWRITE.,.ADDED.,1777764232,#3,#5,1777764232);
#2955=IFCPROPERTYSET('24niOtirT2IxTsrabeegIO',#2954,'Pset_ElementMark',$,(#2958,#2959,#2960,#2961));
#2956=IFCOWNERHISTORY(#3,#5,.READWRITE.,.ADDED.,1777764232,#3,#5,1777764232);
#2957=IFCRELDEFINESBYPROPERTIES('00sHXIc6XDLxag6I3ep6vG',#2956,$,$,(#2940),#2955);
#2958=IFCPROPERTYSINGLEVALUE('Mark',$,IFCLABEL('BM-V-2BC-L1'),$);
#2959=IFCPROPERTYSINGLEVALUE('ElementType',$,IFCLABEL('Beam'),$);
#2960=IFCPROPERTYSINGLEVALUE('Direction',$,IFCLABEL('V'),$);
#2961=IFCPROPERTYSINGLEVALUE('Level',$,IFCLABEL('L1'),$);
#2962=IFCCARTESIANPOINT((6.,6.,6.5));
#2963=IFCDIRECTION((0.,1.,0.));
#2964=IFCDIRECTION((1.,0.,0.));
#2965=IFCAXIS2PLACEMENT3D(#2962,#2963,#2964);
#2966=IFCLOCALPLACEMENT($,#2965);
#2967=IFCOWNERHISTORY(#3,#5,.READWRITE.,.MODIFIED.,1777764232,#3,#5,1777764232);
#2968=IFCBEAM('0VPACTpwT3_Qi$JpXl29Tm',#2967,'BM-V-2CD-L1',$,$,#2994,#2981,$);
#2974=IFCCARTESIANPOINT((0.,0.,0.));
#2975=IFCDIRECTION((0.,0.,1.));
#2976=IFCDIRECTION((1.,0.,0.));
#2977=IFCAXIS2PLACEMENT3D(#2974,#2975,#2976);
#2978=IFCDIRECTION((0.,0.,1.));
#2979=IFCEXTRUDEDAREASOLID(#1818,#2977,#2978,6.);
#2980=IFCSHAPEREPRESENTATION(#13,'Body','SweptSolid',(#2979));
#2981=IFCPRODUCTDEFINITIONSHAPE($,$,(#2980));
#2982=IFCOWNERHISTORY(#3,#5,.READWRITE.,.ADDED.,1777764232,#3,#5,1777764232);
#2983=IFCPROPERTYSET('1Zlogv9pbFugGmWlxKC7$o',#2982,'Pset_ElementMark',$,(#2986,#2987,#2988,#2989));
#2984=IFCOWNERHISTORY(#3,#5,.READWRITE.,.ADDED.,1777764232,#3,#5,1777764232);
#2985=IFCRELDEFINESBYPROPERTIES('26HKvdghH7yQj3Lqqq2uF6',#2984,$,$,(#2968),#2983);
#2986=IFCPROPERTYSINGLEVALUE('Mark',$,IFCLABEL('BM-V-2CD-L1'),$);
#2987=IFCPROPERTYSINGLEVALUE('ElementType',$,IFCLABEL('Beam'),$);
#2988=IFCPROPERTYSINGLEVALUE('Direction',$,IFCLABEL('V'),$);
#2989=IFCPROPERTYSINGLEVALUE('Level',$,IFCLABEL('L1'),$);
#2990=IFCCARTESIANPOINT((6.,12.,6.5));
#2991=IFCDIRECTION((0.,1.,0.));
#2992=IFCDIRECTION((1.,0.,0.));
#2993=IFCAXIS2PLACEMENT3D(#2990,#2991,#2992);
#2994=IFCLOCALPLACEMENT($,#2993);
#2995=IFCOWNERHISTORY(#3,#5,.READWRITE.,.MODIFIED.,1777764232,#3,#5,1777764232);
#2996=IFCBEAM('0xRn9WACX9zw8UUBrEXxOO',#2995,'BM-V-3AB-L1',$,$,#3022,#3009,$);
#3002=IFCCARTESIANPOINT((0.,0.,0.));
#3003=IFCDIRECTION((0.,0.,1.));
#3004=IFCDIRECTION((1.,0.,0.));
#3005=IFCAXIS2PLACEMENT3D(#3002,#3003,#3004);
#3006=IFCDIRECTION((0.,0.,1.));
#3007=IFCEXTRUDEDAREASOLID(#1818,#3005,#3006,6.);
#3008=IFCSHAPEREPRESENTATION(#13,'Body','SweptSolid',(#3007));
#3009=IFCPRODUCTDEFINITIONSHAPE($,$,(#3008));
#3010=IFCOWNERHISTORY(#3,#5,.READWRITE.,.ADDED.,1777764232,#3,#5,1777764232);
#3011=IFCPROPERTYSET('2C6_75pcj8KRrI3zWyLYyP',#3010,'Pset_ElementMark',$,(#3014,#3015,#3016,#3017));
#3012=IFCOWNERHISTORY(#3,#5,.READWRITE.,.ADDED.,1777764232,#3,#5,1777764232);
#3013=IFCRELDEFINESBYPROPERTIES('3O2nYWcYz4dPM93E5$ecvV',#3012,$,$,(#2996),#3011);
#3014=IFCPROPERTYSINGLEVALUE('Mark',$,IFCLABEL('BM-V-3AB-L1'),$);
#3015=IFCPROPERTYSINGLEVALUE('ElementType',$,IFCLABEL('Beam'),$);
#3016=IFCPROPERTYSINGLEVALUE('Direction',$,IFCLABEL('V'),$);
#3017=IFCPROPERTYSINGLEVALUE('Level',$,IFCLABEL('L1'),$);
#3018=IFCCARTESIANPOINT((12.,0.,6.5));
#3019=IFCDIRECTION((0.,1.,0.));
#3020=IFCDIRECTION((1.,0.,0.));
#3021=IFCAXIS2PLACEMENT3D(#3018,#3019,#3020);
#3022=IFCLOCALPLACEMENT($,#3021);
#3023=IFCOWNERHISTORY(#3,#5,.READWRITE.,.MODIFIED.,1777764232,#3,#5,1777764232);
#3024=IFCBEAM('0qYfx4zaX98v22n81ZOrxp',#3023,'BM-V-3BC-L1',$,$,#3050,#3037,$);
#3030=IFCCARTESIANPOINT((0.,0.,0.));
#3031=IFCDIRECTION((0.,0.,1.));
#3032=IFCDIRECTION((1.,0.,0.));
#3033=IFCAXIS2PLACEMENT3D(#3030,#3031,#3032);
#3034=IFCDIRECTION((0.,0.,1.));
#3035=IFCEXTRUDEDAREASOLID(#1818,#3033,#3034,6.);
#3036=IFCSHAPEREPRESENTATION(#13,'Body','SweptSolid',(#3035));
#3037=IFCPRODUCTDEFINITIONSHAPE($,$,(#3036));
#3038=IFCOWNERHISTORY(#3,#5,.READWRITE.,.ADDED.,1777764232,#3,#5,1777764232);
#3039=IFCPROPERTYSET('2JWmbckVv2lPBo_xGV$h$C',#3038,'Pset_ElementMark',$,(#3042,#3043,#3044,#3045));
#3040=IFCOWNERHISTORY(#3,#5,.READWRITE.,.ADDED.,1777764232,#3,#5,1777764232);
#3041=IFCRELDEFINESBYPROPERTIES('22IfQ1_mfBWxBADopU4geQ',#3040,$,$,(#3024),#3039);
#3042=IFCPROPERTYSINGLEVALUE('Mark',$,IFCLABEL('BM-V-3BC-L1'),$);
#3043=IFCPROPERTYSINGLEVALUE('ElementType',$,IFCLABEL('Beam'),$);
#3044=IFCPROPERTYSINGLEVALUE('Direction',$,IFCLABEL('V'),$);
#3045=IFCPROPERTYSINGLEVALUE('Level',$,IFCLABEL('L1'),$);
#3046=IFCCARTESIANPOINT((12.,6.,6.5));
#3047=IFCDIRECTION((0.,1.,0.));
#3048=IFCDIRECTION((1.,0.,0.));
#3049=IFCAXIS2PLACEMENT3D(#3046,#3047,#3048);
#3050=IFCLOCALPLACEMENT($,#3049);
#3051=IFCOWNERHISTORY(#3,#5,.READWRITE.,.MODIFIED.,1777764232,#3,#5,1777764232);
#3052=IFCBEAM('2ZXIvXGYPAG85gTxSGzfig',#3051,'BM-V-3CD-L1',$,$,#3078,#3065,$);
#3058=IFCCARTESIANPOINT((0.,0.,0.));
#3059=IFCDIRECTION((0.,0.,1.));
#3060=IFCDIRECTION((1.,0.,0.));
#3061=IFCAXIS2PLACEMENT3D(#3058,#3059,#3060);
#3062=IFCDIRECTION((0.,0.,1.));
#3063=IFCEXTRUDEDAREASOLID(#1818,#3061,#3062,6.);
#3064=IFCSHAPEREPRESENTATION(#13,'Body','SweptSolid',(#3063));
#3065=IFCPRODUCTDEFINITIONSHAPE($,$,(#3064));
#3066=IFCOWNERHISTORY(#3,#5,.READWRITE.,.ADDED.,1777764232,#3,#5,1777764232);
#3067=IFCPROPERTYSET('3a6SEMhPfDWA$AbBPTdTrC',#3066,'Pset_ElementMark',$,(#3070,#3071,#3072,#3073));
#3068=IFCOWNERHISTORY(#3,#5,.READWRITE.,.ADDED.,1777764232,#3,#5,1777764232);
#3069=IFCRELDEFINESBYPROPERTIES('2l8Hf6Whj048WSRwavAj8n',#3068,$,$,(#3052),#3067);
#3070=IFCPROPERTYSINGLEVALUE('Mark',$,IFCLABEL('BM-V-3CD-L1'),$);
#3071=IFCPROPERTYSINGLEVALUE('ElementType',$,IFCLABEL('Beam'),$);
#3072=IFCPROPERTYSINGLEVALUE('Direction',$,IFCLABEL('V'),$);
#3073=IFCPROPERTYSINGLEVALUE('Level',$,IFCLABEL('L1'),$);
#3074=IFCCARTESIANPOINT((12.,12.,6.5));
#3075=IFCDIRECTION((0.,1.,0.));
#3076=IFCDIRECTION((1.,0.,0.));
#3077=IFCAXIS2PLACEMENT3D(#3074,#3075,#3076);
#3078=IFCLOCALPLACEMENT($,#3077);
#3079=IFCOWNERHISTORY(#3,#5,.READWRITE.,.MODIFIED.,1777764232,#3,#5,1777764232);
#3080=IFCBEAM('2o3$YsIvD7ueq8Osqz8Pkx',#3079,'BM-V-4AB-L1',$,$,#3106,#3093,$);
#3086=IFCCARTESIANPOINT((0.,0.,0.));
#3087=IFCDIRECTION((0.,0.,1.));
#3088=IFCDIRECTION((1.,0.,0.));
#3089=IFCAXIS2PLACEMENT3D(#3086,#3087,#3088);
#3090=IFCDIRECTION((0.,0.,1.));
#3091=IFCEXTRUDEDAREASOLID(#1818,#3089,#3090,6.);
#3092=IFCSHAPEREPRESENTATION(#13,'Body','SweptSolid',(#3091));
#3093=IFCPRODUCTDEFINITIONSHAPE($,$,(#3092));
#3094=IFCOWNERHISTORY(#3,#5,.READWRITE.,.ADDED.,1777764232,#3,#5,1777764232);
#3095=IFCPROPERTYSET('2p_WMfIBn7qOKTOHUaYx$1',#3094,'Pset_ElementMark',$,(#3098,#3099,#3100,#3101));
#3096=IFCOWNERHISTORY(#3,#5,.READWRITE.,.ADDED.,1777764232,#3,#5,1777764232);
#3097=IFCRELDEFINESBYPROPERTIES('2utHRGBab6Aw7tNVJcPXId',#3096,$,$,(#3080),#3095);
#3098=IFCPROPERTYSINGLEVALUE('Mark',$,IFCLABEL('BM-V-4AB-L1'),$);
#3099=IFCPROPERTYSINGLEVALUE('ElementType',$,IFCLABEL('Beam'),$);
#3100=IFCPROPERTYSINGLEVALUE('Direction',$,IFCLABEL('V'),$);
#3101=IFCPROPERTYSINGLEVALUE('Level',$,IFCLABEL('L1'),$);
#3102=IFCCARTESIANPOINT((18.,0.,6.5));
#3103=IFCDIRECTION((0.,1.,0.));
#3104=IFCDIRECTION((1.,0.,0.));
#3105=IFCAXIS2PLACEMENT3D(#3102,#3103,#3104);
#3106=IFCLOCALPLACEMENT($,#3105);
#3107=IFCOWNERHISTORY(#3,#5,.READWRITE.,.MODIFIED.,1777764232,#3,#5,1777764232);
#3108=IFCBEAM('18g1b1Jtz24uWnKSoShR7H',#3107,'BM-V-4BC-L1',$,$,#3134,#3121,$);
#3114=IFCCARTESIANPOINT((0.,0.,0.));
#3115=IFCDIRECTION((0.,0.,1.));
#3116=IFCDIRECTION((1.,0.,0.));
#3117=IFCAXIS2PLACEMENT3D(#3114,#3115,#3116);
#3118=IFCDIRECTION((0.,0.,1.));
#3119=IFCEXTRUDEDAREASOLID(#1818,#3117,#3118,6.);
#3120=IFCSHAPEREPRESENTATION(#13,'Body','SweptSolid',(#3119));
#3121=IFCPRODUCTDEFINITIONSHAPE($,$,(#3120));
#3122=IFCOWNERHISTORY(#3,#5,.READWRITE.,.ADDED.,1777764232,#3,#5,1777764232);
#3123=IFCPROPERTYSET('3XCZ44SyXDjRYqqaSB_i$w',#3122,'Pset_ElementMark',$,(#3126,#3127,#3128,#3129));
#3124=IFCOWNERHISTORY(#3,#5,.READWRITE.,.ADDED.,1777764232,#3,#5,1777764232);
#3125=IFCRELDEFINESBYPROPERTIES('2TzXED8qz9h9q$e3_k3Aga',#3124,$,$,(#3108),#3123);
#3126=IFCPROPERTYSINGLEVALUE('Mark',$,IFCLABEL('BM-V-4BC-L1'),$);
#3127=IFCPROPERTYSINGLEVALUE('ElementType',$,IFCLABEL('Beam'),$);
#3128=IFCPROPERTYSINGLEVALUE('Direction',$,IFCLABEL('V'),$);
#3129=IFCPROPERTYSINGLEVALUE('Level',$,IFCLABEL('L1'),$);
#3130=IFCCARTESIANPOINT((18.,6.,6.5));
#3131=IFCDIRECTION((0.,1.,0.));
#3132=IFCDIRECTION((1.,0.,0.));
#3133=IFCAXIS2PLACEMENT3D(#3130,#3131,#3132);
#3134=IFCLOCALPLACEMENT($,#3133);
#3135=IFCOWNERHISTORY(#3,#5,.READWRITE.,.MODIFIED.,1777764232,#3,#5,1777764232);
#3136=IFCBEAM('2ahslT$yr3$QX24sC0v59E',#3135,'BM-V-4CD-L1',$,$,#3162,#3149,$);
#3142=IFCCARTESIANPOINT((0.,0.,0.));
#3143=IFCDIRECTION((0.,0.,1.));
#3144=IFCDIRECTION((1.,0.,0.));
#3145=IFCAXIS2PLACEMENT3D(#3142,#3143,#3144);
#3146=IFCDIRECTION((0.,0.,1.));
#3147=IFCEXTRUDEDAREASOLID(#1818,#3145,#3146,6.);
#3148=IFCSHAPEREPRESENTATION(#13,'Body','SweptSolid',(#3147));
#3149=IFCPRODUCTDEFINITIONSHAPE($,$,(#3148));
#3150=IFCOWNERHISTORY(#3,#5,.READWRITE.,.ADDED.,1777764232,#3,#5,1777764232);
#3151=IFCPROPERTYSET('3z$xEQ3rf2HgWQNPg_7g08',#3150,'Pset_ElementMark',$,(#3154,#3155,#3156,#3157));
#3152=IFCOWNERHISTORY(#3,#5,.READWRITE.,.ADDED.,1777764232,#3,#5,1777764232);
#3153=IFCRELDEFINESBYPROPERTIES('3Kudds9ZD7NAP$OSDXyNQu',#3152,$,$,(#3136),#3151);
#3154=IFCPROPERTYSINGLEVALUE('Mark',$,IFCLABEL('BM-V-4CD-L1'),$);
#3155=IFCPROPERTYSINGLEVALUE('ElementType',$,IFCLABEL('Beam'),$);
#3156=IFCPROPERTYSINGLEVALUE('Direction',$,IFCLABEL('V'),$);
#3157=IFCPROPERTYSINGLEVALUE('Level',$,IFCLABEL('L1'),$);
#3158=IFCCARTESIANPOINT((18.,12.,6.5));
#3159=IFCDIRECTION((0.,1.,0.));
#3160=IFCDIRECTION((1.,0.,0.));
#3161=IFCAXIS2PLACEMENT3D(#3158,#3159,#3160);
#3162=IFCLOCALPLACEMENT($,#3161);
#3163=IFCOWNERHISTORY(#3,#5,.READWRITE.,.MODIFIED.,1777764232,#3,#5,1777764232);
#3164=IFCBEAM('2unNS2rFT2DBJ8tRZ5iDKO',#3163,'BM-H-A12-L2',$,$,#3190,#3177,$);
#3170=IFCCARTESIANPOINT((0.,0.,0.));
#3171=IFCDIRECTION((0.,0.,1.));
#3172=IFCDIRECTION((1.,0.,0.));
#3173=IFCAXIS2PLACEMENT3D(#3170,#3171,#3172);
#3174=IFCDIRECTION((0.,0.,1.));
#3175=IFCEXTRUDEDAREASOLID(#1818,#3173,#3174,6.);
#3176=IFCSHAPEREPRESENTATION(#13,'Body','SweptSolid',(#3175));
#3177=IFCPRODUCTDEFINITIONSHAPE($,$,(#3176));
#3178=IFCOWNERHISTORY(#3,#5,.READWRITE.,.ADDED.,1777764232,#3,#5,1777764232);
#3179=IFCPROPERTYSET('1RvuSVquDBV8GmnN0bb$H$',#3178,'Pset_ElementMark',$,(#3182,#3183,#3184,#3185));
#3180=IFCOWNERHISTORY(#3,#5,.READWRITE.,.ADDED.,1777764232,#3,#5,1777764232);
#3181=IFCRELDEFINESBYPROPERTIES('3fT2R4pOb839y078LZC1Q6',#3180,$,$,(#3164),#3179);
#3182=IFCPROPERTYSINGLEVALUE('Mark',$,IFCLABEL('BM-H-A12-L2'),$);
#3183=IFCPROPERTYSINGLEVALUE('ElementType',$,IFCLABEL('Beam'),$);
#3184=IFCPROPERTYSINGLEVALUE('Direction',$,IFCLABEL('H'),$);
#3185=IFCPROPERTYSINGLEVALUE('Level',$,IFCLABEL('L2'),$);
#3186=IFCCARTESIANPOINT((0.,0.,10.));
#3187=IFCDIRECTION((1.,0.,0.));
#3188=IFCDIRECTION((0.,1.,0.));
#3189=IFCAXIS2PLACEMENT3D(#3186,#3187,#3188);
#3190=IFCLOCALPLACEMENT($,#3189);
#3191=IFCOWNERHISTORY(#3,#5,.READWRITE.,.MODIFIED.,1777764232,#3,#5,1777764232);
#3192=IFCBEAM('1cIZopEcbEK8zACoODewYT',#3191,'BM-H-A23-L2',$,$,#3218,#3205,$);
#3198=IFCCARTESIANPOINT((0.,0.,0.));
#3199=IFCDIRECTION((0.,0.,1.));
#3200=IFCDIRECTION((1.,0.,0.));
#3201=IFCAXIS2PLACEMENT3D(#3198,#3199,#3200);
#3202=IFCDIRECTION((0.,0.,1.));
#3203=IFCEXTRUDEDAREASOLID(#1818,#3201,#3202,6.);
#3204=IFCSHAPEREPRESENTATION(#13,'Body','SweptSolid',(#3203));
#3205=IFCPRODUCTDEFINITIONSHAPE($,$,(#3204));
#3206=IFCOWNERHISTORY(#3,#5,.READWRITE.,.ADDED.,1777764232,#3,#5,1777764232);
#3207=IFCPROPERTYSET('0jLQq2UTD5vQ7zhqXOaXSl',#3206,'Pset_ElementMark',$,(#3210,#3211,#3212,#3213));
#3208=IFCOWNERHISTORY(#3,#5,.READWRITE.,.ADDED.,1777764232,#3,#5,1777764232);
#3209=IFCRELDEFINESBYPROPERTIES('2zw1o1luj7u8n65uPRXRte',#3208,$,$,(#3192),#3207);
#3210=IFCPROPERTYSINGLEVALUE('Mark',$,IFCLABEL('BM-H-A23-L2'),$);
#3211=IFCPROPERTYSINGLEVALUE('ElementType',$,IFCLABEL('Beam'),$);
#3212=IFCPROPERTYSINGLEVALUE('Direction',$,IFCLABEL('H'),$);
#3213=IFCPROPERTYSINGLEVALUE('Level',$,IFCLABEL('L2'),$);
#3214=IFCCARTESIANPOINT((6.,0.,10.));
#3215=IFCDIRECTION((1.,0.,0.));
#3216=IFCDIRECTION((0.,1.,0.));
#3217=IFCAXIS2PLACEMENT3D(#3214,#3215,#3216);
#3218=IFCLOCALPLACEMENT($,#3217);
#3219=IFCOWNERHISTORY(#3,#5,.READWRITE.,.MODIFIED.,1777764232,#3,#5,1777764232);
#3220=IFCBEAM('1nZ8Qn$qDDHu1_AFurHNK4',#3219,'BM-H-A34-L2',$,$,#3246,#3233,$);
#3226=IFCCARTESIANPOINT((0.,0.,0.));
#3227=IFCDIRECTION((0.,0.,1.));
#3228=IFCDIRECTION((1.,0.,0.));
#3229=IFCAXIS2PLACEMENT3D(#3226,#3227,#3228);
#3230=IFCDIRECTION((0.,0.,1.));
#3231=IFCEXTRUDEDAREASOLID(#1818,#3229,#3230,6.);
#3232=IFCSHAPEREPRESENTATION(#13,'Body','SweptSolid',(#3231));
#3233=IFCPRODUCTDEFINITIONSHAPE($,$,(#3232));
#3234=IFCOWNERHISTORY(#3,#5,.READWRITE.,.ADDED.,1777764232,#3,#5,1777764232);
#3235=IFCPROPERTYSET('2ydtEjtq9FPgkjQD5EJqGU',#3234,'Pset_ElementMark',$,(#3238,#3239,#3240,#3241));
#3236=IFCOWNERHISTORY(#3,#5,.READWRITE.,.ADDED.,1777764232,#3,#5,1777764232);
#3237=IFCRELDEFINESBYPROPERTIES('2ROE3Kuf58euJ3Fns_ywit',#3236,$,$,(#3220),#3235);
#3238=IFCPROPERTYSINGLEVALUE('Mark',$,IFCLABEL('BM-H-A34-L2'),$);
#3239=IFCPROPERTYSINGLEVALUE('ElementType',$,IFCLABEL('Beam'),$);
#3240=IFCPROPERTYSINGLEVALUE('Direction',$,IFCLABEL('H'),$);
#3241=IFCPROPERTYSINGLEVALUE('Level',$,IFCLABEL('L2'),$);
#3242=IFCCARTESIANPOINT((12.,0.,10.));
#3243=IFCDIRECTION((1.,0.,0.));
#3244=IFCDIRECTION((0.,1.,0.));
#3245=IFCAXIS2PLACEMENT3D(#3242,#3243,#3244);
#3246=IFCLOCALPLACEMENT($,#3245);
#3247=IFCOWNERHISTORY(#3,#5,.READWRITE.,.MODIFIED.,1777764232,#3,#5,1777764232);
#3248=IFCBEAM('3efcrw92bAzP9QUAr$gIcj',#3247,'BM-H-B12-L2',$,$,#3274,#3261,$);
#3254=IFCCARTESIANPOINT((0.,0.,0.));
#3255=IFCDIRECTION((0.,0.,1.));
#3256=IFCDIRECTION((1.,0.,0.));
#3257=IFCAXIS2PLACEMENT3D(#3254,#3255,#3256);
#3258=IFCDIRECTION((0.,0.,1.));
#3259=IFCEXTRUDEDAREASOLID(#1818,#3257,#3258,6.);
#3260=IFCSHAPEREPRESENTATION(#13,'Body','SweptSolid',(#3259));
#3261=IFCPRODUCTDEFINITIONSHAPE($,$,(#3260));
#3262=IFCOWNERHISTORY(#3,#5,.READWRITE.,.ADDED.,1777764232,#3,#5,1777764232);
#3263=IFCPROPERTYSET('1NDzcq8b95rxzD5cm22eNU',#3262,'Pset_ElementMark',$,(#3266,#3267,#3268,#3269));
#3264=IFCOWNERHISTORY(#3,#5,.READWRITE.,.ADDED.,1777764232,#3,#5,1777764232);
#3265=IFCRELDEFINESBYPROPERTIES('21xHN5jLLFYBrEhN5jeWPC',#3264,$,$,(#3248),#3263);
#3266=IFCPROPERTYSINGLEVALUE('Mark',$,IFCLABEL('BM-H-B12-L2'),$);
#3267=IFCPROPERTYSINGLEVALUE('ElementType',$,IFCLABEL('Beam'),$);
#3268=IFCPROPERTYSINGLEVALUE('Direction',$,IFCLABEL('H'),$);
#3269=IFCPROPERTYSINGLEVALUE('Level',$,IFCLABEL('L2'),$);
#3270=IFCCARTESIANPOINT((0.,6.,10.));
#3271=IFCDIRECTION((1.,0.,0.));
#3272=IFCDIRECTION((0.,1.,0.));
#3273=IFCAXIS2PLACEMENT3D(#3270,#3271,#3272);
#3274=IFCLOCALPLACEMENT($,#3273);
#3275=IFCOWNERHISTORY(#3,#5,.READWRITE.,.MODIFIED.,1777764232,#3,#5,1777764232);
#3276=IFCBEAM('0XCO10kS56kOJZ6caT_xix',#3275,'BM-H-B23-L2',$,$,#3302,#3289,$);
#3282=IFCCARTESIANPOINT((0.,0.,0.));
#3283=IFCDIRECTION((0.,0.,1.));
#3284=IFCDIRECTION((1.,0.,0.));
#3285=IFCAXIS2PLACEMENT3D(#3282,#3283,#3284);
#3286=IFCDIRECTION((0.,0.,1.));
#3287=IFCEXTRUDEDAREASOLID(#1818,#3285,#3286,6.);
#3288=IFCSHAPEREPRESENTATION(#13,'Body','SweptSolid',(#3287));
#3289=IFCPRODUCTDEFINITIONSHAPE($,$,(#3288));
#3290=IFCOWNERHISTORY(#3,#5,.READWRITE.,.ADDED.,1777764232,#3,#5,1777764232);
#3291=IFCPROPERTYSET('3nsTHaB192EgjK5HE_H3HF',#3290,'Pset_ElementMark',$,(#3294,#3295,#3296,#3297));
#3292=IFCOWNERHISTORY(#3,#5,.READWRITE.,.ADDED.,1777764232,#3,#5,1777764232);
#3293=IFCRELDEFINESBYPROPERTIES('3b2xkKrmjEPP8moNqk34yf',#3292,$,$,(#3276),#3291);
#3294=IFCPROPERTYSINGLEVALUE('Mark',$,IFCLABEL('BM-H-B23-L2'),$);
#3295=IFCPROPERTYSINGLEVALUE('ElementType',$,IFCLABEL('Beam'),$);
#3296=IFCPROPERTYSINGLEVALUE('Direction',$,IFCLABEL('H'),$);
#3297=IFCPROPERTYSINGLEVALUE('Level',$,IFCLABEL('L2'),$);
#3298=IFCCARTESIANPOINT((6.,6.,10.));
#3299=IFCDIRECTION((1.,0.,0.));
#3300=IFCDIRECTION((0.,1.,0.));
#3301=IFCAXIS2PLACEMENT3D(#3298,#3299,#3300);
#3302=IFCLOCALPLACEMENT($,#3301);
#3303=IFCOWNERHISTORY(#3,#5,.READWRITE.,.MODIFIED.,1777764232,#3,#5,1777764232);
#3304=IFCBEAM('2xO4k6edz2nOWMfn6D5DuI',#3303,'BM-H-B34-L2',$,$,#3330,#3317,$);
#3310=IFCCARTESIANPOINT((0.,0.,0.));
#3311=IFCDIRECTION((0.,0.,1.));
#3312=IFCDIRECTION((1.,0.,0.));
#3313=IFCAXIS2PLACEMENT3D(#3310,#3311,#3312);
#3314=IFCDIRECTION((0.,0.,1.));
#3315=IFCEXTRUDEDAREASOLID(#1818,#3313,#3314,6.);
#3316=IFCSHAPEREPRESENTATION(#13,'Body','SweptSolid',(#3315));
#3317=IFCPRODUCTDEFINITIONSHAPE($,$,(#3316));
#3318=IFCOWNERHISTORY(#3,#5,.READWRITE.,.ADDED.,1777764232,#3,#5,1777764232);
#3319=IFCPROPERTYSET('0RrqrtODj7gBBHOHHB0uei',#3318,'Pset_ElementMark',$,(#3322,#3323,#3324,#3325));
#3320=IFCOWNERHISTORY(#3,#5,.READWRITE.,.ADDED.,1777764232,#3,#5,1777764232);
#3321=IFCRELDEFINESBYPROPERTIES('0WLB0VXPf9teH4pB8ZCONK',#3320,$,$,(#3304),#3319);
#3322=IFCPROPERTYSINGLEVALUE('Mark',$,IFCLABEL('BM-H-B34-L2'),$);
#3323=IFCPROPERTYSINGLEVALUE('ElementType',$,IFCLABEL('Beam'),$);
#3324=IFCPROPERTYSINGLEVALUE('Direction',$,IFCLABEL('H'),$);
#3325=IFCPROPERTYSINGLEVALUE('Level',$,IFCLABEL('L2'),$);
#3326=IFCCARTESIANPOINT((12.,6.,10.));
#3327=IFCDIRECTION((1.,0.,0.));
#3328=IFCDIRECTION((0.,1.,0.));
#3329=IFCAXIS2PLACEMENT3D(#3326,#3327,#3328);
#3330=IFCLOCALPLACEMENT($,#3329);
#3331=IFCOWNERHISTORY(#3,#5,.READWRITE.,.MODIFIED.,1777764232,#3,#5,1777764232);
#3332=IFCBEAM('0mxJ$s_f18QQN5pOPxulyq',#3331,'BM-H-C12-L2',$,$,#3358,#3345,$);
#3338=IFCCARTESIANPOINT((0.,0.,0.));
#3339=IFCDIRECTION((0.,0.,1.));
#3340=IFCDIRECTION((1.,0.,0.));
#3341=IFCAXIS2PLACEMENT3D(#3338,#3339,#3340);
#3342=IFCDIRECTION((0.,0.,1.));
#3343=IFCEXTRUDEDAREASOLID(#1818,#3341,#3342,6.);
#3344=IFCSHAPEREPRESENTATION(#13,'Body','SweptSolid',(#3343));
#3345=IFCPRODUCTDEFINITIONSHAPE($,$,(#3344));
#3346=IFCOWNERHISTORY(#3,#5,.READWRITE.,.ADDED.,1777764232,#3,#5,1777764232);
#3347=IFCPROPERTYSET('3VNmE6NWf8Rg3DKV7eBFqq',#3346,'Pset_ElementMark',$,(#3350,#3351,#3352,#3353));
#3348=IFCOWNERHISTORY(#3,#5,.READWRITE.,.ADDED.,1777764232,#3,#5,1777764232);
#3349=IFCRELDEFINESBYPROPERTIES('1rBfxZNlL5CxT1wKMYuKVe',#3348,$,$,(#3332),#3347);
#3350=IFCPROPERTYSINGLEVALUE('Mark',$,IFCLABEL('BM-H-C12-L2'),$);
#3351=IFCPROPERTYSINGLEVALUE('ElementType',$,IFCLABEL('Beam'),$);
#3352=IFCPROPERTYSINGLEVALUE('Direction',$,IFCLABEL('H'),$);
#3353=IFCPROPERTYSINGLEVALUE('Level',$,IFCLABEL('L2'),$);
#3354=IFCCARTESIANPOINT((0.,12.,10.));
#3355=IFCDIRECTION((1.,0.,0.));
#3356=IFCDIRECTION((0.,1.,0.));
#3357=IFCAXIS2PLACEMENT3D(#3354,#3355,#3356);
#3358=IFCLOCALPLACEMENT($,#3357);
#3359=IFCOWNERHISTORY(#3,#5,.READWRITE.,.MODIFIED.,1777764232,#3,#5,1777764232);
#3360=IFCBEAM('2BZLlZOXH8gBbzfIyisaOk',#3359,'BM-H-C23-L2',$,$,#3386,#3373,$);
#3366=IFCCARTESIANPOINT((0.,0.,0.));
#3367=IFCDIRECTION((0.,0.,1.));
#3368=IFCDIRECTION((1.,0.,0.));
#3369=IFCAXIS2PLACEMENT3D(#3366,#3367,#3368);
#3370=IFCDIRECTION((0.,0.,1.));
#3371=IFCEXTRUDEDAREASOLID(#1818,#3369,#3370,6.);
#3372=IFCSHAPEREPRESENTATION(#13,'Body','SweptSolid',(#3371));
#3373=IFCPRODUCTDEFINITIONSHAPE($,$,(#3372));
#3374=IFCOWNERHISTORY(#3,#5,.READWRITE.,.ADDED.,1777764232,#3,#5,1777764232);
#3375=IFCPROPERTYSET('1Pdf6W4ObFdwImE0yTD4s8',#3374,'Pset_ElementMark',$,(#3378,#3379,#3380,#3381));
#3376=IFCOWNERHISTORY(#3,#5,.READWRITE.,.ADDED.,1777764232,#3,#5,1777764232);
#3377=IFCRELDEFINESBYPROPERTIES('2buIkghan3bxW9viKvqM5s',#3376,$,$,(#3360),#3375);
#3378=IFCPROPERTYSINGLEVALUE('Mark',$,IFCLABEL('BM-H-C23-L2'),$);
#3379=IFCPROPERTYSINGLEVALUE('ElementType',$,IFCLABEL('Beam'),$);
#3380=IFCPROPERTYSINGLEVALUE('Direction',$,IFCLABEL('H'),$);
#3381=IFCPROPERTYSINGLEVALUE('Level',$,IFCLABEL('L2'),$);
#3382=IFCCARTESIANPOINT((6.,12.,10.));
#3383=IFCDIRECTION((1.,0.,0.));
#3384=IFCDIRECTION((0.,1.,0.));
#3385=IFCAXIS2PLACEMENT3D(#3382,#3383,#3384);
#3386=IFCLOCALPLACEMENT($,#3385);
#3387=IFCOWNERHISTORY(#3,#5,.READWRITE.,.MODIFIED.,1777764232,#3,#5,1777764232);
#3388=IFCBEAM('2z_y00YpP1JxcVLnanpPBf',#3387,'BM-H-C34-L2',$,$,#3414,#3401,$);
#3394=IFCCARTESIANPOINT((0.,0.,0.));
#3395=IFCDIRECTION((0.,0.,1.));
#3396=IFCDIRECTION((1.,0.,0.));
#3397=IFCAXIS2PLACEMENT3D(#3394,#3395,#3396);
#3398=IFCDIRECTION((0.,0.,1.));
#3399=IFCEXTRUDEDAREASOLID(#1818,#3397,#3398,6.);
#3400=IFCSHAPEREPRESENTATION(#13,'Body','SweptSolid',(#3399));
#3401=IFCPRODUCTDEFINITIONSHAPE($,$,(#3400));
#3402=IFCOWNERHISTORY(#3,#5,.READWRITE.,.ADDED.,1777764232,#3,#5,1777764232);
#3403=IFCPROPERTYSET('2e91ouFxb2cOXcbybpNO4u',#3402,'Pset_ElementMark',$,(#3406,#3407,#3408,#3409));
#3404=IFCOWNERHISTORY(#3,#5,.READWRITE.,.ADDED.,1777764232,#3,#5,1777764232);
#3405=IFCRELDEFINESBYPROPERTIES('2QGOSBqln3qgL1ivQgHIe3',#3404,$,$,(#3388),#3403);
#3406=IFCPROPERTYSINGLEVALUE('Mark',$,IFCLABEL('BM-H-C34-L2'),$);
#3407=IFCPROPERTYSINGLEVALUE('ElementType',$,IFCLABEL('Beam'),$);
#3408=IFCPROPERTYSINGLEVALUE('Direction',$,IFCLABEL('H'),$);
#3409=IFCPROPERTYSINGLEVALUE('Level',$,IFCLABEL('L2'),$);
#3410=IFCCARTESIANPOINT((12.,12.,10.));
#3411=IFCDIRECTION((1.,0.,0.));
#3412=IFCDIRECTION((0.,1.,0.));
#3413=IFCAXIS2PLACEMENT3D(#3410,#3411,#3412);
#3414=IFCLOCALPLACEMENT($,#3413);
#3415=IFCOWNERHISTORY(#3,#5,.READWRITE.,.MODIFIED.,1777764232,#3,#5,1777764232);
#3416=IFCBEAM('3O3sCMJCbA_eIEiCk4Pyzz',#3415,'BM-H-D12-L2',$,$,#3442,#3429,$);
#3422=IFCCARTESIANPOINT((0.,0.,0.));
#3423=IFCDIRECTION((0.,0.,1.));
#3424=IFCDIRECTION((1.,0.,0.));
#3425=IFCAXIS2PLACEMENT3D(#3422,#3423,#3424);
#3426=IFCDIRECTION((0.,0.,1.));
#3427=IFCEXTRUDEDAREASOLID(#1818,#3425,#3426,6.);
#3428=IFCSHAPEREPRESENTATION(#13,'Body','SweptSolid',(#3427));
#3429=IFCPRODUCTDEFINITIONSHAPE($,$,(#3428));
#3430=IFCOWNERHISTORY(#3,#5,.READWRITE.,.ADDED.,1777764232,#3,#5,1777764232);
#3431=IFCPROPERTYSET('3YU4FzqdTDWPL_jomWbG4g',#3430,'Pset_ElementMark',$,(#3434,#3435,#3436,#3437));
#3432=IFCOWNERHISTORY(#3,#5,.READWRITE.,.ADDED.,1777764232,#3,#5,1777764232);
#3433=IFCRELDEFINESBYPROPERTIES('2kTzYLBSjFwgullV_GIWTO',#3432,$,$,(#3416),#3431);
#3434=IFCPROPERTYSINGLEVALUE('Mark',$,IFCLABEL('BM-H-D12-L2'),$);
#3435=IFCPROPERTYSINGLEVALUE('ElementType',$,IFCLABEL('Beam'),$);
#3436=IFCPROPERTYSINGLEVALUE('Direction',$,IFCLABEL('H'),$);
#3437=IFCPROPERTYSINGLEVALUE('Level',$,IFCLABEL('L2'),$);
#3438=IFCCARTESIANPOINT((0.,18.,10.));
#3439=IFCDIRECTION((1.,0.,0.));
#3440=IFCDIRECTION((0.,1.,0.));
#3441=IFCAXIS2PLACEMENT3D(#3438,#3439,#3440);
#3442=IFCLOCALPLACEMENT($,#3441);
#3443=IFCOWNERHISTORY(#3,#5,.READWRITE.,.MODIFIED.,1777764232,#3,#5,1777764232);
#3444=IFCBEAM('3dxWaBHQz3DfVfAjJbr$_i',#3443,'BM-H-D23-L2',$,$,#3470,#3457,$);
#3450=IFCCARTESIANPOINT((0.,0.,0.));
#3451=IFCDIRECTION((0.,0.,1.));
#3452=IFCDIRECTION((1.,0.,0.));
#3453=IFCAXIS2PLACEMENT3D(#3450,#3451,#3452);
#3454=IFCDIRECTION((0.,0.,1.));
#3455=IFCEXTRUDEDAREASOLID(#1818,#3453,#3454,6.);
#3456=IFCSHAPEREPRESENTATION(#13,'Body','SweptSolid',(#3455));
#3457=IFCPRODUCTDEFINITIONSHAPE($,$,(#3456));
#3458=IFCOWNERHISTORY(#3,#5,.READWRITE.,.ADDED.,1777764232,#3,#5,1777764232);
#3459=IFCPROPERTYSET('3qiAewLUv0pBJlJVi8GBuU',#3458,'Pset_ElementMark',$,(#3462,#3463,#3464,#3465));
#3460=IFCOWNERHISTORY(#3,#5,.READWRITE.,.ADDED.,1777764232,#3,#5,1777764232);
#3461=IFCRELDEFINESBYPROPERTIES('1E1KZEacL2ZQCoczKn7Gae',#3460,$,$,(#3444),#3459);
#3462=IFCPROPERTYSINGLEVALUE('Mark',$,IFCLABEL('BM-H-D23-L2'),$);
#3463=IFCPROPERTYSINGLEVALUE('ElementType',$,IFCLABEL('Beam'),$);
#3464=IFCPROPERTYSINGLEVALUE('Direction',$,IFCLABEL('H'),$);
#3465=IFCPROPERTYSINGLEVALUE('Level',$,IFCLABEL('L2'),$);
#3466=IFCCARTESIANPOINT((6.,18.,10.));
#3467=IFCDIRECTION((1.,0.,0.));
#3468=IFCDIRECTION((0.,1.,0.));
#3469=IFCAXIS2PLACEMENT3D(#3466,#3467,#3468);
#3470=IFCLOCALPLACEMENT($,#3469);
#3471=IFCOWNERHISTORY(#3,#5,.READWRITE.,.MODIFIED.,1777764232,#3,#5,1777764232);
#3472=IFCBEAM('3W3pUyRgv9SPDDV$Xng9bb',#3471,'BM-H-D34-L2',$,$,#3498,#3485,$);
#3478=IFCCARTESIANPOINT((0.,0.,0.));
#3479=IFCDIRECTION((0.,0.,1.));
#3480=IFCDIRECTION((1.,0.,0.));
#3481=IFCAXIS2PLACEMENT3D(#3478,#3479,#3480);
#3482=IFCDIRECTION((0.,0.,1.));
#3483=IFCEXTRUDEDAREASOLID(#1818,#3481,#3482,6.);
#3484=IFCSHAPEREPRESENTATION(#13,'Body','SweptSolid',(#3483));
#3485=IFCPRODUCTDEFINITIONSHAPE($,$,(#3484));
#3486=IFCOWNERHISTORY(#3,#5,.READWRITE.,.ADDED.,1777764232,#3,#5,1777764232);
#3487=IFCPROPERTYSET('2u8$s6Z792WBs_TsT5SKkK',#3486,'Pset_ElementMark',$,(#3490,#3491,#3492,#3493));
#3488=IFCOWNERHISTORY(#3,#5,.READWRITE.,.ADDED.,1777764232,#3,#5,1777764232);
#3489=IFCRELDEFINESBYPROPERTIES('0FksPwvMDDPQcufNWEVmWk',#3488,$,$,(#3472),#3487);
#3490=IFCPROPERTYSINGLEVALUE('Mark',$,IFCLABEL('BM-H-D34-L2'),$);
#3491=IFCPROPERTYSINGLEVALUE('ElementType',$,IFCLABEL('Beam'),$);
#3492=IFCPROPERTYSINGLEVALUE('Direction',$,IFCLABEL('H'),$);
#3493=IFCPROPERTYSINGLEVALUE('Level',$,IFCLABEL('L2'),$);
#3494=IFCCARTESIANPOINT((12.,18.,10.));
#3495=IFCDIRECTION((1.,0.,0.));
#3496=IFCDIRECTION((0.,1.,0.));
#3497=IFCAXIS2PLACEMENT3D(#3494,#3495,#3496);
#3498=IFCLOCALPLACEMENT($,#3497);
#3499=IFCOWNERHISTORY(#3,#5,.READWRITE.,.MODIFIED.,1777764232,#3,#5,1777764232);
#3500=IFCBEAM('0n0SfadmL9g8lO1AmotCwK',#3499,'BM-V-1AB-L2',$,$,#3526,#3513,$);
#3506=IFCCARTESIANPOINT((0.,0.,0.));
#3507=IFCDIRECTION((0.,0.,1.));
#3508=IFCDIRECTION((1.,0.,0.));
#3509=IFCAXIS2PLACEMENT3D(#3506,#3507,#3508);
#3510=IFCDIRECTION((0.,0.,1.));
#3511=IFCEXTRUDEDAREASOLID(#1818,#3509,#3510,6.);
#3512=IFCSHAPEREPRESENTATION(#13,'Body','SweptSolid',(#3511));
#3513=IFCPRODUCTDEFINITIONSHAPE($,$,(#3512));
#3514=IFCOWNERHISTORY(#3,#5,.READWRITE.,.ADDED.,1777764232,#3,#5,1777764232);
#3515=IFCPROPERTYSET('1aCVaBO71C6vM5GkuxHQ2H',#3514,'Pset_ElementMark',$,(#3518,#3519,#3520,#3521));
#3516=IFCOWNERHISTORY(#3,#5,.READWRITE.,.ADDED.,1777764232,#3,#5,1777764232);
#3517=IFCRELDEFINESBYPROPERTIES('26yJrVJ396muR_IVrVuehs',#3516,$,$,(#3500),#3515);
#3518=IFCPROPERTYSINGLEVALUE('Mark',$,IFCLABEL('BM-V-1AB-L2'),$);
#3519=IFCPROPERTYSINGLEVALUE('ElementType',$,IFCLABEL('Beam'),$);
#3520=IFCPROPERTYSINGLEVALUE('Direction',$,IFCLABEL('V'),$);
#3521=IFCPROPERTYSINGLEVALUE('Level',$,IFCLABEL('L2'),$);
#3522=IFCCARTESIANPOINT((0.,0.,10.));
#3523=IFCDIRECTION((0.,1.,0.));
#3524=IFCDIRECTION((1.,0.,0.));
#3525=IFCAXIS2PLACEMENT3D(#3522,#3523,#3524);
#3526=IFCLOCALPLACEMENT($,#3525);
#3527=IFCOWNERHISTORY(#3,#5,.READWRITE.,.MODIFIED.,1777764232,#3,#5,1777764232);
#3528=IFCBEAM('1SP7zv8D92_evxSDQUgr_5',#3527,'BM-V-1BC-L2',$,$,#3554,#3541,$);
#3534=IFCCARTESIANPOINT((0.,0.,0.));
#3535=IFCDIRECTION((0.,0.,1.));
#3536=IFCDIRECTION((1.,0.,0.));
#3537=IFCAXIS2PLACEMENT3D(#3534,#3535,#3536);
#3538=IFCDIRECTION((0.,0.,1.));
#3539=IFCEXTRUDEDAREASOLID(#1818,#3537,#3538,6.);
#3540=IFCSHAPEREPRESENTATION(#13,'Body','SweptSolid',(#3539));
#3541=IFCPRODUCTDEFINITIONSHAPE($,$,(#3540));
#3542=IFCOWNERHISTORY(#3,#5,.READWRITE.,.ADDED.,1777764232,#3,#5,1777764232);
#3543=IFCPROPERTYSET('1ChN8LjBf3Xu6l6TNu2xY1',#3542,'Pset_ElementMark',$,(#3546,#3547,#3548,#3549));
#3544=IFCOWNERHISTORY(#3,#5,.READWRITE.,.ADDED.,1777764232,#3,#5,1777764232);
#3545=IFCRELDEFINESBYPROPERTIES('3Un$1kqfj148pMBD8OMavc',#3544,$,$,(#3528),#3543);
#3546=IFCPROPERTYSINGLEVALUE('Mark',$,IFCLABEL('BM-V-1BC-L2'),$);
#3547=IFCPROPERTYSINGLEVALUE('ElementType',$,IFCLABEL('Beam'),$);
#3548=IFCPROPERTYSINGLEVALUE('Direction',$,IFCLABEL('V'),$);
#3549=IFCPROPERTYSINGLEVALUE('Level',$,IFCLABEL('L2'),$);
#3550=IFCCARTESIANPOINT((0.,6.,10.));
#3551=IFCDIRECTION((0.,1.,0.));
#3552=IFCDIRECTION((1.,0.,0.));
#3553=IFCAXIS2PLACEMENT3D(#3550,#3551,#3552);
#3554=IFCLOCALPLACEMENT($,#3553);
#3555=IFCOWNERHISTORY(#3,#5,.READWRITE.,.MODIFIED.,1777764232,#3,#5,1777764232);
#3556=IFCBEAM('3H911uM092VxkZr2yaw3iw',#3555,'BM-V-1CD-L2',$,$,#3582,#3569,$);
#3562=IFCCARTESIANPOINT((0.,0.,0.));
#3563=IFCDIRECTION((0.,0.,1.));
#3564=IFCDIRECTION((1.,0.,0.));
#3565=IFCAXIS2PLACEMENT3D(#3562,#3563,#3564);
#3566=IFCDIRECTION((0.,0.,1.));
#3567=IFCEXTRUDEDAREASOLID(#1818,#3565,#3566,6.);
#3568=IFCSHAPEREPRESENTATION(#13,'Body','SweptSolid',(#3567));
#3569=IFCPRODUCTDEFINITIONSHAPE($,$,(#3568));
#3570=IFCOWNERHISTORY(#3,#5,.READWRITE.,.ADDED.,1777764232,#3,#5,1777764232);
#3571=IFCPROPERTYSET('2htWpLTkH6ev_39m43iNHj',#3570,'Pset_ElementMark',$,(#3574,#3575,#3576,#3577));
#3572=IFCOWNERHISTORY(#3,#5,.READWRITE.,.ADDED.,1777764232,#3,#5,1777764232);
#3573=IFCRELDEFINESBYPROPERTIES('22Lm4gqxjB_hiismOUVJgi',#3572,$,$,(#3556),#3571);
#3574=IFCPROPERTYSINGLEVALUE('Mark',$,IFCLABEL('BM-V-1CD-L2'),$);
#3575=IFCPROPERTYSINGLEVALUE('ElementType',$,IFCLABEL('Beam'),$);
#3576=IFCPROPERTYSINGLEVALUE('Direction',$,IFCLABEL('V'),$);
#3577=IFCPROPERTYSINGLEVALUE('Level',$,IFCLABEL('L2'),$);
#3578=IFCCARTESIANPOINT((0.,12.,10.));
#3579=IFCDIRECTION((0.,1.,0.));
#3580=IFCDIRECTION((1.,0.,0.));
#3581=IFCAXIS2PLACEMENT3D(#3578,#3579,#3580);
#3582=IFCLOCALPLACEMENT($,#3581);
#3583=IFCOWNERHISTORY(#3,#5,.READWRITE.,.MODIFIED.,1777764232,#3,#5,1777764232);
#3584=IFCBEAM('0D_EsII3L89fPpR664V9_B',#3583,'BM-V-2AB-L2',$,$,#3610,#3597,$);
#3590=IFCCARTESIANPOINT((0.,0.,0.));
#3591=IFCDIRECTION((0.,0.,1.));
#3592=IFCDIRECTION((1.,0.,0.));
#3593=IFCAXIS2PLACEMENT3D(#3590,#3591,#3592);
#3594=IFCDIRECTION((0.,0.,1.));
#3595=IFCEXTRUDEDAREASOLID(#1818,#3593,#3594,6.);
#3596=IFCSHAPEREPRESENTATION(#13,'Body','SweptSolid',(#3595));
#3597=IFCPRODUCTDEFINITIONSHAPE($,$,(#3596));
#3598=IFCOWNERHISTORY(#3,#5,.READWRITE.,.ADDED.,1777764232,#3,#5,1777764232);
#3599=IFCPROPERTYSET('2E9dp9bvb9iOuAsUO5PRYc',#3598,'Pset_ElementMark',$,(#3602,#3603,#3604,#3605));
#3600=IFCOWNERHISTORY(#3,#5,.READWRITE.,.ADDED.,1777764232,#3,#5,1777764232);
#3601=IFCRELDEFINESBYPROPERTIES('1puusAzF9C7hhLjXOjAPum',#3600,$,$,(#3584),#3599);
#3602=IFCPROPERTYSINGLEVALUE('Mark',$,IFCLABEL('BM-V-2AB-L2'),$);
#3603=IFCPROPERTYSINGLEVALUE('ElementType',$,IFCLABEL('Beam'),$);
#3604=IFCPROPERTYSINGLEVALUE('Direction',$,IFCLABEL('V'),$);
#3605=IFCPROPERTYSINGLEVALUE('Level',$,IFCLABEL('L2'),$);
#3606=IFCCARTESIANPOINT((6.,0.,10.));
#3607=IFCDIRECTION((0.,1.,0.));
#3608=IFCDIRECTION((1.,0.,0.));
#3609=IFCAXIS2PLACEMENT3D(#3606,#3607,#3608);
#3610=IFCLOCALPLACEMENT($,#3609);
#3611=IFCOWNERHISTORY(#3,#5,.READWRITE.,.MODIFIED.,1777764232,#3,#5,1777764232);
#3612=IFCBEAM('1KuDe_SRX0NA5ILUvdBAzw',#3611,'BM-V-2BC-L2',$,$,#3638,#3625,$);
#3618=IFCCARTESIANPOINT((0.,0.,0.));
#3619=IFCDIRECTION((0.,0.,1.));
#3620=IFCDIRECTION((1.,0.,0.));
#3621=IFCAXIS2PLACEMENT3D(#3618,#3619,#3620);
#3622=IFCDIRECTION((0.,0.,1.));
#3623=IFCEXTRUDEDAREASOLID(#1818,#3621,#3622,6.);
#3624=IFCSHAPEREPRESENTATION(#13,'Body','SweptSolid',(#3623));
#3625=IFCPRODUCTDEFINITIONSHAPE($,$,(#3624));
#3626=IFCOWNERHISTORY(#3,#5,.READWRITE.,.ADDED.,1777764232,#3,#5,1777764232);
#3627=IFCPROPERTYSET('0tDLMkJ857KOmXxYRImE_e',#3626,'Pset_ElementMark',$,(#3630,#3631,#3632,#3633));
#3628=IFCOWNERHISTORY(#3,#5,.READWRITE.,.ADDED.,1777764232,#3,#5,1777764232);
#3629=IFCRELDEFINESBYPROPERTIES('3D48uzPD1958imzOORgSBz',#3628,$,$,(#3612),#3627);
#3630=IFCPROPERTYSINGLEVALUE('Mark',$,IFCLABEL('BM-V-2BC-L2'),$);
#3631=IFCPROPERTYSINGLEVALUE('ElementType',$,IFCLABEL('Beam'),$);
#3632=IFCPROPERTYSINGLEVALUE('Direction',$,IFCLABEL('V'),$);
#3633=IFCPROPERTYSINGLEVALUE('Level',$,IFCLABEL('L2'),$);
#3634=IFCCARTESIANPOINT((6.,6.,10.));
#3635=IFCDIRECTION((0.,1.,0.));
#3636=IFCDIRECTION((1.,0.,0.));
#3637=IFCAXIS2PLACEMENT3D(#3634,#3635,#3636);
#3638=IFCLOCALPLACEMENT($,#3637);
#3639=IFCOWNERHISTORY(#3,#5,.READWRITE.,.MODIFIED.,1777764232,#3,#5,1777764232);
#3640=IFCBEAM('2NVuc8bGT3AwYwkcXh8oQL',#3639,'BM-V-2CD-L2',$,$,#3666,#3653,$);
#3646=IFCCARTESIANPOINT((0.,0.,0.));
#3647=IFCDIRECTION((0.,0.,1.));
#3648=IFCDIRECTION((1.,0.,0.));
#3649=IFCAXIS2PLACEMENT3D(#3646,#3647,#3648);
#3650=IFCDIRECTION((0.,0.,1.));
#3651=IFCEXTRUDEDAREASOLID(#1818,#3649,#3650,6.);
#3652=IFCSHAPEREPRESENTATION(#13,'Body','SweptSolid',(#3651));
#3653=IFCPRODUCTDEFINITIONSHAPE($,$,(#3652));
#3654=IFCOWNERHISTORY(#3,#5,.READWRITE.,.ADDED.,1777764232,#3,#5,1777764232);
#3655=IFCPROPERTYSET('0LGuFTDTXBSBxrWj7otrFe',#3654,'Pset_ElementMark',$,(#3658,#3659,#3660,#3661));
#3656=IFCOWNERHISTORY(#3,#5,.READWRITE.,.ADDED.,1777764232,#3,#5,1777764232);
#3657=IFCRELDEFINESBYPROPERTIES('3pjIIiM_16Gu5a$Y1UgANY',#3656,$,$,(#3640),#3655);
#3658=IFCPROPERTYSINGLEVALUE('Mark',$,IFCLABEL('BM-V-2CD-L2'),$);
#3659=IFCPROPERTYSINGLEVALUE('ElementType',$,IFCLABEL('Beam'),$);
#3660=IFCPROPERTYSINGLEVALUE('Direction',$,IFCLABEL('V'),$);
#3661=IFCPROPERTYSINGLEVALUE('Level',$,IFCLABEL('L2'),$);
#3662=IFCCARTESIANPOINT((6.,12.,10.));
#3663=IFCDIRECTION((0.,1.,0.));
#3664=IFCDIRECTION((1.,0.,0.));
#3665=IFCAXIS2PLACEMENT3D(#3662,#3663,#3664);
#3666=IFCLOCALPLACEMENT($,#3665);
#3667=IFCOWNERHISTORY(#3,#5,.READWRITE.,.MODIFIED.,1777764232,#3,#5,1777764232);
#3668=IFCBEAM('06TU3qPInCD8FfT97Q392D',#3667,'BM-V-3AB-L2',$,$,#3694,#3681,$);
#3674=IFCCARTESIANPOINT((0.,0.,0.));
#3675=IFCDIRECTION((0.,0.,1.));
#3676=IFCDIRECTION((1.,0.,0.));
#3677=IFCAXIS2PLACEMENT3D(#3674,#3675,#3676);
#3678=IFCDIRECTION((0.,0.,1.));
#3679=IFCEXTRUDEDAREASOLID(#1818,#3677,#3678,6.);
#3680=IFCSHAPEREPRESENTATION(#13,'Body','SweptSolid',(#3679));
#3681=IFCPRODUCTDEFINITIONSHAPE($,$,(#3680));
#3682=IFCOWNERHISTORY(#3,#5,.READWRITE.,.ADDED.,1777764232,#3,#5,1777764232);
#3683=IFCPROPERTYSET('0OrR7qzJX3$9Plws84obib',#3682,'Pset_ElementMark',$,(#3686,#3687,#3688,#3689));
#3684=IFCOWNERHISTORY(#3,#5,.READWRITE.,.ADDED.,1777764232,#3,#5,1777764232);
#3685=IFCRELDEFINESBYPROPERTIES('03Wn_KCqb5YQk8IDPYlQW3',#3684,$,$,(#3668),#3683);
#3686=IFCPROPERTYSINGLEVALUE('Mark',$,IFCLABEL('BM-V-3AB-L2'),$);
#3687=IFCPROPERTYSINGLEVALUE('ElementType',$,IFCLABEL('Beam'),$);
#3688=IFCPROPERTYSINGLEVALUE('Direction',$,IFCLABEL('V'),$);
#3689=IFCPROPERTYSINGLEVALUE('Level',$,IFCLABEL('L2'),$);
#3690=IFCCARTESIANPOINT((12.,0.,10.));
#3691=IFCDIRECTION((0.,1.,0.));
#3692=IFCDIRECTION((1.,0.,0.));
#3693=IFCAXIS2PLACEMENT3D(#3690,#3691,#3692);
#3694=IFCLOCALPLACEMENT($,#3693);
#3695=IFCOWNERHISTORY(#3,#5,.READWRITE.,.MODIFIED.,1777764232,#3,#5,1777764232);
#3696=IFCBEAM('38a$uAYZH5kRia_BcLztzj',#3695,'BM-V-3BC-L2',$,$,#3722,#3709,$);
#3702=IFCCARTESIANPOINT((0.,0.,0.));
#3703=IFCDIRECTION((0.,0.,1.));
#3704=IFCDIRECTION((1.,0.,0.));
#3705=IFCAXIS2PLACEMENT3D(#3702,#3703,#3704);
#3706=IFCDIRECTION((0.,0.,1.));
#3707=IFCEXTRUDEDAREASOLID(#1818,#3705,#3706,6.);
#3708=IFCSHAPEREPRESENTATION(#13,'Body','SweptSolid',(#3707));
#3709=IFCPRODUCTDEFINITIONSHAPE($,$,(#3708));
#3710=IFCOWNERHISTORY(#3,#5,.READWRITE.,.ADDED.,1777764232,#3,#5,1777764232);
#3711=IFCPROPERTYSET('0cMYW5wS5CCx4x1xFgJ6z3',#3710,'Pset_ElementMark',$,(#3714,#3715,#3716,#3717));
#3712=IFCOWNERHISTORY(#3,#5,.READWRITE.,.ADDED.,1777764232,#3,#5,1777764232);
#3713=IFCRELDEFINESBYPROPERTIES('0uYS5HTuT8XPS6mSSp0pQf',#3712,$,$,(#3696),#3711);
#3714=IFCPROPERTYSINGLEVALUE('Mark',$,IFCLABEL('BM-V-3BC-L2'),$);
#3715=IFCPROPERTYSINGLEVALUE('ElementType',$,IFCLABEL('Beam'),$);
#3716=IFCPROPERTYSINGLEVALUE('Direction',$,IFCLABEL('V'),$);
#3717=IFCPROPERTYSINGLEVALUE('Level',$,IFCLABEL('L2'),$);
#3718=IFCCARTESIANPOINT((12.,6.,10.));
#3719=IFCDIRECTION((0.,1.,0.));
#3720=IFCDIRECTION((1.,0.,0.));
#3721=IFCAXIS2PLACEMENT3D(#3718,#3719,#3720);
#3722=IFCLOCALPLACEMENT($,#3721);
#3723=IFCOWNERHISTORY(#3,#5,.READWRITE.,.MODIFIED.,1777764232,#3,#5,1777764232);
#3724=IFCBEAM('14h$BH2YD9EguTpRr$ss7N',#3723,'BM-V-3CD-L2',$,$,#3750,#3737,$);
#3730=IFCCARTESIANPOINT((0.,0.,0.));
#3731=IFCDIRECTION((0.,0.,1.));
#3732=IFCDIRECTION((1.,0.,0.));
#3733=IFCAXIS2PLACEMENT3D(#3730,#3731,#3732);
#3734=IFCDIRECTION((0.,0.,1.));
#3735=IFCEXTRUDEDAREASOLID(#1818,#3733,#3734,6.);
#3736=IFCSHAPEREPRESENTATION(#13,'Body','SweptSolid',(#3735));
#3737=IFCPRODUCTDEFINITIONSHAPE($,$,(#3736));
#3738=IFCOWNERHISTORY(#3,#5,.READWRITE.,.ADDED.,1777764232,#3,#5,1777764232);
#3739=IFCPROPERTYSET('1p958aMrfCKBPDhSIFM1BX',#3738,'Pset_ElementMark',$,(#3742,#3743,#3744,#3745));
#3740=IFCOWNERHISTORY(#3,#5,.READWRITE.,.ADDED.,1777764232,#3,#5,1777764232);
#3741=IFCRELDEFINESBYPROPERTIES('3NZLYuQz93gwk8KmLN4AG5',#3740,$,$,(#3724),#3739);
#3742=IFCPROPERTYSINGLEVALUE('Mark',$,IFCLABEL('BM-V-3CD-L2'),$);
#3743=IFCPROPERTYSINGLEVALUE('ElementType',$,IFCLABEL('Beam'),$);
#3744=IFCPROPERTYSINGLEVALUE('Direction',$,IFCLABEL('V'),$);
#3745=IFCPROPERTYSINGLEVALUE('Level',$,IFCLABEL('L2'),$);
#3746=IFCCARTESIANPOINT((12.,12.,10.));
#3747=IFCDIRECTION((0.,1.,0.));
#3748=IFCDIRECTION((1.,0.,0.));
#3749=IFCAXIS2PLACEMENT3D(#3746,#3747,#3748);
#3750=IFCLOCALPLACEMENT($,#3749);
#3751=IFCOWNERHISTORY(#3,#5,.READWRITE.,.MODIFIED.,1777764232,#3,#5,1777764232);
#3752=IFCBEAM('1kL069pwj3qQ7iO9seMRvD',#3751,'BM-V-4AB-L2',$,$,#3778,#3765,$);
#3758=IFCCARTESIANPOINT((0.,0.,0.));
#3759=IFCDIRECTION((0.,0.,1.));
#3760=IFCDIRECTION((1.,0.,0.));
#3761=IFCAXIS2PLACEMENT3D(#3758,#3759,#3760);
#3762=IFCDIRECTION((0.,0.,1.));
#3763=IFCEXTRUDEDAREASOLID(#1818,#3761,#3762,6.);
#3764=IFCSHAPEREPRESENTATION(#13,'Body','SweptSolid',(#3763));
#3765=IFCPRODUCTDEFINITIONSHAPE($,$,(#3764));
#3766=IFCOWNERHISTORY(#3,#5,.READWRITE.,.ADDED.,1777764232,#3,#5,1777764232);
#3767=IFCPROPERTYSET('0BOi8FWRT83uc9d17ktsKQ',#3766,'Pset_ElementMark',$,(#3770,#3771,#3772,#3773));
#3768=IFCOWNERHISTORY(#3,#5,.READWRITE.,.ADDED.,1777764232,#3,#5,1777764232);
#3769=IFCRELDEFINESBYPROPERTIES('2zlyKw86P1AwOU$BY_zAqq',#3768,$,$,(#3752),#3767);
#3770=IFCPROPERTYSINGLEVALUE('Mark',$,IFCLABEL('BM-V-4AB-L2'),$);
#3771=IFCPROPERTYSINGLEVALUE('ElementType',$,IFCLABEL('Beam'),$);
#3772=IFCPROPERTYSINGLEVALUE('Direction',$,IFCLABEL('V'),$);
#3773=IFCPROPERTYSINGLEVALUE('Level',$,IFCLABEL('L2'),$);
#3774=IFCCARTESIANPOINT((18.,0.,10.));
#3775=IFCDIRECTION((0.,1.,0.));
#3776=IFCDIRECTION((1.,0.,0.));
#3777=IFCAXIS2PLACEMENT3D(#3774,#3775,#3776);
#3778=IFCLOCALPLACEMENT($,#3777);
#3779=IFCOWNERHISTORY(#3,#5,.READWRITE.,.MODIFIED.,1777764232,#3,#5,1777764232);
#3780=IFCBEAM('1Xyu76eAH8H916MRaGVqdl',#3779,'BM-V-4BC-L2',$,$,#3806,#3793,$);
#3786=IFCCARTESIANPOINT((0.,0.,0.));
#3787=IFCDIRECTION((0.,0.,1.));
#3788=IFCDIRECTION((1.,0.,0.));
#3789=IFCAXIS2PLACEMENT3D(#3786,#3787,#3788);
#3790=IFCDIRECTION((0.,0.,1.));
#3791=IFCEXTRUDEDAREASOLID(#1818,#3789,#3790,6.);
#3792=IFCSHAPEREPRESENTATION(#13,'Body','SweptSolid',(#3791));
#3793=IFCPRODUCTDEFINITIONSHAPE($,$,(#3792));
#3794=IFCOWNERHISTORY(#3,#5,.READWRITE.,.ADDED.,1777764232,#3,#5,1777764232);
#3795=IFCPROPERTYSET('3YK9KW_Iv9wPBEE0qlxtmK',#3794,'Pset_ElementMark',$,(#3798,#3799,#3800,#3801));
#3796=IFCOWNERHISTORY(#3,#5,.READWRITE.,.ADDED.,1777764232,#3,#5,1777764232);
#3797=IFCRELDEFINESBYPROPERTIES('0zK7zfe$L8S9Obg9qGz5S5',#3796,$,$,(#3780),#3795);
#3798=IFCPROPERTYSINGLEVALUE('Mark',$,IFCLABEL('BM-V-4BC-L2'),$);
#3799=IFCPROPERTYSINGLEVALUE('ElementType',$,IFCLABEL('Beam'),$);
#3800=IFCPROPERTYSINGLEVALUE('Direction',$,IFCLABEL('V'),$);
#3801=IFCPROPERTYSINGLEVALUE('Level',$,IFCLABEL('L2'),$);
#3802=IFCCARTESIANPOINT((18.,6.,10.));
#3803=IFCDIRECTION((0.,1.,0.));
#3804=IFCDIRECTION((1.,0.,0.));
#3805=IFCAXIS2PLACEMENT3D(#3802,#3803,#3804);
#3806=IFCLOCALPLACEMENT($,#3805);
#3807=IFCOWNERHISTORY(#3,#5,.READWRITE.,.MODIFIED.,1777764232,#3,#5,1777764232);
#3808=IFCBEAM('0mnech9jT1GR1VaqSfpl3b',#3807,'BM-V-4CD-L2',$,$,#3834,#3821,$);
#3814=IFCCARTESIANPOINT((0.,0.,0.));
#3815=IFCDIRECTION((0.,0.,1.));
#3816=IFCDIRECTION((1.,0.,0.));
#3817=IFCAXIS2PLACEMENT3D(#3814,#3815,#3816);
#3818=IFCDIRECTION((0.,0.,1.));
#3819=IFCEXTRUDEDAREASOLID(#1818,#3817,#3818,6.);
#3820=IFCSHAPEREPRESENTATION(#13,'Body','SweptSolid',(#3819));
#3821=IFCPRODUCTDEFINITIONSHAPE($,$,(#3820));
#3822=IFCOWNERHISTORY(#3,#5,.READWRITE.,.ADDED.,1777764232,#3,#5,1777764232);
#3823=IFCPROPERTYSET('2_IK6NQ896hQnxssCl6z1t',#3822,'Pset_ElementMark',$,(#3826,#3827,#3828,#3829));
#3824=IFCOWNERHISTORY(#3,#5,.READWRITE.,.ADDED.,1777764232,#3,#5,1777764232);
#3825=IFCRELDEFINESBYPROPERTIES('0svv3798XD7OcVMvD__7vL',#3824,$,$,(#3808),#3823);
#3826=IFCPROPERTYSINGLEVALUE('Mark',$,IFCLABEL('BM-V-4CD-L2'),$);
#3827=IFCPROPERTYSINGLEVALUE('ElementType',$,IFCLABEL('Beam'),$);
#3828=IFCPROPERTYSINGLEVALUE('Direction',$,IFCLABEL('V'),$);
#3829=IFCPROPERTYSINGLEVALUE('Level',$,IFCLABEL('L2'),$);
#3830=IFCCARTESIANPOINT((18.,12.,10.));
#3831=IFCDIRECTION((0.,1.,0.));
#3832=IFCDIRECTION((1.,0.,0.));
#3833=IFCAXIS2PLACEMENT3D(#3830,#3831,#3832);
#3834=IFCLOCALPLACEMENT($,#3833);
#3835=IFCRECTANGLEPROFILEDEF(.AREA.,$,$,6.,6.);
#3836=IFCOWNERHISTORY(#3,#5,.READWRITE.,.MODIFIED.,1777764232,#3,#5,1777764232);
#3837=IFCSLAB('0IuKicxL97Svn_R1grXUpL',#3836,'SL-A1B2-GF',$,$,#3863,#3850,$,.FLOOR.);
#3843=IFCCARTESIANPOINT((0.,0.,0.));
#3844=IFCDIRECTION((0.,0.,1.));
#3845=IFCDIRECTION((1.,0.,0.));
#3846=IFCAXIS2PLACEMENT3D(#3843,#3844,#3845);
#3847=IFCDIRECTION((0.,0.,1.));
#3848=IFCEXTRUDEDAREASOLID(#3835,#3846,#3847,0.20000000000000001);
#3849=IFCSHAPEREPRESENTATION(#13,'Body','SweptSolid',(#3848));
#3850=IFCPRODUCTDEFINITIONSHAPE($,$,(#3849));
#3851=IFCOWNERHISTORY(#3,#5,.READWRITE.,.ADDED.,1777764232,#3,#5,1777764232);
#3852=IFCPROPERTYSET('2n2RsOTqf0uxUldsE5C954',#3851,'Pset_ElementMark',$,(#3855,#3856,#3857,#3858));
#3853=IFCOWNERHISTORY(#3,#5,.READWRITE.,.ADDED.,1777764232,#3,#5,1777764232);
#3854=IFCRELDEFINESBYPROPERTIES('08YIkzM5H1T8jusGvfmyL8',#3853,$,$,(#3837),#3852);
#3855=IFCPROPERTYSINGLEVALUE('Mark',$,IFCLABEL('SL-A1B2-GF'),$);
#3856=IFCPROPERTYSINGLEVALUE('ElementType',$,IFCLABEL('Floor Slab'),$);
#3857=IFCPROPERTYSINGLEVALUE('Bay',$,IFCLABEL('A1B2'),$);
#3858=IFCPROPERTYSINGLEVALUE('Level',$,IFCLABEL('GF'),$);
#3859=IFCCARTESIANPOINT((0.,0.,3.5));
#3860=IFCDIRECTION((0.,0.,1.));
#3861=IFCDIRECTION((1.,0.,0.));
#3862=IFCAXIS2PLACEMENT3D(#3859,#3860,#3861);
#3863=IFCLOCALPLACEMENT($,#3862);
#3864=IFCOWNERHISTORY(#3,#5,.READWRITE.,.MODIFIED.,1777764232,#3,#5,1777764232);
#3865=IFCSLAB('2DJ_Y3tiT7zPoORtq1i3aD',#3864,'SL-A2B3-GF',$,$,#3891,#3878,$,.FLOOR.);
#3871=IFCCARTESIANPOINT((0.,0.,0.));
#3872=IFCDIRECTION((0.,0.,1.));
#3873=IFCDIRECTION((1.,0.,0.));
#3874=IFCAXIS2PLACEMENT3D(#3871,#3872,#3873);
#3875=IFCDIRECTION((0.,0.,1.));
#3876=IFCEXTRUDEDAREASOLID(#3835,#3874,#3875,0.20000000000000001);
#3877=IFCSHAPEREPRESENTATION(#13,'Body','SweptSolid',(#3876));
#3878=IFCPRODUCTDEFINITIONSHAPE($,$,(#3877));
#3879=IFCOWNERHISTORY(#3,#5,.READWRITE.,.ADDED.,1777764232,#3,#5,1777764232);
#3880=IFCPROPERTYSET('0VrXDpGezDYuW9mc6wRtz6',#3879,'Pset_ElementMark',$,(#3883,#3884,#3885,#3886));
#3881=IFCOWNERHISTORY(#3,#5,.READWRITE.,.ADDED.,1777764232,#3,#5,1777764232);
#3882=IFCRELDEFINESBYPROPERTIES('14KcppaUP55AwuKOvswUMr',#3881,$,$,(#3865),#3880);
#3883=IFCPROPERTYSINGLEVALUE('Mark',$,IFCLABEL('SL-A2B3-GF'),$);
#3884=IFCPROPERTYSINGLEVALUE('ElementType',$,IFCLABEL('Floor Slab'),$);
#3885=IFCPROPERTYSINGLEVALUE('Bay',$,IFCLABEL('A2B3'),$);
#3886=IFCPROPERTYSINGLEVALUE('Level',$,IFCLABEL('GF'),$);
#3887=IFCCARTESIANPOINT((6.,0.,3.5));
#3888=IFCDIRECTION((0.,0.,1.));
#3889=IFCDIRECTION((1.,0.,0.));
#3890=IFCAXIS2PLACEMENT3D(#3887,#3888,#3889);
#3891=IFCLOCALPLACEMENT($,#3890);
#3892=IFCOWNERHISTORY(#3,#5,.READWRITE.,.MODIFIED.,1777764232,#3,#5,1777764232);
#3893=IFCSLAB('0M74nx31v2OhXtxbipyZ$9',#3892,'SL-A3B4-GF',$,$,#3919,#3906,$,.FLOOR.);
#3899=IFCCARTESIANPOINT((0.,0.,0.));
#3900=IFCDIRECTION((0.,0.,1.));
#3901=IFCDIRECTION((1.,0.,0.));
#3902=IFCAXIS2PLACEMENT3D(#3899,#3900,#3901);
#3903=IFCDIRECTION((0.,0.,1.));
#3904=IFCEXTRUDEDAREASOLID(#3835,#3902,#3903,0.20000000000000001);
#3905=IFCSHAPEREPRESENTATION(#13,'Body','SweptSolid',(#3904));
#3906=IFCPRODUCTDEFINITIONSHAPE($,$,(#3905));
#3907=IFCOWNERHISTORY(#3,#5,.READWRITE.,.ADDED.,1777764232,#3,#5,1777764232);
#3908=IFCPROPERTYSET('1AzCUGSbH5Tu$7FjUi_Svo',#3907,'Pset_ElementMark',$,(#3911,#3912,#3913,#3914));
#3909=IFCOWNERHISTORY(#3,#5,.READWRITE.,.ADDED.,1777764232,#3,#5,1777764232);
#3910=IFCRELDEFINESBYPROPERTIES('19vAOTMU98F8u613$d5N9r',#3909,$,$,(#3893),#3908);
#3911=IFCPROPERTYSINGLEVALUE('Mark',$,IFCLABEL('SL-A3B4-GF'),$);
#3912=IFCPROPERTYSINGLEVALUE('ElementType',$,IFCLABEL('Floor Slab'),$);
#3913=IFCPROPERTYSINGLEVALUE('Bay',$,IFCLABEL('A3B4'),$);
#3914=IFCPROPERTYSINGLEVALUE('Level',$,IFCLABEL('GF'),$);
#3915=IFCCARTESIANPOINT((12.,0.,3.5));
#3916=IFCDIRECTION((0.,0.,1.));
#3917=IFCDIRECTION((1.,0.,0.));
#3918=IFCAXIS2PLACEMENT3D(#3915,#3916,#3917);
#3919=IFCLOCALPLACEMENT($,#3918);
#3920=IFCOWNERHISTORY(#3,#5,.READWRITE.,.MODIFIED.,1777764232,#3,#5,1777764232);
#3921=IFCSLAB('2gce_PeQD5weUhwccG3ApT',#3920,'SL-B1C2-GF',$,$,#3947,#3934,$,.FLOOR.);
#3927=IFCCARTESIANPOINT((0.,0.,0.));
#3928=IFCDIRECTION((0.,0.,1.));
#3929=IFCDIRECTION((1.,0.,0.));
#3930=IFCAXIS2PLACEMENT3D(#3927,#3928,#3929);
#3931=IFCDIRECTION((0.,0.,1.));
#3932=IFCEXTRUDEDAREASOLID(#3835,#3930,#3931,0.20000000000000001);
#3933=IFCSHAPEREPRESENTATION(#13,'Body','SweptSolid',(#3932));
#3934=IFCPRODUCTDEFINITIONSHAPE($,$,(#3933));
#3935=IFCOWNERHISTORY(#3,#5,.READWRITE.,.ADDED.,1777764232,#3,#5,1777764232);
#3936=IFCPROPERTYSET('38aCKACnvF$hqbmPUNrjmn',#3935,'Pset_ElementMark',$,(#3939,#3940,#3941,#3942));
#3937=IFCOWNERHISTORY(#3,#5,.READWRITE.,.ADDED.,1777764232,#3,#5,1777764232);
#3938=IFCRELDEFINESBYPROPERTIES('0mRYu6YZL1lQuv0bks0WxI',#3937,$,$,(#3921),#3936);
#3939=IFCPROPERTYSINGLEVALUE('Mark',$,IFCLABEL('SL-B1C2-GF'),$);
#3940=IFCPROPERTYSINGLEVALUE('ElementType',$,IFCLABEL('Floor Slab'),$);
#3941=IFCPROPERTYSINGLEVALUE('Bay',$,IFCLABEL('B1C2'),$);
#3942=IFCPROPERTYSINGLEVALUE('Level',$,IFCLABEL('GF'),$);
#3943=IFCCARTESIANPOINT((0.,6.,3.5));
#3944=IFCDIRECTION((0.,0.,1.));
#3945=IFCDIRECTION((1.,0.,0.));
#3946=IFCAXIS2PLACEMENT3D(#3943,#3944,#3945);
#3947=IFCLOCALPLACEMENT($,#3946);
#3948=IFCOWNERHISTORY(#3,#5,.READWRITE.,.MODIFIED.,1777764232,#3,#5,1777764232);
#3949=IFCSLAB('1AIyxJugHEN9n9n1R_WaFs',#3948,'SL-B2C3-GF',$,$,#3975,#3962,$,.FLOOR.);
#3955=IFCCARTESIANPOINT((0.,0.,0.));
#3956=IFCDIRECTION((0.,0.,1.));
#3957=IFCDIRECTION((1.,0.,0.));
#3958=IFCAXIS2PLACEMENT3D(#3955,#3956,#3957);
#3959=IFCDIRECTION((0.,0.,1.));
#3960=IFCEXTRUDEDAREASOLID(#3835,#3958,#3959,0.20000000000000001);
#3961=IFCSHAPEREPRESENTATION(#13,'Body','SweptSolid',(#3960));
#3962=IFCPRODUCTDEFINITIONSHAPE($,$,(#3961));
#3963=IFCOWNERHISTORY(#3,#5,.READWRITE.,.ADDED.,1777764232,#3,#5,1777764232);
#3964=IFCPROPERTYSET('26mrBO95DB8hEc7f1BHY6O',#3963,'Pset_ElementMark',$,(#3967,#3968,#3969,#3970));
#3965=IFCOWNERHISTORY(#3,#5,.READWRITE.,.ADDED.,1777764232,#3,#5,1777764232);
#3966=IFCRELDEFINESBYPROPERTIES('1zUxqYqvXAuxUgQQtqsUBg',#3965,$,$,(#3949),#3964);
#3967=IFCPROPERTYSINGLEVALUE('Mark',$,IFCLABEL('SL-B2C3-GF'),$);
#3968=IFCPROPERTYSINGLEVALUE('ElementType',$,IFCLABEL('Floor Slab'),$);
#3969=IFCPROPERTYSINGLEVALUE('Bay',$,IFCLABEL('B2C3'),$);
#3970=IFCPROPERTYSINGLEVALUE('Level',$,IFCLABEL('GF'),$);
#3971=IFCCARTESIANPOINT((6.,6.,3.5));
#3972=IFCDIRECTION((0.,0.,1.));
#3973=IFCDIRECTION((1.,0.,0.));
#3974=IFCAXIS2PLACEMENT3D(#3971,#3972,#3973);
#3975=IFCLOCALPLACEMENT($,#3974);
#3976=IFCOWNERHISTORY(#3,#5,.READWRITE.,.MODIFIED.,1777764233,#3,#5,1777764232);
#3977=IFCSLAB('3Qesv24qD9dwBtp9YSKwWZ',#3976,'SL-B3C4-GF',$,$,#4003,#3990,$,.FLOOR.);
#3983=IFCCARTESIANPOINT((0.,0.,0.));
#3984=IFCDIRECTION((0.,0.,1.));
#3985=IFCDIRECTION((1.,0.,0.));
#3986=IFCAXIS2PLACEMENT3D(#3983,#3984,#3985);
#3987=IFCDIRECTION((0.,0.,1.));
#3988=IFCEXTRUDEDAREASOLID(#3835,#3986,#3987,0.20000000000000001);
#3989=IFCSHAPEREPRESENTATION(#13,'Body','SweptSolid',(#3988));
#3990=IFCPRODUCTDEFINITIONSHAPE($,$,(#3989));
#3991=IFCOWNERHISTORY(#3,#5,.READWRITE.,.ADDED.,1777764232,#3,#5,1777764232);
#3992=IFCPROPERTYSET('1gj4ZtXMTFvOYeUQOJyamb',#3991,'Pset_ElementMark',$,(#3995,#3996,#3997,#3998));
#3993=IFCOWNERHISTORY(#3,#5,.READWRITE.,.ADDED.,1777764233,#3,#5,1777764233);
#3994=IFCRELDEFINESBYPROPERTIES('38FMpDZ9r1AORppvAgg16t',#3993,$,$,(#3977),#3992);
#3995=IFCPROPERTYSINGLEVALUE('Mark',$,IFCLABEL('SL-B3C4-GF'),$);
#3996=IFCPROPERTYSINGLEVALUE('ElementType',$,IFCLABEL('Floor Slab'),$);
#3997=IFCPROPERTYSINGLEVALUE('Bay',$,IFCLABEL('B3C4'),$);
#3998=IFCPROPERTYSINGLEVALUE('Level',$,IFCLABEL('GF'),$);
#3999=IFCCARTESIANPOINT((12.,6.,3.5));
#4000=IFCDIRECTION((0.,0.,1.));
#4001=IFCDIRECTION((1.,0.,0.));
#4002=IFCAXIS2PLACEMENT3D(#3999,#4000,#4001);
#4003=IFCLOCALPLACEMENT($,#4002);
#4004=IFCOWNERHISTORY(#3,#5,.READWRITE.,.MODIFIED.,1777764233,#3,#5,1777764233);
#4005=IFCSLAB('0M9J_0ieLEqhnoQFf7ZbQD',#4004,'SL-C1D2-GF',$,$,#4031,#4018,$,.FLOOR.);
#4011=IFCCARTESIANPOINT((0.,0.,0.));
#4012=IFCDIRECTION((0.,0.,1.));
#4013=IFCDIRECTION((1.,0.,0.));
#4014=IFCAXIS2PLACEMENT3D(#4011,#4012,#4013);
#4015=IFCDIRECTION((0.,0.,1.));
#4016=IFCEXTRUDEDAREASOLID(#3835,#4014,#4015,0.20000000000000001);
#4017=IFCSHAPEREPRESENTATION(#13,'Body','SweptSolid',(#4016));
#4018=IFCPRODUCTDEFINITIONSHAPE($,$,(#4017));
#4019=IFCOWNERHISTORY(#3,#5,.READWRITE.,.ADDED.,1777764233,#3,#5,1777764233);
#4020=IFCPROPERTYSET('0bRgpp8n94jPNJSk_gnQEq',#4019,'Pset_ElementMark',$,(#4023,#4024,#4025,#4026));
#4021=IFCOWNERHISTORY(#3,#5,.READWRITE.,.ADDED.,1777764233,#3,#5,1777764233);
#4022=IFCRELDEFINESBYPROPERTIES('1scjPfo2z0dB5UsynrkNYN',#4021,$,$,(#4005),#4020);
#4023=IFCPROPERTYSINGLEVALUE('Mark',$,IFCLABEL('SL-C1D2-GF'),$);
#4024=IFCPROPERTYSINGLEVALUE('ElementType',$,IFCLABEL('Floor Slab'),$);
#4025=IFCPROPERTYSINGLEVALUE('Bay',$,IFCLABEL('C1D2'),$);
#4026=IFCPROPERTYSINGLEVALUE('Level',$,IFCLABEL('GF'),$);
#4027=IFCCARTESIANPOINT((0.,12.,3.5));
#4028=IFCDIRECTION((0.,0.,1.));
#4029=IFCDIRECTION((1.,0.,0.));
#4030=IFCAXIS2PLACEMENT3D(#4027,#4028,#4029);
#4031=IFCLOCALPLACEMENT($,#4030);
#4032=IFCOWNERHISTORY(#3,#5,.READWRITE.,.MODIFIED.,1777764233,#3,#5,1777764233);
#4033=IFCSLAB('02lD_T1FT0W9B2ROh_w$z8',#4032,'SL-C2D3-GF',$,$,#4059,#4046,$,.FLOOR.);
#4039=IFCCARTESIANPOINT((0.,0.,0.));
#4040=IFCDIRECTION((0.,0.,1.));
#4041=IFCDIRECTION((1.,0.,0.));
#4042=IFCAXIS2PLACEMENT3D(#4039,#4040,#4041);
#4043=IFCDIRECTION((0.,0.,1.));
#4044=IFCEXTRUDEDAREASOLID(#3835,#4042,#4043,0.20000000000000001);
#4045=IFCSHAPEREPRESENTATION(#13,'Body','SweptSolid',(#4044));
#4046=IFCPRODUCTDEFINITIONSHAPE($,$,(#4045));
#4047=IFCOWNERHISTORY(#3,#5,.READWRITE.,.ADDED.,1777764233,#3,#5,1777764233);
#4048=IFCPROPERTYSET('3PHui7ATX9nwJ$02cCY5$K',#4047,'Pset_ElementMark',$,(#4051,#4052,#4053,#4054));
#4049=IFCOWNERHISTORY(#3,#5,.READWRITE.,.ADDED.,1777764233,#3,#5,1777764233);
#4050=IFCRELDEFINESBYPROPERTIES('3UQaS3d2XFqf1cbIkziHri',#4049,$,$,(#4033),#4048);
#4051=IFCPROPERTYSINGLEVALUE('Mark',$,IFCLABEL('SL-C2D3-GF'),$);
#4052=IFCPROPERTYSINGLEVALUE('ElementType',$,IFCLABEL('Floor Slab'),$);
#4053=IFCPROPERTYSINGLEVALUE('Bay',$,IFCLABEL('C2D3'),$);
#4054=IFCPROPERTYSINGLEVALUE('Level',$,IFCLABEL('GF'),$);
#4055=IFCCARTESIANPOINT((6.,12.,3.5));
#4056=IFCDIRECTION((0.,0.,1.));
#4057=IFCDIRECTION((1.,0.,0.));
#4058=IFCAXIS2PLACEMENT3D(#4055,#4056,#4057);
#4059=IFCLOCALPLACEMENT($,#4058);
#4060=IFCOWNERHISTORY(#3,#5,.READWRITE.,.MODIFIED.,1777764233,#3,#5,1777764233);
#4061=IFCSLAB('2fhqtn7Z1AuAHBY_QG6Lq1',#4060,'SL-C3D4-GF',$,$,#4087,#4074,$,.FLOOR.);
#4067=IFCCARTESIANPOINT((0.,0.,0.));
#4068=IFCDIRECTION((0.,0.,1.));
#4069=IFCDIRECTION((1.,0.,0.));
#4070=IFCAXIS2PLACEMENT3D(#4067,#4068,#4069);
#4071=IFCDIRECTION((0.,0.,1.));
#4072=IFCEXTRUDEDAREASOLID(#3835,#4070,#4071,0.20000000000000001);
#4073=IFCSHAPEREPRESENTATION(#13,'Body','SweptSolid',(#4072));
#4074=IFCPRODUCTDEFINITIONSHAPE($,$,(#4073));
#4075=IFCOWNERHISTORY(#3,#5,.READWRITE.,.ADDED.,1777764233,#3,#5,1777764233);
#4076=IFCPROPERTYSET('1gzTJPC0rDih0p45$C1mOe',#4075,'Pset_ElementMark',$,(#4079,#4080,#4081,#4082));
#4077=IFCOWNERHISTORY(#3,#5,.READWRITE.,.ADDED.,1777764233,#3,#5,1777764233);
#4078=IFCRELDEFINESBYPROPERTIES('1hky_MPaDFhg4qaHNeh6vD',#4077,$,$,(#4061),#4076);
#4079=IFCPROPERTYSINGLEVALUE('Mark',$,IFCLABEL('SL-C3D4-GF'),$);
#4080=IFCPROPERTYSINGLEVALUE('ElementType',$,IFCLABEL('Floor Slab'),$);
#4081=IFCPROPERTYSINGLEVALUE('Bay',$,IFCLABEL('C3D4'),$);
#4082=IFCPROPERTYSINGLEVALUE('Level',$,IFCLABEL('GF'),$);
#4083=IFCCARTESIANPOINT((12.,12.,3.5));
#4084=IFCDIRECTION((0.,0.,1.));
#4085=IFCDIRECTION((1.,0.,0.));
#4086=IFCAXIS2PLACEMENT3D(#4083,#4084,#4085);
#4087=IFCLOCALPLACEMENT($,#4086);
#4088=IFCOWNERHISTORY(#3,#5,.READWRITE.,.MODIFIED.,1777764233,#3,#5,1777764233);
#4089=IFCSLAB('2tjZLHfpLCAAhQ7Cd9qFXU',#4088,'SL-A1B2-L1',$,$,#4115,#4102,$,.FLOOR.);
#4095=IFCCARTESIANPOINT((0.,0.,0.));
#4096=IFCDIRECTION((0.,0.,1.));
#4097=IFCDIRECTION((1.,0.,0.));
#4098=IFCAXIS2PLACEMENT3D(#4095,#4096,#4097);
#4099=IFCDIRECTION((0.,0.,1.));
#4100=IFCEXTRUDEDAREASOLID(#3835,#4098,#4099,0.20000000000000001);
#4101=IFCSHAPEREPRESENTATION(#13,'Body','SweptSolid',(#4100));
#4102=IFCPRODUCTDEFINITIONSHAPE($,$,(#4101));
#4103=IFCOWNERHISTORY(#3,#5,.READWRITE.,.ADDED.,1777764233,#3,#5,1777764233);
#4104=IFCPROPERTYSET('1N1LS8o7DFYPFtF_muCzPX',#4103,'Pset_ElementMark',$,(#4107,#4108,#4109,#4110));
#4105=IFCOWNERHISTORY(#3,#5,.READWRITE.,.ADDED.,1777764233,#3,#5,1777764233);
#4106=IFCRELDEFINESBYPROPERTIES('2HN3RPXjX9sQKHV$wzpLPB',#4105,$,$,(#4089),#4104);
#4107=IFCPROPERTYSINGLEVALUE('Mark',$,IFCLABEL('SL-A1B2-L1'),$);
#4108=IFCPROPERTYSINGLEVALUE('ElementType',$,IFCLABEL('Floor Slab'),$);
#4109=IFCPROPERTYSINGLEVALUE('Bay',$,IFCLABEL('A1B2'),$);
#4110=IFCPROPERTYSINGLEVALUE('Level',$,IFCLABEL('L1'),$);
#4111=IFCCARTESIANPOINT((0.,0.,7.));
#4112=IFCDIRECTION((0.,0.,1.));
#4113=IFCDIRECTION((1.,0.,0.));
#4114=IFCAXIS2PLACEMENT3D(#4111,#4112,#4113);
#4115=IFCLOCALPLACEMENT($,#4114);
#4116=IFCOWNERHISTORY(#3,#5,.READWRITE.,.MODIFIED.,1777764233,#3,#5,1777764233);
#4117=IFCSLAB('0ZxxDN09rDDOXkJwsxM7Nh',#4116,'SL-A2B3-L1',$,$,#4143,#4130,$,.FLOOR.);
#4123=IFCCARTESIANPOINT((0.,0.,0.));
#4124=IFCDIRECTION((0.,0.,1.));
#4125=IFCDIRECTION((1.,0.,0.));
#4126=IFCAXIS2PLACEMENT3D(#4123,#4124,#4125);
#4127=IFCDIRECTION((0.,0.,1.));
#4128=IFCEXTRUDEDAREASOLID(#3835,#4126,#4127,0.20000000000000001);
#4129=IFCSHAPEREPRESENTATION(#13,'Body','SweptSolid',(#4128));
#4130=IFCPRODUCTDEFINITIONSHAPE($,$,(#4129));
#4131=IFCOWNERHISTORY(#3,#5,.READWRITE.,.ADDED.,1777764233,#3,#5,1777764233);
#4132=IFCPROPERTYSET('1_yIdfgIH21vMN26iiOWzv',#4131,'Pset_ElementMark',$,(#4135,#4136,#4137,#4138));
#4133=IFCOWNERHISTORY(#3,#5,.READWRITE.,.ADDED.,1777764233,#3,#5,1777764233);
#4134=IFCRELDEFINESBYPROPERTIES('1vHYfhZdj3Tx$R3_dJ1vAM',#4133,$,$,(#4117),#4132);
#4135=IFCPROPERTYSINGLEVALUE('Mark',$,IFCLABEL('SL-A2B3-L1'),$);
#4136=IFCPROPERTYSINGLEVALUE('ElementType',$,IFCLABEL('Floor Slab'),$);
#4137=IFCPROPERTYSINGLEVALUE('Bay',$,IFCLABEL('A2B3'),$);
#4138=IFCPROPERTYSINGLEVALUE('Level',$,IFCLABEL('L1'),$);
#4139=IFCCARTESIANPOINT((6.,0.,7.));
#4140=IFCDIRECTION((0.,0.,1.));
#4141=IFCDIRECTION((1.,0.,0.));
#4142=IFCAXIS2PLACEMENT3D(#4139,#4140,#4141);
#4143=IFCLOCALPLACEMENT($,#4142);
#4144=IFCOWNERHISTORY(#3,#5,.READWRITE.,.MODIFIED.,1777764233,#3,#5,1777764233);
#4145=IFCSLAB('0UNSLPUXL8oveSWoXTvVBs',#4144,'SL-A3B4-L1',$,$,#4171,#4158,$,.FLOOR.);
#4151=IFCCARTESIANPOINT((0.,0.,0.));
#4152=IFCDIRECTION((0.,0.,1.));
#4153=IFCDIRECTION((1.,0.,0.));
#4154=IFCAXIS2PLACEMENT3D(#4151,#4152,#4153);
#4155=IFCDIRECTION((0.,0.,1.));
#4156=IFCEXTRUDEDAREASOLID(#3835,#4154,#4155,0.20000000000000001);
#4157=IFCSHAPEREPRESENTATION(#13,'Body','SweptSolid',(#4156));
#4158=IFCPRODUCTDEFINITIONSHAPE($,$,(#4157));
#4159=IFCOWNERHISTORY(#3,#5,.READWRITE.,.ADDED.,1777764233,#3,#5,1777764233);
#4160=IFCPROPERTYSET('1277HB2GD7YwqnaHv5YXNI',#4159,'Pset_ElementMark',$,(#4163,#4164,#4165,#4166));
#4161=IFCOWNERHISTORY(#3,#5,.READWRITE.,.ADDED.,1777764233,#3,#5,1777764233);
#4162=IFCRELDEFINESBYPROPERTIES('0_s$LHUOX2te8t_QLkof2T',#4161,$,$,(#4145),#4160);
#4163=IFCPROPERTYSINGLEVALUE('Mark',$,IFCLABEL('SL-A3B4-L1'),$);
#4164=IFCPROPERTYSINGLEVALUE('ElementType',$,IFCLABEL('Floor Slab'),$);
#4165=IFCPROPERTYSINGLEVALUE('Bay',$,IFCLABEL('A3B4'),$);
#4166=IFCPROPERTYSINGLEVALUE('Level',$,IFCLABEL('L1'),$);
#4167=IFCCARTESIANPOINT((12.,0.,7.));
#4168=IFCDIRECTION((0.,0.,1.));
#4169=IFCDIRECTION((1.,0.,0.));
#4170=IFCAXIS2PLACEMENT3D(#4167,#4168,#4169);
#4171=IFCLOCALPLACEMENT($,#4170);
#4172=IFCOWNERHISTORY(#3,#5,.READWRITE.,.MODIFIED.,1777764233,#3,#5,1777764233);
#4173=IFCSLAB('0PkPZMsEv8Bh3ZeJI0xDwl',#4172,'SL-B1C2-L1',$,$,#4199,#4186,$,.FLOOR.);
#4179=IFCCARTESIANPOINT((0.,0.,0.));
#4180=IFCDIRECTION((0.,0.,1.));
#4181=IFCDIRECTION((1.,0.,0.));
#4182=IFCAXIS2PLACEMENT3D(#4179,#4180,#4181);
#4183=IFCDIRECTION((0.,0.,1.));
#4184=IFCEXTRUDEDAREASOLID(#3835,#4182,#4183,0.20000000000000001);
#4185=IFCSHAPEREPRESENTATION(#13,'Body','SweptSolid',(#4184));
#4186=IFCPRODUCTDEFINITIONSHAPE($,$,(#4185));
#4187=IFCOWNERHISTORY(#3,#5,.READWRITE.,.ADDED.,1777764233,#3,#5,1777764233);
#4188=IFCPROPERTYSET('2s8z8skBb3Mw$DlYBSswJZ',#4187,'Pset_ElementMark',$,(#4191,#4192,#4193,#4194));
#4189=IFCOWNERHISTORY(#3,#5,.READWRITE.,.ADDED.,1777764233,#3,#5,1777764233);
#4190=IFCRELDEFINESBYPROPERTIES('1mNpLFzvb4XR1GiOldL3d1',#4189,$,$,(#4173),#4188);
#4191=IFCPROPERTYSINGLEVALUE('Mark',$,IFCLABEL('SL-B1C2-L1'),$);
#4192=IFCPROPERTYSINGLEVALUE('ElementType',$,IFCLABEL('Floor Slab'),$);
#4193=IFCPROPERTYSINGLEVALUE('Bay',$,IFCLABEL('B1C2'),$);
#4194=IFCPROPERTYSINGLEVALUE('Level',$,IFCLABEL('L1'),$);
#4195=IFCCARTESIANPOINT((0.,6.,7.));
#4196=IFCDIRECTION((0.,0.,1.));
#4197=IFCDIRECTION((1.,0.,0.));
#4198=IFCAXIS2PLACEMENT3D(#4195,#4196,#4197);
#4199=IFCLOCALPLACEMENT($,#4198);
#4200=IFCOWNERHISTORY(#3,#5,.READWRITE.,.MODIFIED.,1777764233,#3,#5,1777764233);
#4201=IFCSLAB('0hSvJjnGvCEPxrN1qE4FB6',#4200,'SL-B2C3-L1',$,$,#4227,#4214,$,.FLOOR.);
#4207=IFCCARTESIANPOINT((0.,0.,0.));
#4208=IFCDIRECTION((0.,0.,1.));
#4209=IFCDIRECTION((1.,0.,0.));
#4210=IFCAXIS2PLACEMENT3D(#4207,#4208,#4209);
#4211=IFCDIRECTION((0.,0.,1.));
#4212=IFCEXTRUDEDAREASOLID(#3835,#4210,#4211,0.20000000000000001);
#4213=IFCSHAPEREPRESENTATION(#13,'Body','SweptSolid',(#4212));
#4214=IFCPRODUCTDEFINITIONSHAPE($,$,(#4213));
#4215=IFCOWNERHISTORY(#3,#5,.READWRITE.,.ADDED.,1777764233,#3,#5,1777764233);
#4216=IFCPROPERTYSET('1NSDMk3FzCZxxOWMguZTbL',#4215,'Pset_ElementMark',$,(#4219,#4220,#4221,#4222));
#4217=IFCOWNERHISTORY(#3,#5,.READWRITE.,.ADDED.,1777764233,#3,#5,1777764233);
#4218=IFCRELDEFINESBYPROPERTIES('2oUcZALCTCRBuFJvPfVa9i',#4217,$,$,(#4201),#4216);
#4219=IFCPROPERTYSINGLEVALUE('Mark',$,IFCLABEL('SL-B2C3-L1'),$);
#4220=IFCPROPERTYSINGLEVALUE('ElementType',$,IFCLABEL('Floor Slab'),$);
#4221=IFCPROPERTYSINGLEVALUE('Bay',$,IFCLABEL('B2C3'),$);
#4222=IFCPROPERTYSINGLEVALUE('Level',$,IFCLABEL('L1'),$);
#4223=IFCCARTESIANPOINT((6.,6.,7.));
#4224=IFCDIRECTION((0.,0.,1.));
#4225=IFCDIRECTION((1.,0.,0.));
#4226=IFCAXIS2PLACEMENT3D(#4223,#4224,#4225);
#4227=IFCLOCALPLACEMENT($,#4226);
#4228=IFCOWNERHISTORY(#3,#5,.READWRITE.,.MODIFIED.,1777764233,#3,#5,1777764233);
#4229=IFCSLAB('0YsBa2Jwf7tR6xhidwFX_G',#4228,'SL-B3C4-L1',$,$,#4255,#4242,$,.FLOOR.);
#4235=IFCCARTESIANPOINT((0.,0.,0.));
#4236=IFCDIRECTION((0.,0.,1.));
#4237=IFCDIRECTION((1.,0.,0.));
#4238=IFCAXIS2PLACEMENT3D(#4235,#4236,#4237);
#4239=IFCDIRECTION((0.,0.,1.));
#4240=IFCEXTRUDEDAREASOLID(#3835,#4238,#4239,0.20000000000000001);
#4241=IFCSHAPEREPRESENTATION(#13,'Body','SweptSolid',(#4240));
#4242=IFCPRODUCTDEFINITIONSHAPE($,$,(#4241));
#4243=IFCOWNERHISTORY(#3,#5,.READWRITE.,.ADDED.,1777764233,#3,#5,1777764233);
#4244=IFCPROPERTYSET('0rhpNOKcTAv9vGcxPwQYOa',#4243,'Pset_ElementMark',$,(#4247,#4248,#4249,#4250));
#4245=IFCOWNERHISTORY(#3,#5,.READWRITE.,.ADDED.,1777764233,#3,#5,1777764233);
#4246=IFCRELDEFINESBYPROPERTIES('2bHZKEvXDAGwXZIqOuerRi',#4245,$,$,(#4229),#4244);
#4247=IFCPROPERTYSINGLEVALUE('Mark',$,IFCLABEL('SL-B3C4-L1'),$);
#4248=IFCPROPERTYSINGLEVALUE('ElementType',$,IFCLABEL('Floor Slab'),$);
#4249=IFCPROPERTYSINGLEVALUE('Bay',$,IFCLABEL('B3C4'),$);
#4250=IFCPROPERTYSINGLEVALUE('Level',$,IFCLABEL('L1'),$);
#4251=IFCCARTESIANPOINT((12.,6.,7.));
#4252=IFCDIRECTION((0.,0.,1.));
#4253=IFCDIRECTION((1.,0.,0.));
#4254=IFCAXIS2PLACEMENT3D(#4251,#4252,#4253);
#4255=IFCLOCALPLACEMENT($,#4254);
#4256=IFCOWNERHISTORY(#3,#5,.READWRITE.,.MODIFIED.,1777764233,#3,#5,1777764233);
#4257=IFCSLAB('06kd4nxeDDkwr0goewgYW2',#4256,'SL-C1D2-L1',$,$,#4283,#4270,$,.FLOOR.);
#4263=IFCCARTESIANPOINT((0.,0.,0.));
#4264=IFCDIRECTION((0.,0.,1.));
#4265=IFCDIRECTION((1.,0.,0.));
#4266=IFCAXIS2PLACEMENT3D(#4263,#4264,#4265);
#4267=IFCDIRECTION((0.,0.,1.));
#4268=IFCEXTRUDEDAREASOLID(#3835,#4266,#4267,0.20000000000000001);
#4269=IFCSHAPEREPRESENTATION(#13,'Body','SweptSolid',(#4268));
#4270=IFCPRODUCTDEFINITIONSHAPE($,$,(#4269));
#4271=IFCOWNERHISTORY(#3,#5,.READWRITE.,.ADDED.,1777764233,#3,#5,1777764233);
#4272=IFCPROPERTYSET('25RBYAFDr5WgOdumm4rflk',#4271,'Pset_ElementMark',$,(#4275,#4276,#4277,#4278));
#4273=IFCOWNERHISTORY(#3,#5,.READWRITE.,.ADDED.,1777764233,#3,#5,1777764233);
#4274=IFCRELDEFINESBYPROPERTIES('39q9plS31AbQOc39o98fOG',#4273,$,$,(#4257),#4272);
#4275=IFCPROPERTYSINGLEVALUE('Mark',$,IFCLABEL('SL-C1D2-L1'),$);
#4276=IFCPROPERTYSINGLEVALUE('ElementType',$,IFCLABEL('Floor Slab'),$);
#4277=IFCPROPERTYSINGLEVALUE('Bay',$,IFCLABEL('C1D2'),$);
#4278=IFCPROPERTYSINGLEVALUE('Level',$,IFCLABEL('L1'),$);
#4279=IFCCARTESIANPOINT((0.,12.,7.));
#4280=IFCDIRECTION((0.,0.,1.));
#4281=IFCDIRECTION((1.,0.,0.));
#4282=IFCAXIS2PLACEMENT3D(#4279,#4280,#4281);
#4283=IFCLOCALPLACEMENT($,#4282);
#4284=IFCOWNERHISTORY(#3,#5,.READWRITE.,.MODIFIED.,1777764233,#3,#5,1777764233);
#4285=IFCSLAB('3qPvHmLN5CL9D7lMZM2nzd',#4284,'SL-C2D3-L1',$,$,#4311,#4298,$,.FLOOR.);
#4291=IFCCARTESIANPOINT((0.,0.,0.));
#4292=IFCDIRECTION((0.,0.,1.));
#4293=IFCDIRECTION((1.,0.,0.));
#4294=IFCAXIS2PLACEMENT3D(#4291,#4292,#4293);
#4295=IFCDIRECTION((0.,0.,1.));
#4296=IFCEXTRUDEDAREASOLID(#3835,#4294,#4295,0.20000000000000001);
#4297=IFCSHAPEREPRESENTATION(#13,'Body','SweptSolid',(#4296));
#4298=IFCPRODUCTDEFINITIONSHAPE($,$,(#4297));
#4299=IFCOWNERHISTORY(#3,#5,.READWRITE.,.ADDED.,1777764233,#3,#5,1777764233);
#4300=IFCPROPERTYSET('0086VCdH58nRp5jEpprkIJ',#4299,'Pset_ElementMark',$,(#4303,#4304,#4305,#4306));
#4301=IFCOWNERHISTORY(#3,#5,.READWRITE.,.ADDED.,1777764233,#3,#5,1777764233);
#4302=IFCRELDEFINESBYPROPERTIES('1ivadl2y97ZQaMnXobynxK',#4301,$,$,(#4285),#4300);
#4303=IFCPROPERTYSINGLEVALUE('Mark',$,IFCLABEL('SL-C2D3-L1'),$);
#4304=IFCPROPERTYSINGLEVALUE('ElementType',$,IFCLABEL('Floor Slab'),$);
#4305=IFCPROPERTYSINGLEVALUE('Bay',$,IFCLABEL('C2D3'),$);
#4306=IFCPROPERTYSINGLEVALUE('Level',$,IFCLABEL('L1'),$);
#4307=IFCCARTESIANPOINT((6.,12.,7.));
#4308=IFCDIRECTION((0.,0.,1.));
#4309=IFCDIRECTION((1.,0.,0.));
#4310=IFCAXIS2PLACEMENT3D(#4307,#4308,#4309);
#4311=IFCLOCALPLACEMENT($,#4310);
#4312=IFCOWNERHISTORY(#3,#5,.READWRITE.,.MODIFIED.,1777764233,#3,#5,1777764233);
#4313=IFCSLAB('3z8VgGTDX0Iwv8dHPWdT9a',#4312,'SL-C3D4-L1',$,$,#4339,#4326,$,.FLOOR.);
#4319=IFCCARTESIANPOINT((0.,0.,0.));
#4320=IFCDIRECTION((0.,0.,1.));
#4321=IFCDIRECTION((1.,0.,0.));
#4322=IFCAXIS2PLACEMENT3D(#4319,#4320,#4321);
#4323=IFCDIRECTION((0.,0.,1.));
#4324=IFCEXTRUDEDAREASOLID(#3835,#4322,#4323,0.20000000000000001);
#4325=IFCSHAPEREPRESENTATION(#13,'Body','SweptSolid',(#4324));
#4326=IFCPRODUCTDEFINITIONSHAPE($,$,(#4325));
#4327=IFCOWNERHISTORY(#3,#5,.READWRITE.,.ADDED.,1777764233,#3,#5,1777764233);
#4328=IFCPROPERTYSET('1X$SXk6sX4IBp0cthaQpKT',#4327,'Pset_ElementMark',$,(#4331,#4332,#4333,#4334));
#4329=IFCOWNERHISTORY(#3,#5,.READWRITE.,.ADDED.,1777764233,#3,#5,1777764233);
#4330=IFCRELDEFINESBYPROPERTIES('1eE07FrdLAcAD9MR$fjo5Z',#4329,$,$,(#4313),#4328);
#4331=IFCPROPERTYSINGLEVALUE('Mark',$,IFCLABEL('SL-C3D4-L1'),$);
#4332=IFCPROPERTYSINGLEVALUE('ElementType',$,IFCLABEL('Floor Slab'),$);
#4333=IFCPROPERTYSINGLEVALUE('Bay',$,IFCLABEL('C3D4'),$);
#4334=IFCPROPERTYSINGLEVALUE('Level',$,IFCLABEL('L1'),$);
#4335=IFCCARTESIANPOINT((12.,12.,7.));
#4336=IFCDIRECTION((0.,0.,1.));
#4337=IFCDIRECTION((1.,0.,0.));
#4338=IFCAXIS2PLACEMENT3D(#4335,#4336,#4337);
#4339=IFCLOCALPLACEMENT($,#4338);
#4340=IFCOWNERHISTORY(#3,#5,.READWRITE.,.MODIFIED.,1777764233,#3,#5,1777764233);
#4341=IFCSLAB('0eTbs_BgT1fxa10oDdJ6s1',#4340,'SL-A1B2-L2',$,$,#4367,#4354,$,.FLOOR.);
#4347=IFCCARTESIANPOINT((0.,0.,0.));
#4348=IFCDIRECTION((0.,0.,1.));
#4349=IFCDIRECTION((1.,0.,0.));
#4350=IFCAXIS2PLACEMENT3D(#4347,#4348,#4349);
#4351=IFCDIRECTION((0.,0.,1.));
#4352=IFCEXTRUDEDAREASOLID(#3835,#4350,#4351,0.20000000000000001);
#4353=IFCSHAPEREPRESENTATION(#13,'Body','SweptSolid',(#4352));
#4354=IFCPRODUCTDEFINITIONSHAPE($,$,(#4353));
#4355=IFCOWNERHISTORY(#3,#5,.READWRITE.,.ADDED.,1777764233,#3,#5,1777764233);
#4356=IFCPROPERTYSET('14mrAQRQ9CjwwAgDIg6MWJ',#4355,'Pset_ElementMark',$,(#4359,#4360,#4361,#4362));
#4357=IFCOWNERHISTORY(#3,#5,.READWRITE.,.ADDED.,1777764233,#3,#5,1777764233);
#4358=IFCRELDEFINESBYPROPERTIES('25ExkHQuL52gUnhzCuSqeZ',#4357,$,$,(#4341),#4356);
#4359=IFCPROPERTYSINGLEVALUE('Mark',$,IFCLABEL('SL-A1B2-L2'),$);
#4360=IFCPROPERTYSINGLEVALUE('ElementType',$,IFCLABEL('Floor Slab'),$);
#4361=IFCPROPERTYSINGLEVALUE('Bay',$,IFCLABEL('A1B2'),$);
#4362=IFCPROPERTYSINGLEVALUE('Level',$,IFCLABEL('L2'),$);
#4363=IFCCARTESIANPOINT((0.,0.,10.5));
#4364=IFCDIRECTION((0.,0.,1.));
#4365=IFCDIRECTION((1.,0.,0.));
#4366=IFCAXIS2PLACEMENT3D(#4363,#4364,#4365);
#4367=IFCLOCALPLACEMENT($,#4366);
#4368=IFCOWNERHISTORY(#3,#5,.READWRITE.,.MODIFIED.,1777764233,#3,#5,1777764233);
#4369=IFCSLAB('1cyI6hzhDBLxjnGHugQeET',#4368,'SL-A2B3-L2',$,$,#4395,#4382,$,.FLOOR.);
#4375=IFCCARTESIANPOINT((0.,0.,0.));
#4376=IFCDIRECTION((0.,0.,1.));
#4377=IFCDIRECTION((1.,0.,0.));
#4378=IFCAXIS2PLACEMENT3D(#4375,#4376,#4377);
#4379=IFCDIRECTION((0.,0.,1.));
#4380=IFCEXTRUDEDAREASOLID(#3835,#4378,#4379,0.20000000000000001);
#4381=IFCSHAPEREPRESENTATION(#13,'Body','SweptSolid',(#4380));
#4382=IFCPRODUCTDEFINITIONSHAPE($,$,(#4381));
#4383=IFCOWNERHISTORY(#3,#5,.READWRITE.,.ADDED.,1777764233,#3,#5,1777764233);
#4384=IFCPROPERTYSET('1SYnlv1GbDcfhFF1DSIwik',#4383,'Pset_ElementMark',$,(#4387,#4388,#4389,#4390));
#4385=IFCOWNERHISTORY(#3,#5,.READWRITE.,.ADDED.,1777764233,#3,#5,1777764233);
#4386=IFCRELDEFINESBYPROPERTIES('349_Ka4v91SeMBC6Z74M6$',#4385,$,$,(#4369),#4384);
#4387=IFCPROPERTYSINGLEVALUE('Mark',$,IFCLABEL('SL-A2B3-L2'),$);
#4388=IFCPROPERTYSINGLEVALUE('ElementType',$,IFCLABEL('Floor Slab'),$);
#4389=IFCPROPERTYSINGLEVALUE('Bay',$,IFCLABEL('A2B3'),$);
#4390=IFCPROPERTYSINGLEVALUE('Level',$,IFCLABEL('L2'),$);
#4391=IFCCARTESIANPOINT((6.,0.,10.5));
#4392=IFCDIRECTION((0.,0.,1.));
#4393=IFCDIRECTION((1.,0.,0.));
#4394=IFCAXIS2PLACEMENT3D(#4391,#4392,#4393);
#4395=IFCLOCALPLACEMENT($,#4394);
#4396=IFCOWNERHISTORY(#3,#5,.READWRITE.,.MODIFIED.,1777764233,#3,#5,1777764233);
#4397=IFCSLAB('0XwAmAHtPEefb2uvGGR14s',#4396,'SL-A3B4-L2',$,$,#4423,#4410,$,.FLOOR.);
#4403=IFCCARTESIANPOINT((0.,0.,0.));
#4404=IFCDIRECTION((0.,0.,1.));
#4405=IFCDIRECTION((1.,0.,0.));
#4406=IFCAXIS2PLACEMENT3D(#4403,#4404,#4405);
#4407=IFCDIRECTION((0.,0.,1.));
#4408=IFCEXTRUDEDAREASOLID(#3835,#4406,#4407,0.20000000000000001);
#4409=IFCSHAPEREPRESENTATION(#13,'Body','SweptSolid',(#4408));
#4410=IFCPRODUCTDEFINITIONSHAPE($,$,(#4409));
#4411=IFCOWNERHISTORY(#3,#5,.READWRITE.,.ADDED.,1777764233,#3,#5,1777764233);
#4412=IFCPROPERTYSET('34auDPFs1BQwmkjb07H$N1',#4411,'Pset_ElementMark',$,(#4415,#4416,#4417,#4418));
#4413=IFCOWNERHISTORY(#3,#5,.READWRITE.,.ADDED.,1777764233,#3,#5,1777764233);
#4414=IFCRELDEFINESBYPROPERTIES('3pqLMkxvvBjOyMN$rjMZWi',#4413,$,$,(#4397),#4412);
#4415=IFCPROPERTYSINGLEVALUE('Mark',$,IFCLABEL('SL-A3B4-L2'),$);
#4416=IFCPROPERTYSINGLEVALUE('ElementType',$,IFCLABEL('Floor Slab'),$);
#4417=IFCPROPERTYSINGLEVALUE('Bay',$,IFCLABEL('A3B4'),$);
#4418=IFCPROPERTYSINGLEVALUE('Level',$,IFCLABEL('L2'),$);
#4419=IFCCARTESIANPOINT((12.,0.,10.5));
#4420=IFCDIRECTION((0.,0.,1.));
#4421=IFCDIRECTION((1.,0.,0.));
#4422=IFCAXIS2PLACEMENT3D(#4419,#4420,#4421);
#4423=IFCLOCALPLACEMENT($,#4422);
#4424=IFCOWNERHISTORY(#3,#5,.READWRITE.,.MODIFIED.,1777764233,#3,#5,1777764233);
#4425=IFCSLAB('0x2UWJdVv6sggr0$grjBTc',#4424,'SL-B1C2-L2',$,$,#4451,#4438,$,.FLOOR.);
#4431=IFCCARTESIANPOINT((0.,0.,0.));
#4432=IFCDIRECTION((0.,0.,1.));
#4433=IFCDIRECTION((1.,0.,0.));
#4434=IFCAXIS2PLACEMENT3D(#4431,#4432,#4433);
#4435=IFCDIRECTION((0.,0.,1.));
#4436=IFCEXTRUDEDAREASOLID(#3835,#4434,#4435,0.20000000000000001);
#4437=IFCSHAPEREPRESENTATION(#13,'Body','SweptSolid',(#4436));
#4438=IFCPRODUCTDEFINITIONSHAPE($,$,(#4437));
#4439=IFCOWNERHISTORY(#3,#5,.READWRITE.,.ADDED.,1777764233,#3,#5,1777764233);
#4440=IFCPROPERTYSET('1wRnRZeJj1l8zyRuOZYaMk',#4439,'Pset_ElementMark',$,(#4443,#4444,#4445,#4446));
#4441=IFCOWNERHISTORY(#3,#5,.READWRITE.,.ADDED.,1777764233,#3,#5,1777764233);
#4442=IFCRELDEFINESBYPROPERTIES('2l5Qn1M0D0CAz7NDEidjxY',#4441,$,$,(#4425),#4440);
#4443=IFCPROPERTYSINGLEVALUE('Mark',$,IFCLABEL('SL-B1C2-L2'),$);
#4444=IFCPROPERTYSINGLEVALUE('ElementType',$,IFCLABEL('Floor Slab'),$);
#4445=IFCPROPERTYSINGLEVALUE('Bay',$,IFCLABEL('B1C2'),$);
#4446=IFCPROPERTYSINGLEVALUE('Level',$,IFCLABEL('L2'),$);
#4447=IFCCARTESIANPOINT((0.,6.,10.5));
#4448=IFCDIRECTION((0.,0.,1.));
#4449=IFCDIRECTION((1.,0.,0.));
#4450=IFCAXIS2PLACEMENT3D(#4447,#4448,#4449);
#4451=IFCLOCALPLACEMENT($,#4450);
#4452=IFCOWNERHISTORY(#3,#5,.READWRITE.,.MODIFIED.,1777764233,#3,#5,1777764233);
#4453=IFCSLAB('0gZfeiiaz0Oez8WyeGc04U',#4452,'SL-B2C3-L2',$,$,#4479,#4466,$,.FLOOR.);
#4459=IFCCARTESIANPOINT((0.,0.,0.));
#4460=IFCDIRECTION((0.,0.,1.));
#4461=IFCDIRECTION((1.,0.,0.));
#4462=IFCAXIS2PLACEMENT3D(#4459,#4460,#4461);
#4463=IFCDIRECTION((0.,0.,1.));
#4464=IFCEXTRUDEDAREASOLID(#3835,#4462,#4463,0.20000000000000001);
#4465=IFCSHAPEREPRESENTATION(#13,'Body','SweptSolid',(#4464));
#4466=IFCPRODUCTDEFINITIONSHAPE($,$,(#4465));
#4467=IFCOWNERHISTORY(#3,#5,.READWRITE.,.ADDED.,1777764233,#3,#5,1777764233);
#4468=IFCPROPERTYSET('1MkCkb1MHEa9HTxmDzHfNH',#4467,'Pset_ElementMark',$,(#4471,#4472,#4473,#4474));
#4469=IFCOWNERHISTORY(#3,#5,.READWRITE.,.ADDED.,1777764233,#3,#5,1777764233);
#4470=IFCRELDEFINESBYPROPERTIES('1fMyDp9xj8WAxgltsKuCSU',#4469,$,$,(#4453),#4468);
#4471=IFCPROPERTYSINGLEVALUE('Mark',$,IFCLABEL('SL-B2C3-L2'),$);
#4472=IFCPROPERTYSINGLEVALUE('ElementType',$,IFCLABEL('Floor Slab'),$);
#4473=IFCPROPERTYSINGLEVALUE('Bay',$,IFCLABEL('B2C3'),$);
#4474=IFCPROPERTYSINGLEVALUE('Level',$,IFCLABEL('L2'),$);
#4475=IFCCARTESIANPOINT((6.,6.,10.5));
#4476=IFCDIRECTION((0.,0.,1.));
#4477=IFCDIRECTION((1.,0.,0.));
#4478=IFCAXIS2PLACEMENT3D(#4475,#4476,#4477);
#4479=IFCLOCALPLACEMENT($,#4478);
#4480=IFCOWNERHISTORY(#3,#5,.READWRITE.,.MODIFIED.,1777764233,#3,#5,1777764233);
#4481=IFCSLAB('0e6w$LDFnDdeJxhfzYVkYw',#4480,'SL-B3C4-L2',$,$,#4507,#4494,$,.FLOOR.);
#4487=IFCCARTESIANPOINT((0.,0.,0.));
#4488=IFCDIRECTION((0.,0.,1.));
#4489=IFCDIRECTION((1.,0.,0.));
#4490=IFCAXIS2PLACEMENT3D(#4487,#4488,#4489);
#4491=IFCDIRECTION((0.,0.,1.));
#4492=IFCEXTRUDEDAREASOLID(#3835,#4490,#4491,0.20000000000000001);
#4493=IFCSHAPEREPRESENTATION(#13,'Body','SweptSolid',(#4492));
#4494=IFCPRODUCTDEFINITIONSHAPE($,$,(#4493));
#4495=IFCOWNERHISTORY(#3,#5,.READWRITE.,.ADDED.,1777764233,#3,#5,1777764233);
#4496=IFCPROPERTYSET('27ezAR5TT4ZeseolC8w5Uv',#4495,'Pset_ElementMark',$,(#4499,#4500,#4501,#4502));
#4497=IFCOWNERHISTORY(#3,#5,.READWRITE.,.ADDED.,1777764233,#3,#5,1777764233);
#4498=IFCRELDEFINESBYPROPERTIES('0l8RM6J6X2EPtjVm7pQGPs',#4497,$,$,(#4481),#4496);
#4499=IFCPROPERTYSINGLEVALUE('Mark',$,IFCLABEL('SL-B3C4-L2'),$);
#4500=IFCPROPERTYSINGLEVALUE('ElementType',$,IFCLABEL('Floor Slab'),$);
#4501=IFCPROPERTYSINGLEVALUE('Bay',$,IFCLABEL('B3C4'),$);
#4502=IFCPROPERTYSINGLEVALUE('Level',$,IFCLABEL('L2'),$);
#4503=IFCCARTESIANPOINT((12.,6.,10.5));
#4504=IFCDIRECTION((0.,0.,1.));
#4505=IFCDIRECTION((1.,0.,0.));
#4506=IFCAXIS2PLACEMENT3D(#4503,#4504,#4505);
#4507=IFCLOCALPLACEMENT($,#4506);
#4508=IFCOWNERHISTORY(#3,#5,.READWRITE.,.MODIFIED.,1777764233,#3,#5,1777764233);
#4509=IFCSLAB('1rqXJ0_TT2QviNPsogB2ee',#4508,'SL-C1D2-L2',$,$,#4535,#4522,$,.FLOOR.);
#4515=IFCCARTESIANPOINT((0.,0.,0.));
#4516=IFCDIRECTION((0.,0.,1.));
#4517=IFCDIRECTION((1.,0.,0.));
#4518=IFCAXIS2PLACEMENT3D(#4515,#4516,#4517);
#4519=IFCDIRECTION((0.,0.,1.));
#4520=IFCEXTRUDEDAREASOLID(#3835,#4518,#4519,0.20000000000000001);
#4521=IFCSHAPEREPRESENTATION(#13,'Body','SweptSolid',(#4520));
#4522=IFCPRODUCTDEFINITIONSHAPE($,$,(#4521));
#4523=IFCOWNERHISTORY(#3,#5,.READWRITE.,.ADDED.,1777764233,#3,#5,1777764233);
#4524=IFCPROPERTYSET('1esk3uHYXCy8gUmHODvCH9',#4523,'Pset_ElementMark',$,(#4527,#4528,#4529,#4530));
#4525=IFCOWNERHISTORY(#3,#5,.READWRITE.,.ADDED.,1777764233,#3,#5,1777764233);
#4526=IFCRELDEFINESBYPROPERTIES('0o_o9gfRv9nQSgj6ZFteWd',#4525,$,$,(#4509),#4524);
#4527=IFCPROPERTYSINGLEVALUE('Mark',$,IFCLABEL('SL-C1D2-L2'),$);
#4528=IFCPROPERTYSINGLEVALUE('ElementType',$,IFCLABEL('Floor Slab'),$);
#4529=IFCPROPERTYSINGLEVALUE('Bay',$,IFCLABEL('C1D2'),$);
#4530=IFCPROPERTYSINGLEVALUE('Level',$,IFCLABEL('L2'),$);
#4531=IFCCARTESIANPOINT((0.,12.,10.5));
#4532=IFCDIRECTION((0.,0.,1.));
#4533=IFCDIRECTION((1.,0.,0.));
#4534=IFCAXIS2PLACEMENT3D(#4531,#4532,#4533);
#4535=IFCLOCALPLACEMENT($,#4534);
#4536=IFCOWNERHISTORY(#3,#5,.READWRITE.,.MODIFIED.,1777764233,#3,#5,1777764233);
#4537=IFCSLAB('0ZUEoc6db3Nv84F1FQmD5_',#4536,'SL-C2D3-L2',$,$,#4563,#4550,$,.FLOOR.);
#4543=IFCCARTESIANPOINT((0.,0.,0.));
#4544=IFCDIRECTION((0.,0.,1.));
#4545=IFCDIRECTION((1.,0.,0.));
#4546=IFCAXIS2PLACEMENT3D(#4543,#4544,#4545);
#4547=IFCDIRECTION((0.,0.,1.));
#4548=IFCEXTRUDEDAREASOLID(#3835,#4546,#4547,0.20000000000000001);
#4549=IFCSHAPEREPRESENTATION(#13,'Body','SweptSolid',(#4548));
#4550=IFCPRODUCTDEFINITIONSHAPE($,$,(#4549));
#4551=IFCOWNERHISTORY(#3,#5,.READWRITE.,.ADDED.,1777764233,#3,#5,1777764233);
#4552=IFCPROPERTYSET('37lsfuZC9BKQdAsh3Z7RVT',#4551,'Pset_ElementMark',$,(#4555,#4556,#4557,#4558));
#4553=IFCOWNERHISTORY(#3,#5,.READWRITE.,.ADDED.,1777764233,#3,#5,1777764233);
#4554=IFCRELDEFINESBYPROPERTIES('2Kop9$W158Kx9lDBKlxHdg',#4553,$,$,(#4537),#4552);
#4555=IFCPROPERTYSINGLEVALUE('Mark',$,IFCLABEL('SL-C2D3-L2'),$);
#4556=IFCPROPERTYSINGLEVALUE('ElementType',$,IFCLABEL('Floor Slab'),$);
#4557=IFCPROPERTYSINGLEVALUE('Bay',$,IFCLABEL('C2D3'),$);
#4558=IFCPROPERTYSINGLEVALUE('Level',$,IFCLABEL('L2'),$);
#4559=IFCCARTESIANPOINT((6.,12.,10.5));
#4560=IFCDIRECTION((0.,0.,1.));
#4561=IFCDIRECTION((1.,0.,0.));
#4562=IFCAXIS2PLACEMENT3D(#4559,#4560,#4561);
#4563=IFCLOCALPLACEMENT($,#4562);
#4564=IFCOWNERHISTORY(#3,#5,.READWRITE.,.MODIFIED.,1777764233,#3,#5,1777764233);
#4565=IFCSLAB('26pSH_B5rDZ8h8SGiM0xCA',#4564,'SL-C3D4-L2',$,$,#4591,#4578,$,.FLOOR.);
#4571=IFCCARTESIANPOINT((0.,0.,0.));
#4572=IFCDIRECTION((0.,0.,1.));
#4573=IFCDIRECTION((1.,0.,0.));
#4574=IFCAXIS2PLACEMENT3D(#4571,#4572,#4573);
#4575=IFCDIRECTION((0.,0.,1.));
#4576=IFCEXTRUDEDAREASOLID(#3835,#4574,#4575,0.20000000000000001);
#4577=IFCSHAPEREPRESENTATION(#13,'Body','SweptSolid',(#4576));
#4578=IFCPRODUCTDEFINITIONSHAPE($,$,(#4577));
#4579=IFCOWNERHISTORY(#3,#5,.READWRITE.,.ADDED.,1777764233,#3,#5,1777764233);
#4580=IFCPROPERTYSET('3qtTv2pvDBtObx3jdQIbTH',#4579,'Pset_ElementMark',$,(#4583,#4584,#4585,#4586));
#4581=IFCOWNERHISTORY(#3,#5,.READWRITE.,.ADDED.,1777764233,#3,#5,1777764233);
#4582=IFCRELDEFINESBYPROPERTIES('19zAdhPUT1KuRri8x3B$aJ',#4581,$,$,(#4565),#4580);
#4583=IFCPROPERTYSINGLEVALUE('Mark',$,IFCLABEL('SL-C3D4-L2'),$);
#4584=IFCPROPERTYSINGLEVALUE('ElementType',$,IFCLABEL('Floor Slab'),$);
#4585=IFCPROPERTYSINGLEVALUE('Bay',$,IFCLABEL('C3D4'),$);
#4586=IFCPROPERTYSINGLEVALUE('Level',$,IFCLABEL('L2'),$);
#4587=IFCCARTESIANPOINT((12.,12.,10.5));
#4588=IFCDIRECTION((0.,0.,1.));
#4589=IFCDIRECTION((1.,0.,0.));
#4590=IFCAXIS2PLACEMENT3D(#4587,#4588,#4589);
#4591=IFCLOCALPLACEMENT($,#4590);
#4592=IFCOWNERHISTORY(#3,#5,.READWRITE.,.MODIFIED.,1777764233,#3,#5,1777764233);
#4593=IFCSLAB('3Z22rWZWT7Iv8gPTTHDxXc',#4592,'ROOF-A1B2',$,$,#4619,#4606,$,.FLOOR.);
#4599=IFCCARTESIANPOINT((0.,0.,0.));
#4600=IFCDIRECTION((0.,0.,1.));
#4601=IFCDIRECTION((1.,0.,0.));
#4602=IFCAXIS2PLACEMENT3D(#4599,#4600,#4601);
#4603=IFCDIRECTION((0.,0.,1.));
#4604=IFCEXTRUDEDAREASOLID(#3835,#4602,#4603,0.20000000000000001);
#4605=IFCSHAPEREPRESENTATION(#13,'Body','SweptSolid',(#4604));
#4606=IFCPRODUCTDEFINITIONSHAPE($,$,(#4605));
#4607=IFCOWNERHISTORY(#3,#5,.READWRITE.,.ADDED.,1777764233,#3,#5,1777764233);
#4608=IFCPROPERTYSET('3E4$ixr05DiAGtZrqiXtBp',#4607,'Pset_ElementMark',$,(#4611,#4612,#4613,#4614));
#4609=IFCOWNERHISTORY(#3,#5,.READWRITE.,.ADDED.,1777764233,#3,#5,1777764233);
#4610=IFCRELDEFINESBYPROPERTIES('1hQEvmhHbDHx7j9OAQcoVd',#4609,$,$,(#4593),#4608);
#4611=IFCPROPERTYSINGLEVALUE('Mark',$,IFCLABEL('ROOF-A1B2'),$);
#4612=IFCPROPERTYSINGLEVALUE('ElementType',$,IFCLABEL('Roof Slab'),$);
#4613=IFCPROPERTYSINGLEVALUE('Bay',$,IFCLABEL('A1B2'),$);
#4614=IFCPROPERTYSINGLEVALUE('Level',$,IFCLABEL('ROOF'),$);
#4615=IFCCARTESIANPOINT((0.,0.,10.5));
#4616=IFCDIRECTION((0.,0.,1.));
#4617=IFCDIRECTION((1.,0.,0.));
#4618=IFCAXIS2PLACEMENT3D(#4615,#4616,#4617);
#4619=IFCLOCALPLACEMENT($,#4618);
#4620=IFCOWNERHISTORY(#3,#5,.READWRITE.,.MODIFIED.,1777764233,#3,#5,1777764233);
#4621=IFCSLAB('0xZ9rI26nEMPAHzwxtE4Yw',#4620,'ROOF-A2B3',$,$,#4647,#4634,$,.FLOOR.);
#4627=IFCCARTESIANPOINT((0.,0.,0.));
#4628=IFCDIRECTION((0.,0.,1.));
#4629=IFCDIRECTION((1.,0.,0.));
#4630=IFCAXIS2PLACEMENT3D(#4627,#4628,#4629);
#4631=IFCDIRECTION((0.,0.,1.));
#4632=IFCEXTRUDEDAREASOLID(#3835,#4630,#4631,0.20000000000000001);
#4633=IFCSHAPEREPRESENTATION(#13,'Body','SweptSolid',(#4632));
#4634=IFCPRODUCTDEFINITIONSHAPE($,$,(#4633));
#4635=IFCOWNERHISTORY(#3,#5,.READWRITE.,.ADDED.,1777764233,#3,#5,1777764233);
#4636=IFCPROPERTYSET('2Hui2aUU52oh5DnTphDlcL',#4635,'Pset_ElementMark',$,(#4639,#4640,#4641,#4642));
#4637=IFCOWNERHISTORY(#3,#5,.READWRITE.,.ADDED.,1777764233,#3,#5,1777764233);
#4638=IFCRELDEFINESBYPROPERTIES('314Of6_Xr42R25C1Y$EE5X',#4637,$,$,(#4621),#4636);
#4639=IFCPROPERTYSINGLEVALUE('Mark',$,IFCLABEL('ROOF-A2B3'),$);
#4640=IFCPROPERTYSINGLEVALUE('ElementType',$,IFCLABEL('Roof Slab'),$);
#4641=IFCPROPERTYSINGLEVALUE('Bay',$,IFCLABEL('A2B3'),$);
#4642=IFCPROPERTYSINGLEVALUE('Level',$,IFCLABEL('ROOF'),$);
#4643=IFCCARTESIANPOINT((6.,0.,10.5));
#4644=IFCDIRECTION((0.,0.,1.));
#4645=IFCDIRECTION((1.,0.,0.));
#4646=IFCAXIS2PLACEMENT3D(#4643,#4644,#4645);
#4647=IFCLOCALPLACEMENT($,#4646);
#4648=IFCOWNERHISTORY(#3,#5,.READWRITE.,.MODIFIED.,1777764233,#3,#5,1777764233);
#4649=IFCSLAB('3hvkAGXvj7gQjMQcR04IJ_',#4648,'ROOF-A3B4',$,$,#4675,#4662,$,.FLOOR.);
#4655=IFCCARTESIANPOINT((0.,0.,0.));
#4656=IFCDIRECTION((0.,0.,1.));
#4657=IFCDIRECTION((1.,0.,0.));
#4658=IFCAXIS2PLACEMENT3D(#4655,#4656,#4657);
#4659=IFCDIRECTION((0.,0.,1.));
#4660=IFCEXTRUDEDAREASOLID(#3835,#4658,#4659,0.20000000000000001);
#4661=IFCSHAPEREPRESENTATION(#13,'Body','SweptSolid',(#4660));
#4662=IFCPRODUCTDEFINITIONSHAPE($,$,(#4661));
#4663=IFCOWNERHISTORY(#3,#5,.READWRITE.,.ADDED.,1777764233,#3,#5,1777764233);
#4664=IFCPROPERTYSET('0WSdfxvOf5dh8QAXlt69DP',#4663,'Pset_ElementMark',$,(#4667,#4668,#4669,#4670));
#4665=IFCOWNERHISTORY(#3,#5,.READWRITE.,.ADDED.,1777764233,#3,#5,1777764233);
#4666=IFCRELDEFINESBYPROPERTIES('0KWNwG$FfAefZmHQBAPuoW',#4665,$,$,(#4649),#4664);
#4667=IFCPROPERTYSINGLEVALUE('Mark',$,IFCLABEL('ROOF-A3B4'),$);
#4668=IFCPROPERTYSINGLEVALUE('ElementType',$,IFCLABEL('Roof Slab'),$);
#4669=IFCPROPERTYSINGLEVALUE('Bay',$,IFCLABEL('A3B4'),$);
#4670=IFCPROPERTYSINGLEVALUE('Level',$,IFCLABEL('ROOF'),$);
#4671=IFCCARTESIANPOINT((12.,0.,10.5));
#4672=IFCDIRECTION((0.,0.,1.));
#4673=IFCDIRECTION((1.,0.,0.));
#4674=IFCAXIS2PLACEMENT3D(#4671,#4672,#4673);
#4675=IFCLOCALPLACEMENT($,#4674);
#4676=IFCOWNERHISTORY(#3,#5,.READWRITE.,.MODIFIED.,1777764233,#3,#5,1777764233);
#4677=IFCSLAB('12G0tJ7cb8OOc0yHaZW301',#4676,'ROOF-B1C2',$,$,#4703,#4690,$,.FLOOR.);
#4683=IFCCARTESIANPOINT((0.,0.,0.));
#4684=IFCDIRECTION((0.,0.,1.));
#4685=IFCDIRECTION((1.,0.,0.));
#4686=IFCAXIS2PLACEMENT3D(#4683,#4684,#4685);
#4687=IFCDIRECTION((0.,0.,1.));
#4688=IFCEXTRUDEDAREASOLID(#3835,#4686,#4687,0.20000000000000001);
#4689=IFCSHAPEREPRESENTATION(#13,'Body','SweptSolid',(#4688));
#4690=IFCPRODUCTDEFINITIONSHAPE($,$,(#4689));
#4691=IFCOWNERHISTORY(#3,#5,.READWRITE.,.ADDED.,1777764233,#3,#5,1777764233);
#4692=IFCPROPERTYSET('0xHiyh$7T3Wxbq4y597SKO',#4691,'Pset_ElementMark',$,(#4695,#4696,#4697,#4698));
#4693=IFCOWNERHISTORY(#3,#5,.READWRITE.,.ADDED.,1777764233,#3,#5,1777764233);
#4694=IFCRELDEFINESBYPROPERTIES('34GY6R6uj4Ifd0gZgwNAvp',#4693,$,$,(#4677),#4692);
#4695=IFCPROPERTYSINGLEVALUE('Mark',$,IFCLABEL('ROOF-B1C2'),$);
#4696=IFCPROPERTYSINGLEVALUE('ElementType',$,IFCLABEL('Roof Slab'),$);
#4697=IFCPROPERTYSINGLEVALUE('Bay',$,IFCLABEL('B1C2'),$);
#4698=IFCPROPERTYSINGLEVALUE('Level',$,IFCLABEL('ROOF'),$);
#4699=IFCCARTESIANPOINT((0.,6.,10.5));
#4700=IFCDIRECTION((0.,0.,1.));
#4701=IFCDIRECTION((1.,0.,0.));
#4702=IFCAXIS2PLACEMENT3D(#4699,#4700,#4701);
#4703=IFCLOCALPLACEMENT($,#4702);
#4704=IFCOWNERHISTORY(#3,#5,.READWRITE.,.MODIFIED.,1777764233,#3,#5,1777764233);
#4705=IFCSLAB('1_lolnCRHEZB1NunBE9gS9',#4704,'ROOF-B2C3',$,$,#4731,#4718,$,.FLOOR.);
#4711=IFCCARTESIANPOINT((0.,0.,0.));
#4712=IFCDIRECTION((0.,0.,1.));
#4713=IFCDIRECTION((1.,0.,0.));
#4714=IFCAXIS2PLACEMENT3D(#4711,#4712,#4713);
#4715=IFCDIRECTION((0.,0.,1.));
#4716=IFCEXTRUDEDAREASOLID(#3835,#4714,#4715,0.20000000000000001);
#4717=IFCSHAPEREPRESENTATION(#13,'Body','SweptSolid',(#4716));
#4718=IFCPRODUCTDEFINITIONSHAPE($,$,(#4717));
#4719=IFCOWNERHISTORY(#3,#5,.READWRITE.,.ADDED.,1777764233,#3,#5,1777764233);
#4720=IFCPROPERTYSET('2cdvMbs$z4VQ4rlNyqsGen',#4719,'Pset_ElementMark',$,(#4723,#4724,#4725,#4726));
#4721=IFCOWNERHISTORY(#3,#5,.READWRITE.,.ADDED.,1777764233,#3,#5,1777764233);
#4722=IFCRELDEFINESBYPROPERTIES('01a_lFGEH35PnDBEDnWc$Q',#4721,$,$,(#4705),#4720);
#4723=IFCPROPERTYSINGLEVALUE('Mark',$,IFCLABEL('ROOF-B2C3'),$);
#4724=IFCPROPERTYSINGLEVALUE('ElementType',$,IFCLABEL('Roof Slab'),$);
#4725=IFCPROPERTYSINGLEVALUE('Bay',$,IFCLABEL('B2C3'),$);
#4726=IFCPROPERTYSINGLEVALUE('Level',$,IFCLABEL('ROOF'),$);
#4727=IFCCARTESIANPOINT((6.,6.,10.5));
#4728=IFCDIRECTION((0.,0.,1.));
#4729=IFCDIRECTION((1.,0.,0.));
#4730=IFCAXIS2PLACEMENT3D(#4727,#4728,#4729);
#4731=IFCLOCALPLACEMENT($,#4730);
#4732=IFCOWNERHISTORY(#3,#5,.READWRITE.,.MODIFIED.,1777764233,#3,#5,1777764233);
#4733=IFCSLAB('2yDiE0HRP3gPcqcte35VAa',#4732,'ROOF-B3C4',$,$,#4759,#4746,$,.FLOOR.);
#4739=IFCCARTESIANPOINT((0.,0.,0.));
#4740=IFCDIRECTION((0.,0.,1.));
#4741=IFCDIRECTION((1.,0.,0.));
#4742=IFCAXIS2PLACEMENT3D(#4739,#4740,#4741);
#4743=IFCDIRECTION((0.,0.,1.));
#4744=IFCEXTRUDEDAREASOLID(#3835,#4742,#4743,0.20000000000000001);
#4745=IFCSHAPEREPRESENTATION(#13,'Body','SweptSolid',(#4744));
#4746=IFCPRODUCTDEFINITIONSHAPE($,$,(#4745));
#4747=IFCOWNERHISTORY(#3,#5,.READWRITE.,.ADDED.,1777764233,#3,#5,1777764233);
#4748=IFCPROPERTYSET('30U43iN2nExBjpxPXvUP0H',#4747,'Pset_ElementMark',$,(#4751,#4752,#4753,#4754));
#4749=IFCOWNERHISTORY(#3,#5,.READWRITE.,.ADDED.,1777764233,#3,#5,1777764233);
#4750=IFCRELDEFINESBYPROPERTIES('0z4Q9V4zTD5hfvt5hjFYkz',#4749,$,$,(#4733),#4748);
#4751=IFCPROPERTYSINGLEVALUE('Mark',$,IFCLABEL('ROOF-B3C4'),$);
#4752=IFCPROPERTYSINGLEVALUE('ElementType',$,IFCLABEL('Roof Slab'),$);
#4753=IFCPROPERTYSINGLEVALUE('Bay',$,IFCLABEL('B3C4'),$);
#4754=IFCPROPERTYSINGLEVALUE('Level',$,IFCLABEL('ROOF'),$);
#4755=IFCCARTESIANPOINT((12.,6.,10.5));
#4756=IFCDIRECTION((0.,0.,1.));
#4757=IFCDIRECTION((1.,0.,0.));
#4758=IFCAXIS2PLACEMENT3D(#4755,#4756,#4757);
#4759=IFCLOCALPLACEMENT($,#4758);
#4760=IFCOWNERHISTORY(#3,#5,.READWRITE.,.MODIFIED.,1777764233,#3,#5,1777764233);
#4761=IFCSLAB('3MG1ovkW9EM9K45YOm$3Yo',#4760,'ROOF-C1D2',$,$,#4787,#4774,$,.FLOOR.);
#4767=IFCCARTESIANPOINT((0.,0.,0.));
#4768=IFCDIRECTION((0.,0.,1.));
#4769=IFCDIRECTION((1.,0.,0.));
#4770=IFCAXIS2PLACEMENT3D(#4767,#4768,#4769);
#4771=IFCDIRECTION((0.,0.,1.));
#4772=IFCEXTRUDEDAREASOLID(#3835,#4770,#4771,0.20000000000000001);
#4773=IFCSHAPEREPRESENTATION(#13,'Body','SweptSolid',(#4772));
#4774=IFCPRODUCTDEFINITIONSHAPE($,$,(#4773));
#4775=IFCOWNERHISTORY(#3,#5,.READWRITE.,.ADDED.,1777764233,#3,#5,1777764233);
#4776=IFCPROPERTYSET('2rTTZyZaXBRhXJMQ_rowmv',#4775,'Pset_ElementMark',$,(#4779,#4780,#4781,#4782));
#4777=IFCOWNERHISTORY(#3,#5,.READWRITE.,.ADDED.,1777764233,#3,#5,1777764233);
#4778=IFCRELDEFINESBYPROPERTIES('3iVuxQNMrD08yDzvLXZsYK',#4777,$,$,(#4761),#4776);
#4779=IFCPROPERTYSINGLEVALUE('Mark',$,IFCLABEL('ROOF-C1D2'),$);
#4780=IFCPROPERTYSINGLEVALUE('ElementType',$,IFCLABEL('Roof Slab'),$);
#4781=IFCPROPERTYSINGLEVALUE('Bay',$,IFCLABEL('C1D2'),$);
#4782=IFCPROPERTYSINGLEVALUE('Level',$,IFCLABEL('ROOF'),$);
#4783=IFCCARTESIANPOINT((0.,12.,10.5));
#4784=IFCDIRECTION((0.,0.,1.));
#4785=IFCDIRECTION((1.,0.,0.));
#4786=IFCAXIS2PLACEMENT3D(#4783,#4784,#4785);
#4787=IFCLOCALPLACEMENT($,#4786);
#4788=IFCOWNERHISTORY(#3,#5,.READWRITE.,.MODIFIED.,1777764233,#3,#5,1777764233);
#4789=IFCSLAB('3unRaQbAz6ZhXDmRdVBDc$',#4788,'ROOF-C2D3',$,$,#4815,#4802,$,.FLOOR.);
#4795=IFCCARTESIANPOINT((0.,0.,0.));
#4796=IFCDIRECTION((0.,0.,1.));
#4797=IFCDIRECTION((1.,0.,0.));
#4798=IFCAXIS2PLACEMENT3D(#4795,#4796,#4797);
#4799=IFCDIRECTION((0.,0.,1.));
#4800=IFCEXTRUDEDAREASOLID(#3835,#4798,#4799,0.20000000000000001);
#4801=IFCSHAPEREPRESENTATION(#13,'Body','SweptSolid',(#4800));
#4802=IFCPRODUCTDEFINITIONSHAPE($,$,(#4801));
#4803=IFCOWNERHISTORY(#3,#5,.READWRITE.,.ADDED.,1777764233,#3,#5,1777764233);
#4804=IFCPROPERTYSET('3dxwWZU5P0hwbOol6XcqxW',#4803,'Pset_ElementMark',$,(#4807,#4808,#4809,#4810));
#4805=IFCOWNERHISTORY(#3,#5,.READWRITE.,.ADDED.,1777764233,#3,#5,1777764233);
#4806=IFCRELDEFINESBYPROPERTIES('0aXuAuZev0fQ6XWKKB$l43',#4805,$,$,(#4789),#4804);
#4807=IFCPROPERTYSINGLEVALUE('Mark',$,IFCLABEL('ROOF-C2D3'),$);
#4808=IFCPROPERTYSINGLEVALUE('ElementType',$,IFCLABEL('Roof Slab'),$);
#4809=IFCPROPERTYSINGLEVALUE('Bay',$,IFCLABEL('C2D3'),$);
#4810=IFCPROPERTYSINGLEVALUE('Level',$,IFCLABEL('ROOF'),$);
#4811=IFCCARTESIANPOINT((6.,12.,10.5));
#4812=IFCDIRECTION((0.,0.,1.));
#4813=IFCDIRECTION((1.,0.,0.));
#4814=IFCAXIS2PLACEMENT3D(#4811,#4812,#4813);
#4815=IFCLOCALPLACEMENT($,#4814);
#4816=IFCOWNERHISTORY(#3,#5,.READWRITE.,.MODIFIED.,1777764233,#3,#5,1777764233);
#4817=IFCSLAB('1ZXm7UdWT18hvuHnZ_lE2q',#4816,'ROOF-C3D4',$,$,#4843,#4830,$,.FLOOR.);
#4823=IFCCARTESIANPOINT((0.,0.,0.));
#4824=IFCDIRECTION((0.,0.,1.));
#4825=IFCDIRECTION((1.,0.,0.));
#4826=IFCAXIS2PLACEMENT3D(#4823,#4824,#4825);
#4827=IFCDIRECTION((0.,0.,1.));
#4828=IFCEXTRUDEDAREASOLID(#3835,#4826,#4827,0.20000000000000001);
#4829=IFCSHAPEREPRESENTATION(#13,'Body','SweptSolid',(#4828));
#4830=IFCPRODUCTDEFINITIONSHAPE($,$,(#4829));
#4831=IFCOWNERHISTORY(#3,#5,.READWRITE.,.ADDED.,1777764233,#3,#5,1777764233);
#4832=IFCPROPERTYSET('36wsAQUoLE0eumkyEMxhyU',#4831,'Pset_ElementMark',$,(#4835,#4836,#4837,#4838));
#4833=IFCOWNERHISTORY(#3,#5,.READWRITE.,.ADDED.,1777764233,#3,#5,1777764233);
#4834=IFCRELDEFINESBYPROPERTIES('08J9x$PDf7HOJSCo6xzfdW',#4833,$,$,(#4817),#4832);
#4835=IFCPROPERTYSINGLEVALUE('Mark',$,IFCLABEL('ROOF-C3D4'),$);
#4836=IFCPROPERTYSINGLEVALUE('ElementType',$,IFCLABEL('Roof Slab'),$);
#4837=IFCPROPERTYSINGLEVALUE('Bay',$,IFCLABEL('C3D4'),$);
#4838=IFCPROPERTYSINGLEVALUE('Level',$,IFCLABEL('ROOF'),$);
#4839=IFCCARTESIANPOINT((12.,12.,10.5));
#4840=IFCDIRECTION((0.,0.,1.));
#4841=IFCDIRECTION((1.,0.,0.));
#4842=IFCAXIS2PLACEMENT3D(#4839,#4840,#4841);
#4843=IFCLOCALPLACEMENT($,#4842);
#4844=IFCPROPERTYSINGLEVALUE('WBS_Level1',$,IFCLABEL('CONSTRUCTION'),$);
#4845=IFCPROPERTYSINGLEVALUE('WBS_Level2',$,IFCLABEL('GROUND-FLOOR'),$);
#4846=IFCPROPERTYSINGLEVALUE('WBS_Level4',$,IFCLABEL('PKG-FRAME-GF'),$);
#4847=IFCPROPERTYSINGLEVALUE('P6_ActivityID',$,IFCLABEL('A003'),$);
#4848=IFCPROPERTYSINGLEVALUE('P6_TaskName',$,IFCLABEL('Ground Floor \X2\2013\X0\ RC Beams and Slab'),$);
#4849=IFCPROPERTYSINGLEVALUE('PlannedStart',$,IFCLABEL('2026-09-01'),$);
#4850=IFCPROPERTYSINGLEVALUE('PlannedFinish',$,IFCLABEL('2026-10-31'),$);
#4851=IFCPROPERTYSINGLEVALUE('Element_Mark',$,IFCLABEL('BM-H-A12-GF'),$);
#4852=IFCPROPERTYSINGLEVALUE('CostCode_1',$,IFCLABEL('CBS-003'),$);
#4853=IFCPROPERTYSINGLEVALUE('CostCode_2',$,IFCLABEL('CBS-004'),$);
#4854=IFCPROPERTYSINGLEVALUE('UOM',$,IFCLABEL('m\X2\00B3\X0\'),$);
#4855=IFCPROPERTYSINGLEVALUE('PlannedValue',$,IFCREAL(12121.209999999999),$);
#4856=IFCPROPERTYSINGLEVALUE('PVWeight',$,IFCREAL(0.030303),$);
#4857=IFCPROPERTYSINGLEVALUE('ElementsInTask',$,IFCINTEGER(33),$);
#4858=IFCPROPERTYSINGLEVALUE('Baseline_Tag',$,IFCLABEL('BL_2026-04'),$);
#4859=IFCPROPERTYSET('0$QnT4xTjAvQH15L$_lZ7_',#6,'Pset_5D',$,(#4844,#4845,#4846,#4847,#4848,#4849,#4850,#4851,#4852,#4853,#4854,#4855,#4856,#4857,#4858));
#4860=IFCRELDEFINESBYPROPERTIES('2MfCc7nuv5Gg3z9oQxjpHo',#6,$,$,(#1820),#4859);
#4861=IFCPROPERTYSINGLEVALUE('WBS_Level1',$,IFCLABEL('CONSTRUCTION'),$);
#4862=IFCPROPERTYSINGLEVALUE('WBS_Level2',$,IFCLABEL('GROUND-FLOOR'),$);
#4863=IFCPROPERTYSINGLEVALUE('WBS_Level4',$,IFCLABEL('PKG-FRAME-GF'),$);
#4864=IFCPROPERTYSINGLEVALUE('P6_ActivityID',$,IFCLABEL('A003'),$);
#4865=IFCPROPERTYSINGLEVALUE('P6_TaskName',$,IFCLABEL('Ground Floor \X2\2013\X0\ RC Beams and Slab'),$);
#4866=IFCPROPERTYSINGLEVALUE('PlannedStart',$,IFCLABEL('2026-09-01'),$);
#4867=IFCPROPERTYSINGLEVALUE('PlannedFinish',$,IFCLABEL('2026-10-31'),$);
#4868=IFCPROPERTYSINGLEVALUE('Element_Mark',$,IFCLABEL('BM-H-A23-GF'),$);
#4869=IFCPROPERTYSINGLEVALUE('CostCode_1',$,IFCLABEL('CBS-003'),$);
#4870=IFCPROPERTYSINGLEVALUE('CostCode_2',$,IFCLABEL('CBS-004'),$);
#4871=IFCPROPERTYSINGLEVALUE('UOM',$,IFCLABEL('m\X2\00B3\X0\'),$);
#4872=IFCPROPERTYSINGLEVALUE('PlannedValue',$,IFCREAL(12121.209999999999),$);
#4873=IFCPROPERTYSINGLEVALUE('PVWeight',$,IFCREAL(0.030303),$);
#4874=IFCPROPERTYSINGLEVALUE('ElementsInTask',$,IFCINTEGER(33),$);
#4875=IFCPROPERTYSINGLEVALUE('Baseline_Tag',$,IFCLABEL('BL_2026-04'),$);
#4876=IFCPROPERTYSET('1BfTGp581DugL0kuMW$1FN',#6,'Pset_5D',$,(#4861,#4862,#4863,#4864,#4865,#4866,#4867,#4868,#4869,#4870,#4871,#4872,#4873,#4874,#4875));
#4877=IFCRELDEFINESBYPROPERTIES('3NDuXllDP8KB$UAaWyqPWK',#6,$,$,(#1848),#4876);
#4878=IFCPROPERTYSINGLEVALUE('WBS_Level1',$,IFCLABEL('CONSTRUCTION'),$);
#4879=IFCPROPERTYSINGLEVALUE('WBS_Level2',$,IFCLABEL('GROUND-FLOOR'),$);
#4880=IFCPROPERTYSINGLEVALUE('WBS_Level4',$,IFCLABEL('PKG-FRAME-GF'),$);
#4881=IFCPROPERTYSINGLEVALUE('P6_ActivityID',$,IFCLABEL('A003'),$);
#4882=IFCPROPERTYSINGLEVALUE('P6_TaskName',$,IFCLABEL('Ground Floor \X2\2013\X0\ RC Beams and Slab'),$);
#4883=IFCPROPERTYSINGLEVALUE('PlannedStart',$,IFCLABEL('2026-09-01'),$);
#4884=IFCPROPERTYSINGLEVALUE('PlannedFinish',$,IFCLABEL('2026-10-31'),$);
#4885=IFCPROPERTYSINGLEVALUE('Element_Mark',$,IFCLABEL('BM-H-A34-GF'),$);
#4886=IFCPROPERTYSINGLEVALUE('CostCode_1',$,IFCLABEL('CBS-003'),$);
#4887=IFCPROPERTYSINGLEVALUE('CostCode_2',$,IFCLABEL('CBS-004'),$);
#4888=IFCPROPERTYSINGLEVALUE('UOM',$,IFCLABEL('m\X2\00B3\X0\'),$);
#4889=IFCPROPERTYSINGLEVALUE('PlannedValue',$,IFCREAL(12121.209999999999),$);
#4890=IFCPROPERTYSINGLEVALUE('PVWeight',$,IFCREAL(0.030303),$);
#4891=IFCPROPERTYSINGLEVALUE('ElementsInTask',$,IFCINTEGER(33),$);
#4892=IFCPROPERTYSINGLEVALUE('Baseline_Tag',$,IFCLABEL('BL_2026-04'),$);
#4893=IFCPROPERTYSET('29ENua4u5EM8bieyJdSRz2',#6,'Pset_5D',$,(#4878,#4879,#4880,#4881,#4882,#4883,#4884,#4885,#4886,#4887,#4888,#4889,#4890,#4891,#4892));
#4894=IFCRELDEFINESBYPROPERTIES('2Rxlt1Fuz9VfR$TxWKNp5L',#6,$,$,(#1876),#4893);
#4895=IFCPROPERTYSINGLEVALUE('WBS_Level1',$,IFCLABEL('CONSTRUCTION'),$);
#4896=IFCPROPERTYSINGLEVALUE('WBS_Level2',$,IFCLABEL('GROUND-FLOOR'),$);
#4897=IFCPROPERTYSINGLEVALUE('WBS_Level4',$,IFCLABEL('PKG-FRAME-GF'),$);
#4898=IFCPROPERTYSINGLEVALUE('P6_ActivityID',$,IFCLABEL('A003'),$);
#4899=IFCPROPERTYSINGLEVALUE('P6_TaskName',$,IFCLABEL('Ground Floor \X2\2013\X0\ RC Beams and Slab'),$);
#4900=IFCPROPERTYSINGLEVALUE('PlannedStart',$,IFCLABEL('2026-09-01'),$);
#4901=IFCPROPERTYSINGLEVALUE('PlannedFinish',$,IFCLABEL('2026-10-31'),$);
#4902=IFCPROPERTYSINGLEVALUE('Element_Mark',$,IFCLABEL('BM-H-B12-GF'),$);
#4903=IFCPROPERTYSINGLEVALUE('CostCode_1',$,IFCLABEL('CBS-003'),$);
#4904=IFCPROPERTYSINGLEVALUE('CostCode_2',$,IFCLABEL('CBS-004'),$);
#4905=IFCPROPERTYSINGLEVALUE('UOM',$,IFCLABEL('m\X2\00B3\X0\'),$);
#4906=IFCPROPERTYSINGLEVALUE('PlannedValue',$,IFCREAL(12121.209999999999),$);
#4907=IFCPROPERTYSINGLEVALUE('PVWeight',$,IFCREAL(0.030303),$);
#4908=IFCPROPERTYSINGLEVALUE('ElementsInTask',$,IFCINTEGER(33),$);
#4909=IFCPROPERTYSINGLEVALUE('Baseline_Tag',$,IFCLABEL('BL_2026-04'),$);
#4910=IFCPROPERTYSET('0oEvKKbJn63ByO01OJ02fO',#6,'Pset_5D',$,(#4895,#4896,#4897,#4898,#4899,#4900,#4901,#4902,#4903,#4904,#4905,#4906,#4907,#4908,#4909));
#4911=IFCRELDEFINESBYPROPERTIES('2XLZ_rUjP5WvURYcSJTww2',#6,$,$,(#1904),#4910);
#4912=IFCPROPERTYSINGLEVALUE('WBS_Level1',$,IFCLABEL('CONSTRUCTION'),$);
#4913=IFCPROPERTYSINGLEVALUE('WBS_Level2',$,IFCLABEL('GROUND-FLOOR'),$);
#4914=IFCPROPERTYSINGLEVALUE('WBS_Level4',$,IFCLABEL('PKG-FRAME-GF'),$);
#4915=IFCPROPERTYSINGLEVALUE('P6_ActivityID',$,IFCLABEL('A003'),$);
#4916=IFCPROPERTYSINGLEVALUE('P6_TaskName',$,IFCLABEL('Ground Floor \X2\2013\X0\ RC Beams and Slab'),$);
#4917=IFCPROPERTYSINGLEVALUE('PlannedStart',$,IFCLABEL('2026-09-01'),$);
#4918=IFCPROPERTYSINGLEVALUE('PlannedFinish',$,IFCLABEL('2026-10-31'),$);
#4919=IFCPROPERTYSINGLEVALUE('Element_Mark',$,IFCLABEL('BM-H-B23-GF'),$);
#4920=IFCPROPERTYSINGLEVALUE('CostCode_1',$,IFCLABEL('CBS-003'),$);
#4921=IFCPROPERTYSINGLEVALUE('CostCode_2',$,IFCLABEL('CBS-004'),$);
#4922=IFCPROPERTYSINGLEVALUE('UOM',$,IFCLABEL('m\X2\00B3\X0\'),$);
#4923=IFCPROPERTYSINGLEVALUE('PlannedValue',$,IFCREAL(12121.209999999999),$);
#4924=IFCPROPERTYSINGLEVALUE('PVWeight',$,IFCREAL(0.030303),$);
#4925=IFCPROPERTYSINGLEVALUE('ElementsInTask',$,IFCINTEGER(33),$);
#4926=IFCPROPERTYSINGLEVALUE('Baseline_Tag',$,IFCLABEL('BL_2026-04'),$);
#4927=IFCPROPERTYSET('2nqBCSBaXEcha40aIOnv2K',#6,'Pset_5D',$,(#4912,#4913,#4914,#4915,#4916,#4917,#4918,#4919,#4920,#4921,#4922,#4923,#4924,#4925,#4926));
#4928=IFCRELDEFINESBYPROPERTIES('1DFZat3g18$gdUDhk5xe2d',#6,$,$,(#1932),#4927);
#4929=IFCPROPERTYSINGLEVALUE('WBS_Level1',$,IFCLABEL('CONSTRUCTION'),$);
#4930=IFCPROPERTYSINGLEVALUE('WBS_Level2',$,IFCLABEL('GROUND-FLOOR'),$);
#4931=IFCPROPERTYSINGLEVALUE('WBS_Level4',$,IFCLABEL('PKG-FRAME-GF'),$);
#4932=IFCPROPERTYSINGLEVALUE('P6_ActivityID',$,IFCLABEL('A003'),$);
#4933=IFCPROPERTYSINGLEVALUE('P6_TaskName',$,IFCLABEL('Ground Floor \X2\2013\X0\ RC Beams and Slab'),$);
#4934=IFCPROPERTYSINGLEVALUE('PlannedStart',$,IFCLABEL('2026-09-01'),$);
#4935=IFCPROPERTYSINGLEVALUE('PlannedFinish',$,IFCLABEL('2026-10-31'),$);
#4936=IFCPROPERTYSINGLEVALUE('Element_Mark',$,IFCLABEL('BM-H-B34-GF'),$);
#4937=IFCPROPERTYSINGLEVALUE('CostCode_1',$,IFCLABEL('CBS-003'),$);
#4938=IFCPROPERTYSINGLEVALUE('CostCode_2',$,IFCLABEL('CBS-004'),$);
#4939=IFCPROPERTYSINGLEVALUE('UOM',$,IFCLABEL('m\X2\00B3\X0\'),$);
#4940=IFCPROPERTYSINGLEVALUE('PlannedValue',$,IFCREAL(12121.209999999999),$);
#4941=IFCPROPERTYSINGLEVALUE('PVWeight',$,IFCREAL(0.030303),$);
#4942=IFCPROPERTYSINGLEVALUE('ElementsInTask',$,IFCINTEGER(33),$);
#4943=IFCPROPERTYSINGLEVALUE('Baseline_Tag',$,IFCLABEL('BL_2026-04'),$);
#4944=IFCPROPERTYSET('0OPuM$aDX8OOd8TgcBmeL8',#6,'Pset_5D',$,(#4929,#4930,#4931,#4932,#4933,#4934,#4935,#4936,#4937,#4938,#4939,#4940,#4941,#4942,#4943));
#4945=IFCRELDEFINESBYPROPERTIES('3RZbvbTG98RQ$t0dAZhTWr',#6,$,$,(#1960),#4944);
#4946=IFCPROPERTYSINGLEVALUE('WBS_Level1',$,IFCLABEL('CONSTRUCTION'),$);
#4947=IFCPROPERTYSINGLEVALUE('WBS_Level2',$,IFCLABEL('GROUND-FLOOR'),$);
#4948=IFCPROPERTYSINGLEVALUE('WBS_Level4',$,IFCLABEL('PKG-FRAME-GF'),$);
#4949=IFCPROPERTYSINGLEVALUE('P6_ActivityID',$,IFCLABEL('A003'),$);
#4950=IFCPROPERTYSINGLEVALUE('P6_TaskName',$,IFCLABEL('Ground Floor \X2\2013\X0\ RC Beams and Slab'),$);
#4951=IFCPROPERTYSINGLEVALUE('PlannedStart',$,IFCLABEL('2026-09-01'),$);
#4952=IFCPROPERTYSINGLEVALUE('PlannedFinish',$,IFCLABEL('2026-10-31'),$);
#4953=IFCPROPERTYSINGLEVALUE('Element_Mark',$,IFCLABEL('BM-H-C12-GF'),$);
#4954=IFCPROPERTYSINGLEVALUE('CostCode_1',$,IFCLABEL('CBS-003'),$);
#4955=IFCPROPERTYSINGLEVALUE('CostCode_2',$,IFCLABEL('CBS-004'),$);
#4956=IFCPROPERTYSINGLEVALUE('UOM',$,IFCLABEL('m\X2\00B3\X0\'),$);
#4957=IFCPROPERTYSINGLEVALUE('PlannedValue',$,IFCREAL(12121.209999999999),$);
#4958=IFCPROPERTYSINGLEVALUE('PVWeight',$,IFCREAL(0.030303),$);
#4959=IFCPROPERTYSINGLEVALUE('ElementsInTask',$,IFCINTEGER(33),$);
#4960=IFCPROPERTYSINGLEVALUE('Baseline_Tag',$,IFCLABEL('BL_2026-04'),$);
#4961=IFCPROPERTYSET('3F8w1S2eH4ww8pMigYL1L0',#6,'Pset_5D',$,(#4946,#4947,#4948,#4949,#4950,#4951,#4952,#4953,#4954,#4955,#4956,#4957,#4958,#4959,#4960));
#4962=IFCRELDEFINESBYPROPERTIES('1QvqQs51b2xfhcBDKTmt7R',#6,$,$,(#1988),#4961);
#4963=IFCPROPERTYSINGLEVALUE('WBS_Level1',$,IFCLABEL('CONSTRUCTION'),$);
#4964=IFCPROPERTYSINGLEVALUE('WBS_Level2',$,IFCLABEL('GROUND-FLOOR'),$);
#4965=IFCPROPERTYSINGLEVALUE('WBS_Level4',$,IFCLABEL('PKG-FRAME-GF'),$);
#4966=IFCPROPERTYSINGLEVALUE('P6_ActivityID',$,IFCLABEL('A003'),$);
#4967=IFCPROPERTYSINGLEVALUE('P6_TaskName',$,IFCLABEL('Ground Floor \X2\2013\X0\ RC Beams and Slab'),$);
#4968=IFCPROPERTYSINGLEVALUE('PlannedStart',$,IFCLABEL('2026-09-01'),$);
#4969=IFCPROPERTYSINGLEVALUE('PlannedFinish',$,IFCLABEL('2026-10-31'),$);
#4970=IFCPROPERTYSINGLEVALUE('Element_Mark',$,IFCLABEL('BM-H-C23-GF'),$);
#4971=IFCPROPERTYSINGLEVALUE('CostCode_1',$,IFCLABEL('CBS-003'),$);
#4972=IFCPROPERTYSINGLEVALUE('CostCode_2',$,IFCLABEL('CBS-004'),$);
#4973=IFCPROPERTYSINGLEVALUE('UOM',$,IFCLABEL('m\X2\00B3\X0\'),$);
#4974=IFCPROPERTYSINGLEVALUE('PlannedValue',$,IFCREAL(12121.209999999999),$);
#4975=IFCPROPERTYSINGLEVALUE('PVWeight',$,IFCREAL(0.030303),$);
#4976=IFCPROPERTYSINGLEVALUE('ElementsInTask',$,IFCINTEGER(33),$);
#4977=IFCPROPERTYSINGLEVALUE('Baseline_Tag',$,IFCLABEL('BL_2026-04'),$);
#4978=IFCPROPERTYSET('2W3f9rQNb0$877REpggtJX',#6,'Pset_5D',$,(#4963,#4964,#4965,#4966,#4967,#4968,#4969,#4970,#4971,#4972,#4973,#4974,#4975,#4976,#4977));
#4979=IFCRELDEFINESBYPROPERTIES('1s8BT1YRj9ovIp81$Y8ifM',#6,$,$,(#2016),#4978);
#4980=IFCPROPERTYSINGLEVALUE('WBS_Level1',$,IFCLABEL('CONSTRUCTION'),$);
#4981=IFCPROPERTYSINGLEVALUE('WBS_Level2',$,IFCLABEL('GROUND-FLOOR'),$);
#4982=IFCPROPERTYSINGLEVALUE('WBS_Level4',$,IFCLABEL('PKG-FRAME-GF'),$);
#4983=IFCPROPERTYSINGLEVALUE('P6_ActivityID',$,IFCLABEL('A003'),$);
#4984=IFCPROPERTYSINGLEVALUE('P6_TaskName',$,IFCLABEL('Ground Floor \X2\2013\X0\ RC Beams and Slab'),$);
#4985=IFCPROPERTYSINGLEVALUE('PlannedStart',$,IFCLABEL('2026-09-01'),$);
#4986=IFCPROPERTYSINGLEVALUE('PlannedFinish',$,IFCLABEL('2026-10-31'),$);
#4987=IFCPROPERTYSINGLEVALUE('Element_Mark',$,IFCLABEL('BM-H-C34-GF'),$);
#4988=IFCPROPERTYSINGLEVALUE('CostCode_1',$,IFCLABEL('CBS-003'),$);
#4989=IFCPROPERTYSINGLEVALUE('CostCode_2',$,IFCLABEL('CBS-004'),$);
#4990=IFCPROPERTYSINGLEVALUE('UOM',$,IFCLABEL('m\X2\00B3\X0\'),$);
#4991=IFCPROPERTYSINGLEVALUE('PlannedValue',$,IFCREAL(12121.209999999999),$);
#4992=IFCPROPERTYSINGLEVALUE('PVWeight',$,IFCREAL(0.030303),$);
#4993=IFCPROPERTYSINGLEVALUE('ElementsInTask',$,IFCINTEGER(33),$);
#4994=IFCPROPERTYSINGLEVALUE('Baseline_Tag',$,IFCLABEL('BL_2026-04'),$);
#4995=IFCPROPERTYSET('1D5TEpLSfDKPaz6iXHfhIA',#6,'Pset_5D',$,(#4980,#4981,#4982,#4983,#4984,#4985,#4986,#4987,#4988,#4989,#4990,#4991,#4992,#4993,#4994));
#4996=IFCRELDEFINESBYPROPERTIES('30ao8NLIf26gc$EFt5Lz8A',#6,$,$,(#2044),#4995);
#4997=IFCPROPERTYSINGLEVALUE('WBS_Level1',$,IFCLABEL('CONSTRUCTION'),$);
#4998=IFCPROPERTYSINGLEVALUE('WBS_Level2',$,IFCLABEL('GROUND-FLOOR'),$);
#4999=IFCPROPERTYSINGLEVALUE('WBS_Level4',$,IFCLABEL('PKG-FRAME-GF'),$);
#5000=IFCPROPERTYSINGLEVALUE('P6_ActivityID',$,IFCLABEL('A003'),$);
#5001=IFCPROPERTYSINGLEVALUE('P6_TaskName',$,IFCLABEL('Ground Floor \X2\2013\X0\ RC Beams and Slab'),$);
#5002=IFCPROPERTYSINGLEVALUE('PlannedStart',$,IFCLABEL('2026-09-01'),$);
#5003=IFCPROPERTYSINGLEVALUE('PlannedFinish',$,IFCLABEL('2026-10-31'),$);
#5004=IFCPROPERTYSINGLEVALUE('Element_Mark',$,IFCLABEL('BM-H-D12-GF'),$);
#5005=IFCPROPERTYSINGLEVALUE('CostCode_1',$,IFCLABEL('CBS-003'),$);
#5006=IFCPROPERTYSINGLEVALUE('CostCode_2',$,IFCLABEL('CBS-004'),$);
#5007=IFCPROPERTYSINGLEVALUE('UOM',$,IFCLABEL('m\X2\00B3\X0\'),$);
#5008=IFCPROPERTYSINGLEVALUE('PlannedValue',$,IFCREAL(12121.209999999999),$);
#5009=IFCPROPERTYSINGLEVALUE('PVWeight',$,IFCREAL(0.030303),$);
#5010=IFCPROPERTYSINGLEVALUE('ElementsInTask',$,IFCINTEGER(33),$);
#5011=IFCPROPERTYSINGLEVALUE('Baseline_Tag',$,IFCLABEL('BL_2026-04'),$);
#5012=IFCPROPERTYSET('2AjlQYqlzCcBr_NlNNsABu',#6,'Pset_5D',$,(#4997,#4998,#4999,#5000,#5001,#5002,#5003,#5004,#5005,#5006,#5007,#5008,#5009,#5010,#5011));
#5013=IFCRELDEFINESBYPROPERTIES('2d7ttX1R98Vf5Hrl5Kd2Cs',#6,$,$,(#2072),#5012);
#5014=IFCPROPERTYSINGLEVALUE('WBS_Level1',$,IFCLABEL('CONSTRUCTION'),$);
#5015=IFCPROPERTYSINGLEVALUE('WBS_Level2',$,IFCLABEL('GROUND-FLOOR'),$);
#5016=IFCPROPERTYSINGLEVALUE('WBS_Level4',$,IFCLABEL('PKG-FRAME-GF'),$);
#5017=IFCPROPERTYSINGLEVALUE('P6_ActivityID',$,IFCLABEL('A003'),$);
#5018=IFCPROPERTYSINGLEVALUE('P6_TaskName',$,IFCLABEL('Ground Floor \X2\2013\X0\ RC Beams and Slab'),$);
#5019=IFCPROPERTYSINGLEVALUE('PlannedStart',$,IFCLABEL('2026-09-01'),$);
#5020=IFCPROPERTYSINGLEVALUE('PlannedFinish',$,IFCLABEL('2026-10-31'),$);
#5021=IFCPROPERTYSINGLEVALUE('Element_Mark',$,IFCLABEL('BM-H-D23-GF'),$);
#5022=IFCPROPERTYSINGLEVALUE('CostCode_1',$,IFCLABEL('CBS-003'),$);
#5023=IFCPROPERTYSINGLEVALUE('CostCode_2',$,IFCLABEL('CBS-004'),$);
#5024=IFCPROPERTYSINGLEVALUE('UOM',$,IFCLABEL('m\X2\00B3\X0\'),$);
#5025=IFCPROPERTYSINGLEVALUE('PlannedValue',$,IFCREAL(12121.209999999999),$);
#5026=IFCPROPERTYSINGLEVALUE('PVWeight',$,IFCREAL(0.030303),$);
#5027=IFCPROPERTYSINGLEVALUE('ElementsInTask',$,IFCINTEGER(33),$);
#5028=IFCPROPERTYSINGLEVALUE('Baseline_Tag',$,IFCLABEL('BL_2026-04'),$);
#5029=IFCPROPERTYSET('3ToiGRBajDwxd_JLv5CKPk',#6,'Pset_5D',$,(#5014,#5015,#5016,#5017,#5018,#5019,#5020,#5021,#5022,#5023,#5024,#5025,#5026,#5027,#5028));
#5030=IFCRELDEFINESBYPROPERTIES('1CNBfcfBH058ckxZQBNorb',#6,$,$,(#2100),#5029);
#5031=IFCPROPERTYSINGLEVALUE('WBS_Level1',$,IFCLABEL('CONSTRUCTION'),$);
#5032=IFCPROPERTYSINGLEVALUE('WBS_Level2',$,IFCLABEL('GROUND-FLOOR'),$);
#5033=IFCPROPERTYSINGLEVALUE('WBS_Level4',$,IFCLABEL('PKG-FRAME-GF'),$);
#5034=IFCPROPERTYSINGLEVALUE('P6_ActivityID',$,IFCLABEL('A003'),$);
#5035=IFCPROPERTYSINGLEVALUE('P6_TaskName',$,IFCLABEL('Ground Floor \X2\2013\X0\ RC Beams and Slab'),$);
#5036=IFCPROPERTYSINGLEVALUE('PlannedStart',$,IFCLABEL('2026-09-01'),$);
#5037=IFCPROPERTYSINGLEVALUE('PlannedFinish',$,IFCLABEL('2026-10-31'),$);
#5038=IFCPROPERTYSINGLEVALUE('Element_Mark',$,IFCLABEL('BM-H-D34-GF'),$);
#5039=IFCPROPERTYSINGLEVALUE('CostCode_1',$,IFCLABEL('CBS-003'),$);
#5040=IFCPROPERTYSINGLEVALUE('CostCode_2',$,IFCLABEL('CBS-004'),$);
#5041=IFCPROPERTYSINGLEVALUE('UOM',$,IFCLABEL('m\X2\00B3\X0\'),$);
#5042=IFCPROPERTYSINGLEVALUE('PlannedValue',$,IFCREAL(12121.209999999999),$);
#5043=IFCPROPERTYSINGLEVALUE('PVWeight',$,IFCREAL(0.030303),$);
#5044=IFCPROPERTYSINGLEVALUE('ElementsInTask',$,IFCINTEGER(33),$);
#5045=IFCPROPERTYSINGLEVALUE('Baseline_Tag',$,IFCLABEL('BL_2026-04'),$);
#5046=IFCPROPERTYSET('1RZT2CmMf7pgMfA36hGQ9W',#6,'Pset_5D',$,(#5031,#5032,#5033,#5034,#5035,#5036,#5037,#5038,#5039,#5040,#5041,#5042,#5043,#5044,#5045));
#5047=IFCRELDEFINESBYPROPERTIES('2vlr5KqYT0uQ_6yOsgNmdt',#6,$,$,(#2128),#5046);
#5048=IFCPROPERTYSINGLEVALUE('WBS_Level1',$,IFCLABEL('CONSTRUCTION'),$);
#5049=IFCPROPERTYSINGLEVALUE('WBS_Level2',$,IFCLABEL('GROUND-FLOOR'),$);
#5050=IFCPROPERTYSINGLEVALUE('WBS_Level4',$,IFCLABEL('PKG-FRAME-GF'),$);
#5051=IFCPROPERTYSINGLEVALUE('P6_ActivityID',$,IFCLABEL('A003'),$);
#5052=IFCPROPERTYSINGLEVALUE('P6_TaskName',$,IFCLABEL('Ground Floor \X2\2013\X0\ RC Beams and Slab'),$);
#5053=IFCPROPERTYSINGLEVALUE('PlannedStart',$,IFCLABEL('2026-09-01'),$);
#5054=IFCPROPERTYSINGLEVALUE('PlannedFinish',$,IFCLABEL('2026-10-31'),$);
#5055=IFCPROPERTYSINGLEVALUE('Element_Mark',$,IFCLABEL('BM-V-1AB-GF'),$);
#5056=IFCPROPERTYSINGLEVALUE('CostCode_1',$,IFCLABEL('CBS-003'),$);
#5057=IFCPROPERTYSINGLEVALUE('CostCode_2',$,IFCLABEL('CBS-004'),$);
#5058=IFCPROPERTYSINGLEVALUE('UOM',$,IFCLABEL('m\X2\00B3\X0\'),$);
#5059=IFCPROPERTYSINGLEVALUE('PlannedValue',$,IFCREAL(12121.209999999999),$);
#5060=IFCPROPERTYSINGLEVALUE('PVWeight',$,IFCREAL(0.030303),$);
#5061=IFCPROPERTYSINGLEVALUE('ElementsInTask',$,IFCINTEGER(33),$);
#5062=IFCPROPERTYSINGLEVALUE('Baseline_Tag',$,IFCLABEL('BL_2026-04'),$);
#5063=IFCPROPERTYSET('3aYWseh4XEivNPh4UsSm$c',#6,'Pset_5D',$,(#5048,#5049,#5050,#5051,#5052,#5053,#5054,#5055,#5056,#5057,#5058,#5059,#5060,#5061,#5062));
#5064=IFCRELDEFINESBYPROPERTIES('3SED$uhfX0bw6p45Ug9YeP',#6,$,$,(#2156),#5063);
#5065=IFCPROPERTYSINGLEVALUE('WBS_Level1',$,IFCLABEL('CONSTRUCTION'),$);
#5066=IFCPROPERTYSINGLEVALUE('WBS_Level2',$,IFCLABEL('GROUND-FLOOR'),$);
#5067=IFCPROPERTYSINGLEVALUE('WBS_Level4',$,IFCLABEL('PKG-FRAME-GF'),$);
#5068=IFCPROPERTYSINGLEVALUE('P6_ActivityID',$,IFCLABEL('A003'),$);
#5069=IFCPROPERTYSINGLEVALUE('P6_TaskName',$,IFCLABEL('Ground Floor \X2\2013\X0\ RC Beams and Slab'),$);
#5070=IFCPROPERTYSINGLEVALUE('PlannedStart',$,IFCLABEL('2026-09-01'),$);
#5071=IFCPROPERTYSINGLEVALUE('PlannedFinish',$,IFCLABEL('2026-10-31'),$);
#5072=IFCPROPERTYSINGLEVALUE('Element_Mark',$,IFCLABEL('BM-V-1BC-GF'),$);
#5073=IFCPROPERTYSINGLEVALUE('CostCode_1',$,IFCLABEL('CBS-003'),$);
#5074=IFCPROPERTYSINGLEVALUE('CostCode_2',$,IFCLABEL('CBS-004'),$);
#5075=IFCPROPERTYSINGLEVALUE('UOM',$,IFCLABEL('m\X2\00B3\X0\'),$);
#5076=IFCPROPERTYSINGLEVALUE('PlannedValue',$,IFCREAL(12121.209999999999),$);
#5077=IFCPROPERTYSINGLEVALUE('PVWeight',$,IFCREAL(0.030303),$);
#5078=IFCPROPERTYSINGLEVALUE('ElementsInTask',$,IFCINTEGER(33),$);
#5079=IFCPROPERTYSINGLEVALUE('Baseline_Tag',$,IFCLABEL('BL_2026-04'),$);
#5080=IFCPROPERTYSET('3OOukrf9TB9BNGCjCvt9__',#6,'Pset_5D',$,(#5065,#5066,#5067,#5068,#5069,#5070,#5071,#5072,#5073,#5074,#5075,#5076,#5077,#5078,#5079));
#5081=IFCRELDEFINESBYPROPERTIES('3BsQB3G_n33vQLdF9zx9ko',#6,$,$,(#2184),#5080);
#5082=IFCPROPERTYSINGLEVALUE('WBS_Level1',$,IFCLABEL('CONSTRUCTION'),$);
#5083=IFCPROPERTYSINGLEVALUE('WBS_Level2',$,IFCLABEL('GROUND-FLOOR'),$);
#5084=IFCPROPERTYSINGLEVALUE('WBS_Level4',$,IFCLABEL('PKG-FRAME-GF'),$);
#5085=IFCPROPERTYSINGLEVALUE('P6_ActivityID',$,IFCLABEL('A003'),$);
#5086=IFCPROPERTYSINGLEVALUE('P6_TaskName',$,IFCLABEL('Ground Floor \X2\2013\X0\ RC Beams and Slab'),$);
#5087=IFCPROPERTYSINGLEVALUE('PlannedStart',$,IFCLABEL('2026-09-01'),$);
#5088=IFCPROPERTYSINGLEVALUE('PlannedFinish',$,IFCLABEL('2026-10-31'),$);
#5089=IFCPROPERTYSINGLEVALUE('Element_Mark',$,IFCLABEL('BM-V-1CD-GF'),$);
#5090=IFCPROPERTYSINGLEVALUE('CostCode_1',$,IFCLABEL('CBS-003'),$);
#5091=IFCPROPERTYSINGLEVALUE('CostCode_2',$,IFCLABEL('CBS-004'),$);
#5092=IFCPROPERTYSINGLEVALUE('UOM',$,IFCLABEL('m\X2\00B3\X0\'),$);
#5093=IFCPROPERTYSINGLEVALUE('PlannedValue',$,IFCREAL(12121.209999999999),$);
#5094=IFCPROPERTYSINGLEVALUE('PVWeight',$,IFCREAL(0.030303),$);
#5095=IFCPROPERTYSINGLEVALUE('ElementsInTask',$,IFCINTEGER(33),$);
#5096=IFCPROPERTYSINGLEVALUE('Baseline_Tag',$,IFCLABEL('BL_2026-04'),$);
#5097=IFCPROPERTYSET('1obUL40ZfC9f7DuEM0rIh5',#6,'Pset_5D',$,(#5082,#5083,#5084,#5085,#5086,#5087,#5088,#5089,#5090,#5091,#5092,#5093,#5094,#5095,#5096));
#5098=IFCRELDEFINESBYPROPERTIES('2dz370SgbB2uBj0Nm8vJ_h',#6,$,$,(#2212),#5097);
#5099=IFCPROPERTYSINGLEVALUE('WBS_Level1',$,IFCLABEL('CONSTRUCTION'),$);
#5100=IFCPROPERTYSINGLEVALUE('WBS_Level2',$,IFCLABEL('GROUND-FLOOR'),$);
#5101=IFCPROPERTYSINGLEVALUE('WBS_Level4',$,IFCLABEL('PKG-FRAME-GF'),$);
#5102=IFCPROPERTYSINGLEVALUE('P6_ActivityID',$,IFCLABEL('A003'),$);
#5103=IFCPROPERTYSINGLEVALUE('P6_TaskName',$,IFCLABEL('Ground Floor \X2\2013\X0\ RC Beams and Slab'),$);
#5104=IFCPROPERTYSINGLEVALUE('PlannedStart',$,IFCLABEL('2026-09-01'),$);
#5105=IFCPROPERTYSINGLEVALUE('PlannedFinish',$,IFCLABEL('2026-10-31'),$);
#5106=IFCPROPERTYSINGLEVALUE('Element_Mark',$,IFCLABEL('BM-V-2AB-GF'),$);
#5107=IFCPROPERTYSINGLEVALUE('CostCode_1',$,IFCLABEL('CBS-003'),$);
#5108=IFCPROPERTYSINGLEVALUE('CostCode_2',$,IFCLABEL('CBS-004'),$);
#5109=IFCPROPERTYSINGLEVALUE('UOM',$,IFCLABEL('m\X2\00B3\X0\'),$);
#5110=IFCPROPERTYSINGLEVALUE('PlannedValue',$,IFCREAL(12121.209999999999),$);
#5111=IFCPROPERTYSINGLEVALUE('PVWeight',$,IFCREAL(0.030303),$);
#5112=IFCPROPERTYSINGLEVALUE('ElementsInTask',$,IFCINTEGER(33),$);
#5113=IFCPROPERTYSINGLEVALUE('Baseline_Tag',$,IFCLABEL('BL_2026-04'),$);
#5114=IFCPROPERTYSET('1kEejeiZj5ERTKFi2Q4ivw',#6,'Pset_5D',$,(#5099,#5100,#5101,#5102,#5103,#5104,#5105,#5106,#5107,#5108,#5109,#5110,#5111,#5112,#5113));
#5115=IFCRELDEFINESBYPROPERTIES('3Jnoqc6uD5VBv4g02evb3e',#6,$,$,(#2240),#5114);
#5116=IFCPROPERTYSINGLEVALUE('WBS_Level1',$,IFCLABEL('CONSTRUCTION'),$);
#5117=IFCPROPERTYSINGLEVALUE('WBS_Level2',$,IFCLABEL('GROUND-FLOOR'),$);
#5118=IFCPROPERTYSINGLEVALUE('WBS_Level4',$,IFCLABEL('PKG-FRAME-GF'),$);
#5119=IFCPROPERTYSINGLEVALUE('P6_ActivityID',$,IFCLABEL('A003'),$);
#5120=IFCPROPERTYSINGLEVALUE('P6_TaskName',$,IFCLABEL('Ground Floor \X2\2013\X0\ RC Beams and Slab'),$);
#5121=IFCPROPERTYSINGLEVALUE('PlannedStart',$,IFCLABEL('2026-09-01'),$);
#5122=IFCPROPERTYSINGLEVALUE('PlannedFinish',$,IFCLABEL('2026-10-31'),$);
#5123=IFCPROPERTYSINGLEVALUE('Element_Mark',$,IFCLABEL('BM-V-2BC-GF'),$);
#5124=IFCPROPERTYSINGLEVALUE('CostCode_1',$,IFCLABEL('CBS-003'),$);
#5125=IFCPROPERTYSINGLEVALUE('CostCode_2',$,IFCLABEL('CBS-004'),$);
#5126=IFCPROPERTYSINGLEVALUE('UOM',$,IFCLABEL('m\X2\00B3\X0\'),$);
#5127=IFCPROPERTYSINGLEVALUE('PlannedValue',$,IFCREAL(12121.209999999999),$);
#5128=IFCPROPERTYSINGLEVALUE('PVWeight',$,IFCREAL(0.030303),$);
#5129=IFCPROPERTYSINGLEVALUE('ElementsInTask',$,IFCINTEGER(33),$);
#5130=IFCPROPERTYSINGLEVALUE('Baseline_Tag',$,IFCLABEL('BL_2026-04'),$);
#5131=IFCPROPERTYSET('1A8yzNJ$18OOoC4Hc01N80',#6,'Pset_5D',$,(#5116,#5117,#5118,#5119,#5120,#5121,#5122,#5123,#5124,#5125,#5126,#5127,#5128,#5129,#5130));
#5132=IFCRELDEFINESBYPROPERTIES('0RFX3rrcbAavhNwFfJ_ZvU',#6,$,$,(#2268),#5131);
#5133=IFCPROPERTYSINGLEVALUE('WBS_Level1',$,IFCLABEL('CONSTRUCTION'),$);
#5134=IFCPROPERTYSINGLEVALUE('WBS_Level2',$,IFCLABEL('GROUND-FLOOR'),$);
#5135=IFCPROPERTYSINGLEVALUE('WBS_Level4',$,IFCLABEL('PKG-FRAME-GF'),$);
#5136=IFCPROPERTYSINGLEVALUE('P6_ActivityID',$,IFCLABEL('A003'),$);
#5137=IFCPROPERTYSINGLEVALUE('P6_TaskName',$,IFCLABEL('Ground Floor \X2\2013\X0\ RC Beams and Slab'),$);
#5138=IFCPROPERTYSINGLEVALUE('PlannedStart',$,IFCLABEL('2026-09-01'),$);
#5139=IFCPROPERTYSINGLEVALUE('PlannedFinish',$,IFCLABEL('2026-10-31'),$);
#5140=IFCPROPERTYSINGLEVALUE('Element_Mark',$,IFCLABEL('BM-V-2CD-GF'),$);
#5141=IFCPROPERTYSINGLEVALUE('CostCode_1',$,IFCLABEL('CBS-003'),$);
#5142=IFCPROPERTYSINGLEVALUE('CostCode_2',$,IFCLABEL('CBS-004'),$);
#5143=IFCPROPERTYSINGLEVALUE('UOM',$,IFCLABEL('m\X2\00B3\X0\'),$);
#5144=IFCPROPERTYSINGLEVALUE('PlannedValue',$,IFCREAL(12121.209999999999),$);
#5145=IFCPROPERTYSINGLEVALUE('PVWeight',$,IFCREAL(0.030303),$);
#5146=IFCPROPERTYSINGLEVALUE('ElementsInTask',$,IFCINTEGER(33),$);
#5147=IFCPROPERTYSINGLEVALUE('Baseline_Tag',$,IFCLABEL('BL_2026-04'),$);
#5148=IFCPROPERTYSET('1ri5dVGIX6IvZ81UPNiqqd',#6,'Pset_5D',$,(#5133,#5134,#5135,#5136,#5137,#5138,#5139,#5140,#5141,#5142,#5143,#5144,#5145,#5146,#5147));
#5149=IFCRELDEFINESBYPROPERTIES('3Jfl$Wls935vTadvrQIQE_',#6,$,$,(#2296),#5148);
#5150=IFCPROPERTYSINGLEVALUE('WBS_Level1',$,IFCLABEL('CONSTRUCTION'),$);
#5151=IFCPROPERTYSINGLEVALUE('WBS_Level2',$,IFCLABEL('GROUND-FLOOR'),$);
#5152=IFCPROPERTYSINGLEVALUE('WBS_Level4',$,IFCLABEL('PKG-FRAME-GF'),$);
#5153=IFCPROPERTYSINGLEVALUE('P6_ActivityID',$,IFCLABEL('A003'),$);
#5154=IFCPROPERTYSINGLEVALUE('P6_TaskName',$,IFCLABEL('Ground Floor \X2\2013\X0\ RC Beams and Slab'),$);
#5155=IFCPROPERTYSINGLEVALUE('PlannedStart',$,IFCLABEL('2026-09-01'),$);
#5156=IFCPROPERTYSINGLEVALUE('PlannedFinish',$,IFCLABEL('2026-10-31'),$);
#5157=IFCPROPERTYSINGLEVALUE('Element_Mark',$,IFCLABEL('BM-V-3AB-GF'),$);
#5158=IFCPROPERTYSINGLEVALUE('CostCode_1',$,IFCLABEL('CBS-003'),$);
#5159=IFCPROPERTYSINGLEVALUE('CostCode_2',$,IFCLABEL('CBS-004'),$);
#5160=IFCPROPERTYSINGLEVALUE('UOM',$,IFCLABEL('m\X2\00B3\X0\'),$);
#5161=IFCPROPERTYSINGLEVALUE('PlannedValue',$,IFCREAL(12121.209999999999),$);
#5162=IFCPROPERTYSINGLEVALUE('PVWeight',$,IFCREAL(0.030303),$);
#5163=IFCPROPERTYSINGLEVALUE('ElementsInTask',$,IFCINTEGER(33),$);
#5164=IFCPROPERTYSINGLEVALUE('Baseline_Tag',$,IFCLABEL('BL_2026-04'),$);
#5165=IFCPROPERTYSET('01aVpa$ND0Dv2F5ZTBRop4',#6,'Pset_5D',$,(#5150,#5151,#5152,#5153,#5154,#5155,#5156,#5157,#5158,#5159,#5160,#5161,#5162,#5163,#5164));
#5166=IFCRELDEFINESBYPROPERTIES('1WpEwt5sbF59Dd4wmJaRjT',#6,$,$,(#2324),#5165);
#5167=IFCPROPERTYSINGLEVALUE('WBS_Level1',$,IFCLABEL('CONSTRUCTION'),$);
#5168=IFCPROPERTYSINGLEVALUE('WBS_Level2',$,IFCLABEL('GROUND-FLOOR'),$);
#5169=IFCPROPERTYSINGLEVALUE('WBS_Level4',$,IFCLABEL('PKG-FRAME-GF'),$);
#5170=IFCPROPERTYSINGLEVALUE('P6_ActivityID',$,IFCLABEL('A003'),$);
#5171=IFCPROPERTYSINGLEVALUE('P6_TaskName',$,IFCLABEL('Ground Floor \X2\2013\X0\ RC Beams and Slab'),$);
#5172=IFCPROPERTYSINGLEVALUE('PlannedStart',$,IFCLABEL('2026-09-01'),$);
#5173=IFCPROPERTYSINGLEVALUE('PlannedFinish',$,IFCLABEL('2026-10-31'),$);
#5174=IFCPROPERTYSINGLEVALUE('Element_Mark',$,IFCLABEL('BM-V-3BC-GF'),$);
#5175=IFCPROPERTYSINGLEVALUE('CostCode_1',$,IFCLABEL('CBS-003'),$);
#5176=IFCPROPERTYSINGLEVALUE('CostCode_2',$,IFCLABEL('CBS-004'),$);
#5177=IFCPROPERTYSINGLEVALUE('UOM',$,IFCLABEL('m\X2\00B3\X0\'),$);
#5178=IFCPROPERTYSINGLEVALUE('PlannedValue',$,IFCREAL(12121.209999999999),$);
#5179=IFCPROPERTYSINGLEVALUE('PVWeight',$,IFCREAL(0.030303),$);
#5180=IFCPROPERTYSINGLEVALUE('ElementsInTask',$,IFCINTEGER(33),$);
#5181=IFCPROPERTYSINGLEVALUE('Baseline_Tag',$,IFCLABEL('BL_2026-04'),$);
#5182=IFCPROPERTYSET('1xHYsKCu1Caf9j_0s$HP_W',#6,'Pset_5D',$,(#5167,#5168,#5169,#5170,#5171,#5172,#5173,#5174,#5175,#5176,#5177,#5178,#5179,#5180,#5181));
#5183=IFCRELDEFINESBYPROPERTIES('0KweCbcUP9Qwjg3NTpIVg5',#6,$,$,(#2352),#5182);
#5184=IFCPROPERTYSINGLEVALUE('WBS_Level1',$,IFCLABEL('CONSTRUCTION'),$);
#5185=IFCPROPERTYSINGLEVALUE('WBS_Level2',$,IFCLABEL('GROUND-FLOOR'),$);
#5186=IFCPROPERTYSINGLEVALUE('WBS_Level4',$,IFCLABEL('PKG-FRAME-GF'),$);
#5187=IFCPROPERTYSINGLEVALUE('P6_ActivityID',$,IFCLABEL('A003'),$);
#5188=IFCPROPERTYSINGLEVALUE('P6_TaskName',$,IFCLABEL('Ground Floor \X2\2013\X0\ RC Beams and Slab'),$);
#5189=IFCPROPERTYSINGLEVALUE('PlannedStart',$,IFCLABEL('2026-09-01'),$);
#5190=IFCPROPERTYSINGLEVALUE('PlannedFinish',$,IFCLABEL('2026-10-31'),$);
#5191=IFCPROPERTYSINGLEVALUE('Element_Mark',$,IFCLABEL('BM-V-3CD-GF'),$);
#5192=IFCPROPERTYSINGLEVALUE('CostCode_1',$,IFCLABEL('CBS-003'),$);
#5193=IFCPROPERTYSINGLEVALUE('CostCode_2',$,IFCLABEL('CBS-004'),$);
#5194=IFCPROPERTYSINGLEVALUE('UOM',$,IFCLABEL('m\X2\00B3\X0\'),$);
#5195=IFCPROPERTYSINGLEVALUE('PlannedValue',$,IFCREAL(12121.209999999999),$);
#5196=IFCPROPERTYSINGLEVALUE('PVWeight',$,IFCREAL(0.030303),$);
#5197=IFCPROPERTYSINGLEVALUE('ElementsInTask',$,IFCINTEGER(33),$);
#5198=IFCPROPERTYSINGLEVALUE('Baseline_Tag',$,IFCLABEL('BL_2026-04'),$);
#5199=IFCPROPERTYSET('3OlPMoO1bDpBzD2knZ$WwP',#6,'Pset_5D',$,(#5184,#5185,#5186,#5187,#5188,#5189,#5190,#5191,#5192,#5193,#5194,#5195,#5196,#5197,#5198));
#5200=IFCRELDEFINESBYPROPERTIES('3_kqFWsEXDf9rWg_XJrUfQ',#6,$,$,(#2380),#5199);
#5201=IFCPROPERTYSINGLEVALUE('WBS_Level1',$,IFCLABEL('CONSTRUCTION'),$);
#5202=IFCPROPERTYSINGLEVALUE('WBS_Level2',$,IFCLABEL('GROUND-FLOOR'),$);
#5203=IFCPROPERTYSINGLEVALUE('WBS_Level4',$,IFCLABEL('PKG-FRAME-GF'),$);
#5204=IFCPROPERTYSINGLEVALUE('P6_ActivityID',$,IFCLABEL('A003'),$);
#5205=IFCPROPERTYSINGLEVALUE('P6_TaskName',$,IFCLABEL('Ground Floor \X2\2013\X0\ RC Beams and Slab'),$);
#5206=IFCPROPERTYSINGLEVALUE('PlannedStart',$,IFCLABEL('2026-09-01'),$);
#5207=IFCPROPERTYSINGLEVALUE('PlannedFinish',$,IFCLABEL('2026-10-31'),$);
#5208=IFCPROPERTYSINGLEVALUE('Element_Mark',$,IFCLABEL('BM-V-4AB-GF'),$);
#5209=IFCPROPERTYSINGLEVALUE('CostCode_1',$,IFCLABEL('CBS-003'),$);
#5210=IFCPROPERTYSINGLEVALUE('CostCode_2',$,IFCLABEL('CBS-004'),$);
#5211=IFCPROPERTYSINGLEVALUE('UOM',$,IFCLABEL('m\X2\00B3\X0\'),$);
#5212=IFCPROPERTYSINGLEVALUE('PlannedValue',$,IFCREAL(12121.209999999999),$);
#5213=IFCPROPERTYSINGLEVALUE('PVWeight',$,IFCREAL(0.030303),$);
#5214=IFCPROPERTYSINGLEVALUE('ElementsInTask',$,IFCINTEGER(33),$);
#5215=IFCPROPERTYSINGLEVALUE('Baseline_Tag',$,IFCLABEL('BL_2026-04'),$);
#5216=IFCPROPERTYSET('2Ok3jCOg9FfOoNcIAw63UP',#6,'Pset_5D',$,(#5201,#5202,#5203,#5204,#5205,#5206,#5207,#5208,#5209,#5210,#5211,#5212,#5213,#5214,#5215));
#5217=IFCRELDEFINESBYPROPERTIES('1UjCkOEU5CruTRUi_Iixnd',#6,$,$,(#2408),#5216);
#5218=IFCPROPERTYSINGLEVALUE('WBS_Level1',$,IFCLABEL('CONSTRUCTION'),$);
#5219=IFCPROPERTYSINGLEVALUE('WBS_Level2',$,IFCLABEL('GROUND-FLOOR'),$);
#5220=IFCPROPERTYSINGLEVALUE('WBS_Level4',$,IFCLABEL('PKG-FRAME-GF'),$);
#5221=IFCPROPERTYSINGLEVALUE('P6_ActivityID',$,IFCLABEL('A003'),$);
#5222=IFCPROPERTYSINGLEVALUE('P6_TaskName',$,IFCLABEL('Ground Floor \X2\2013\X0\ RC Beams and Slab'),$);
#5223=IFCPROPERTYSINGLEVALUE('PlannedStart',$,IFCLABEL('2026-09-01'),$);
#5224=IFCPROPERTYSINGLEVALUE('PlannedFinish',$,IFCLABEL('2026-10-31'),$);
#5225=IFCPROPERTYSINGLEVALUE('Element_Mark',$,IFCLABEL('BM-V-4BC-GF'),$);
#5226=IFCPROPERTYSINGLEVALUE('CostCode_1',$,IFCLABEL('CBS-003'),$);
#5227=IFCPROPERTYSINGLEVALUE('CostCode_2',$,IFCLABEL('CBS-004'),$);
#5228=IFCPROPERTYSINGLEVALUE('UOM',$,IFCLABEL('m\X2\00B3\X0\'),$);
#5229=IFCPROPERTYSINGLEVALUE('PlannedValue',$,IFCREAL(12121.209999999999),$);
#5230=IFCPROPERTYSINGLEVALUE('PVWeight',$,IFCREAL(0.030303),$);
#5231=IFCPROPERTYSINGLEVALUE('ElementsInTask',$,IFCINTEGER(33),$);
#5232=IFCPROPERTYSINGLEVALUE('Baseline_Tag',$,IFCLABEL('BL_2026-04'),$);
#5233=IFCPROPERTYSET('391B4yILD4XPVQlF8yFymA',#6,'Pset_5D',$,(#5218,#5219,#5220,#5221,#5222,#5223,#5224,#5225,#5226,#5227,#5228,#5229,#5230,#5231,#5232));
#5234=IFCRELDEFINESBYPROPERTIES('2CRNeXmvbD$x0T$_KZiXnT',#6,$,$,(#2436),#5233);
#5235=IFCPROPERTYSINGLEVALUE('WBS_Level1',$,IFCLABEL('CONSTRUCTION'),$);
#5236=IFCPROPERTYSINGLEVALUE('WBS_Level2',$,IFCLABEL('GROUND-FLOOR'),$);
#5237=IFCPROPERTYSINGLEVALUE('WBS_Level4',$,IFCLABEL('PKG-FRAME-GF'),$);
#5238=IFCPROPERTYSINGLEVALUE('P6_ActivityID',$,IFCLABEL('A003'),$);
#5239=IFCPROPERTYSINGLEVALUE('P6_TaskName',$,IFCLABEL('Ground Floor \X2\2013\X0\ RC Beams and Slab'),$);
#5240=IFCPROPERTYSINGLEVALUE('PlannedStart',$,IFCLABEL('2026-09-01'),$);
#5241=IFCPROPERTYSINGLEVALUE('PlannedFinish',$,IFCLABEL('2026-10-31'),$);
#5242=IFCPROPERTYSINGLEVALUE('Element_Mark',$,IFCLABEL('BM-V-4CD-GF'),$);
#5243=IFCPROPERTYSINGLEVALUE('CostCode_1',$,IFCLABEL('CBS-003'),$);
#5244=IFCPROPERTYSINGLEVALUE('CostCode_2',$,IFCLABEL('CBS-004'),$);
#5245=IFCPROPERTYSINGLEVALUE('UOM',$,IFCLABEL('m\X2\00B3\X0\'),$);
#5246=IFCPROPERTYSINGLEVALUE('PlannedValue',$,IFCREAL(12121.209999999999),$);
#5247=IFCPROPERTYSINGLEVALUE('PVWeight',$,IFCREAL(0.030303),$);
#5248=IFCPROPERTYSINGLEVALUE('ElementsInTask',$,IFCINTEGER(33),$);
#5249=IFCPROPERTYSINGLEVALUE('Baseline_Tag',$,IFCLABEL('BL_2026-04'),$);
#5250=IFCPROPERTYSET('0No4oD5YXF_wfbhVjAT5cD',#6,'Pset_5D',$,(#5235,#5236,#5237,#5238,#5239,#5240,#5241,#5242,#5243,#5244,#5245,#5246,#5247,#5248,#5249));
#5251=IFCRELDEFINESBYPROPERTIES('0Ux1WlwYj8yw5eUHXbaf2M',#6,$,$,(#2464),#5250);
#5252=IFCPROPERTYSINGLEVALUE('WBS_Level1',$,IFCLABEL('CONSTRUCTION'),$);
#5253=IFCPROPERTYSINGLEVALUE('WBS_Level2',$,IFCLABEL('LEVEL-1'),$);
#5254=IFCPROPERTYSINGLEVALUE('WBS_Level4',$,IFCLABEL('PKG-FRAME-L1'),$);
#5255=IFCPROPERTYSINGLEVALUE('P6_ActivityID',$,IFCLABEL('A005'),$);
#5256=IFCPROPERTYSINGLEVALUE('P6_TaskName',$,IFCLABEL('Level 1 \X2\2013\X0\ RC Beams and Slab'),$);
#5257=IFCPROPERTYSINGLEVALUE('PlannedStart',$,IFCLABEL('2026-12-01'),$);
#5258=IFCPROPERTYSINGLEVALUE('PlannedFinish',$,IFCLABEL('2027-01-31'),$);
#5259=IFCPROPERTYSINGLEVALUE('Element_Mark',$,IFCLABEL('BM-H-A12-L1'),$);
#5260=IFCPROPERTYSINGLEVALUE('CostCode_1',$,IFCLABEL('CBS-003'),$);
#5261=IFCPROPERTYSINGLEVALUE('CostCode_2',$,IFCLABEL('CBS-004'),$);
#5262=IFCPROPERTYSINGLEVALUE('UOM',$,IFCLABEL('m\X2\00B3\X0\'),$);
#5263=IFCPROPERTYSINGLEVALUE('PlannedValue',$,IFCREAL(10757.58),$);
#5264=IFCPROPERTYSINGLEVALUE('PVWeight',$,IFCREAL(0.030303),$);
#5265=IFCPROPERTYSINGLEVALUE('ElementsInTask',$,IFCINTEGER(33),$);
#5266=IFCPROPERTYSINGLEVALUE('Baseline_Tag',$,IFCLABEL('BL_2026-04'),$);
#5267=IFCPROPERTYSET('2xFM_kXsr4UPS8llfuOZOe',#6,'Pset_5D',$,(#5252,#5253,#5254,#5255,#5256,#5257,#5258,#5259,#5260,#5261,#5262,#5263,#5264,#5265,#5266));
#5268=IFCRELDEFINESBYPROPERTIES('04$MTVQpTC8QWEuCFIOXev',#6,$,$,(#2492),#5267);
#5269=IFCPROPERTYSINGLEVALUE('WBS_Level1',$,IFCLABEL('CONSTRUCTION'),$);
#5270=IFCPROPERTYSINGLEVALUE('WBS_Level2',$,IFCLABEL('LEVEL-1'),$);
#5271=IFCPROPERTYSINGLEVALUE('WBS_Level4',$,IFCLABEL('PKG-FRAME-L1'),$);
#5272=IFCPROPERTYSINGLEVALUE('P6_ActivityID',$,IFCLABEL('A005'),$);
#5273=IFCPROPERTYSINGLEVALUE('P6_TaskName',$,IFCLABEL('Level 1 \X2\2013\X0\ RC Beams and Slab'),$);
#5274=IFCPROPERTYSINGLEVALUE('PlannedStart',$,IFCLABEL('2026-12-01'),$);
#5275=IFCPROPERTYSINGLEVALUE('PlannedFinish',$,IFCLABEL('2027-01-31'),$);
#5276=IFCPROPERTYSINGLEVALUE('Element_Mark',$,IFCLABEL('BM-H-A23-L1'),$);
#5277=IFCPROPERTYSINGLEVALUE('CostCode_1',$,IFCLABEL('CBS-003'),$);
#5278=IFCPROPERTYSINGLEVALUE('CostCode_2',$,IFCLABEL('CBS-004'),$);
#5279=IFCPROPERTYSINGLEVALUE('UOM',$,IFCLABEL('m\X2\00B3\X0\'),$);
#5280=IFCPROPERTYSINGLEVALUE('PlannedValue',$,IFCREAL(10757.58),$);
#5281=IFCPROPERTYSINGLEVALUE('PVWeight',$,IFCREAL(0.030303),$);
#5282=IFCPROPERTYSINGLEVALUE('ElementsInTask',$,IFCINTEGER(33),$);
#5283=IFCPROPERTYSINGLEVALUE('Baseline_Tag',$,IFCLABEL('BL_2026-04'),$);
#5284=IFCPROPERTYSET('0zqch3aPDFEOxoZHItbtrg',#6,'Pset_5D',$,(#5269,#5270,#5271,#5272,#5273,#5274,#5275,#5276,#5277,#5278,#5279,#5280,#5281,#5282,#5283));
#5285=IFCRELDEFINESBYPROPERTIES('25RxgDnQL2CukN2EbgXxkW',#6,$,$,(#2520),#5284);
#5286=IFCPROPERTYSINGLEVALUE('WBS_Level1',$,IFCLABEL('CONSTRUCTION'),$);
#5287=IFCPROPERTYSINGLEVALUE('WBS_Level2',$,IFCLABEL('LEVEL-1'),$);
#5288=IFCPROPERTYSINGLEVALUE('WBS_Level4',$,IFCLABEL('PKG-FRAME-L1'),$);
#5289=IFCPROPERTYSINGLEVALUE('P6_ActivityID',$,IFCLABEL('A005'),$);
#5290=IFCPROPERTYSINGLEVALUE('P6_TaskName',$,IFCLABEL('Level 1 \X2\2013\X0\ RC Beams and Slab'),$);
#5291=IFCPROPERTYSINGLEVALUE('PlannedStart',$,IFCLABEL('2026-12-01'),$);
#5292=IFCPROPERTYSINGLEVALUE('PlannedFinish',$,IFCLABEL('2027-01-31'),$);
#5293=IFCPROPERTYSINGLEVALUE('Element_Mark',$,IFCLABEL('BM-H-A34-L1'),$);
#5294=IFCPROPERTYSINGLEVALUE('CostCode_1',$,IFCLABEL('CBS-003'),$);
#5295=IFCPROPERTYSINGLEVALUE('CostCode_2',$,IFCLABEL('CBS-004'),$);
#5296=IFCPROPERTYSINGLEVALUE('UOM',$,IFCLABEL('m\X2\00B3\X0\'),$);
#5297=IFCPROPERTYSINGLEVALUE('PlannedValue',$,IFCREAL(10757.58),$);
#5298=IFCPROPERTYSINGLEVALUE('PVWeight',$,IFCREAL(0.030303),$);
#5299=IFCPROPERTYSINGLEVALUE('ElementsInTask',$,IFCINTEGER(33),$);
#5300=IFCPROPERTYSINGLEVALUE('Baseline_Tag',$,IFCLABEL('BL_2026-04'),$);
#5301=IFCPROPERTYSET('3y_k9OLTH8su2p4VBzSbsX',#6,'Pset_5D',$,(#5286,#5287,#5288,#5289,#5290,#5291,#5292,#5293,#5294,#5295,#5296,#5297,#5298,#5299,#5300));
#5302=IFCRELDEFINESBYPROPERTIES('1DjQAHLdL9UREVPQuTd2DY',#6,$,$,(#2548),#5301);
#5303=IFCPROPERTYSINGLEVALUE('WBS_Level1',$,IFCLABEL('CONSTRUCTION'),$);
#5304=IFCPROPERTYSINGLEVALUE('WBS_Level2',$,IFCLABEL('LEVEL-1'),$);
#5305=IFCPROPERTYSINGLEVALUE('WBS_Level4',$,IFCLABEL('PKG-FRAME-L1'),$);
#5306=IFCPROPERTYSINGLEVALUE('P6_ActivityID',$,IFCLABEL('A005'),$);
#5307=IFCPROPERTYSINGLEVALUE('P6_TaskName',$,IFCLABEL('Level 1 \X2\2013\X0\ RC Beams and Slab'),$);
#5308=IFCPROPERTYSINGLEVALUE('PlannedStart',$,IFCLABEL('2026-12-01'),$);
#5309=IFCPROPERTYSINGLEVALUE('PlannedFinish',$,IFCLABEL('2027-01-31'),$);
#5310=IFCPROPERTYSINGLEVALUE('Element_Mark',$,IFCLABEL('BM-H-B12-L1'),$);
#5311=IFCPROPERTYSINGLEVALUE('CostCode_1',$,IFCLABEL('CBS-003'),$);
#5312=IFCPROPERTYSINGLEVALUE('CostCode_2',$,IFCLABEL('CBS-004'),$);
#5313=IFCPROPERTYSINGLEVALUE('UOM',$,IFCLABEL('m\X2\00B3\X0\'),$);
#5314=IFCPROPERTYSINGLEVALUE('PlannedValue',$,IFCREAL(10757.58),$);
#5315=IFCPROPERTYSINGLEVALUE('PVWeight',$,IFCREAL(0.030303),$);
#5316=IFCPROPERTYSINGLEVALUE('ElementsInTask',$,IFCINTEGER(33),$);
#5317=IFCPROPERTYSINGLEVALUE('Baseline_Tag',$,IFCLABEL('BL_2026-04'),$);
#5318=IFCPROPERTYSET('1TEKZN6TH3cPHjBGcDVM9v',#6,'Pset_5D',$,(#5303,#5304,#5305,#5306,#5307,#5308,#5309,#5310,#5311,#5312,#5313,#5314,#5315,#5316,#5317));
#5319=IFCRELDEFINESBYPROPERTIES('3TkfKLMZPALfshEhoADkMJ',#6,$,$,(#2576),#5318);
#5320=IFCPROPERTYSINGLEVALUE('WBS_Level1',$,IFCLABEL('CONSTRUCTION'),$);
#5321=IFCPROPERTYSINGLEVALUE('WBS_Level2',$,IFCLABEL('LEVEL-1'),$);
#5322=IFCPROPERTYSINGLEVALUE('WBS_Level4',$,IFCLABEL('PKG-FRAME-L1'),$);
#5323=IFCPROPERTYSINGLEVALUE('P6_ActivityID',$,IFCLABEL('A005'),$);
#5324=IFCPROPERTYSINGLEVALUE('P6_TaskName',$,IFCLABEL('Level 1 \X2\2013\X0\ RC Beams and Slab'),$);
#5325=IFCPROPERTYSINGLEVALUE('PlannedStart',$,IFCLABEL('2026-12-01'),$);
#5326=IFCPROPERTYSINGLEVALUE('PlannedFinish',$,IFCLABEL('2027-01-31'),$);
#5327=IFCPROPERTYSINGLEVALUE('Element_Mark',$,IFCLABEL('BM-H-B23-L1'),$);
#5328=IFCPROPERTYSINGLEVALUE('CostCode_1',$,IFCLABEL('CBS-003'),$);
#5329=IFCPROPERTYSINGLEVALUE('CostCode_2',$,IFCLABEL('CBS-004'),$);
#5330=IFCPROPERTYSINGLEVALUE('UOM',$,IFCLABEL('m\X2\00B3\X0\'),$);
#5331=IFCPROPERTYSINGLEVALUE('PlannedValue',$,IFCREAL(10757.58),$);
#5332=IFCPROPERTYSINGLEVALUE('PVWeight',$,IFCREAL(0.030303),$);
#5333=IFCPROPERTYSINGLEVALUE('ElementsInTask',$,IFCINTEGER(33),$);
#5334=IFCPROPERTYSINGLEVALUE('Baseline_Tag',$,IFCLABEL('BL_2026-04'),$);
#5335=IFCPROPERTYSET('17$BZeKJnFw9s6yO71pK$4',#6,'Pset_5D',$,(#5320,#5321,#5322,#5323,#5324,#5325,#5326,#5327,#5328,#5329,#5330,#5331,#5332,#5333,#5334));
#5336=IFCRELDEFINESBYPROPERTIES('0aYeAP8uz8_P96S_qJrPGx',#6,$,$,(#2604),#5335);
#5337=IFCPROPERTYSINGLEVALUE('WBS_Level1',$,IFCLABEL('CONSTRUCTION'),$);
#5338=IFCPROPERTYSINGLEVALUE('WBS_Level2',$,IFCLABEL('LEVEL-1'),$);
#5339=IFCPROPERTYSINGLEVALUE('WBS_Level4',$,IFCLABEL('PKG-FRAME-L1'),$);
#5340=IFCPROPERTYSINGLEVALUE('P6_ActivityID',$,IFCLABEL('A005'),$);
#5341=IFCPROPERTYSINGLEVALUE('P6_TaskName',$,IFCLABEL('Level 1 \X2\2013\X0\ RC Beams and Slab'),$);
#5342=IFCPROPERTYSINGLEVALUE('PlannedStart',$,IFCLABEL('2026-12-01'),$);
#5343=IFCPROPERTYSINGLEVALUE('PlannedFinish',$,IFCLABEL('2027-01-31'),$);
#5344=IFCPROPERTYSINGLEVALUE('Element_Mark',$,IFCLABEL('BM-H-B34-L1'),$);
#5345=IFCPROPERTYSINGLEVALUE('CostCode_1',$,IFCLABEL('CBS-003'),$);
#5346=IFCPROPERTYSINGLEVALUE('CostCode_2',$,IFCLABEL('CBS-004'),$);
#5347=IFCPROPERTYSINGLEVALUE('UOM',$,IFCLABEL('m\X2\00B3\X0\'),$);
#5348=IFCPROPERTYSINGLEVALUE('PlannedValue',$,IFCREAL(10757.58),$);
#5349=IFCPROPERTYSINGLEVALUE('PVWeight',$,IFCREAL(0.030303),$);
#5350=IFCPROPERTYSINGLEVALUE('ElementsInTask',$,IFCINTEGER(33),$);
#5351=IFCPROPERTYSINGLEVALUE('Baseline_Tag',$,IFCLABEL('BL_2026-04'),$);
#5352=IFCPROPERTYSET('2kWunOl4z7cQcx_U_ct_Ll',#6,'Pset_5D',$,(#5337,#5338,#5339,#5340,#5341,#5342,#5343,#5344,#5345,#5346,#5347,#5348,#5349,#5350,#5351));
#5353=IFCRELDEFINESBYPROPERTIES('30zOKPcmvFwftEsEWiYXcP',#6,$,$,(#2632),#5352);
#5354=IFCPROPERTYSINGLEVALUE('WBS_Level1',$,IFCLABEL('CONSTRUCTION'),$);
#5355=IFCPROPERTYSINGLEVALUE('WBS_Level2',$,IFCLABEL('LEVEL-1'),$);
#5356=IFCPROPERTYSINGLEVALUE('WBS_Level4',$,IFCLABEL('PKG-FRAME-L1'),$);
#5357=IFCPROPERTYSINGLEVALUE('P6_ActivityID',$,IFCLABEL('A005'),$);
#5358=IFCPROPERTYSINGLEVALUE('P6_TaskName',$,IFCLABEL('Level 1 \X2\2013\X0\ RC Beams and Slab'),$);
#5359=IFCPROPERTYSINGLEVALUE('PlannedStart',$,IFCLABEL('2026-12-01'),$);
#5360=IFCPROPERTYSINGLEVALUE('PlannedFinish',$,IFCLABEL('2027-01-31'),$);
#5361=IFCPROPERTYSINGLEVALUE('Element_Mark',$,IFCLABEL('BM-H-C12-L1'),$);
#5362=IFCPROPERTYSINGLEVALUE('CostCode_1',$,IFCLABEL('CBS-003'),$);
#5363=IFCPROPERTYSINGLEVALUE('CostCode_2',$,IFCLABEL('CBS-004'),$);
#5364=IFCPROPERTYSINGLEVALUE('UOM',$,IFCLABEL('m\X2\00B3\X0\'),$);
#5365=IFCPROPERTYSINGLEVALUE('PlannedValue',$,IFCREAL(10757.58),$);
#5366=IFCPROPERTYSINGLEVALUE('PVWeight',$,IFCREAL(0.030303),$);
#5367=IFCPROPERTYSINGLEVALUE('ElementsInTask',$,IFCINTEGER(33),$);
#5368=IFCPROPERTYSINGLEVALUE('Baseline_Tag',$,IFCLABEL('BL_2026-04'),$);
#5369=IFCPROPERTYSET('3uk0XV6QfDRvuSAbx5N9iN',#6,'Pset_5D',$,(#5354,#5355,#5356,#5357,#5358,#5359,#5360,#5361,#5362,#5363,#5364,#5365,#5366,#5367,#5368));
#5370=IFCRELDEFINESBYPROPERTIES('13KV1xecT2puIDf7Z36hlv',#6,$,$,(#2660),#5369);
#5371=IFCPROPERTYSINGLEVALUE('WBS_Level1',$,IFCLABEL('CONSTRUCTION'),$);
#5372=IFCPROPERTYSINGLEVALUE('WBS_Level2',$,IFCLABEL('LEVEL-1'),$);
#5373=IFCPROPERTYSINGLEVALUE('WBS_Level4',$,IFCLABEL('PKG-FRAME-L1'),$);
#5374=IFCPROPERTYSINGLEVALUE('P6_ActivityID',$,IFCLABEL('A005'),$);
#5375=IFCPROPERTYSINGLEVALUE('P6_TaskName',$,IFCLABEL('Level 1 \X2\2013\X0\ RC Beams and Slab'),$);
#5376=IFCPROPERTYSINGLEVALUE('PlannedStart',$,IFCLABEL('2026-12-01'),$);
#5377=IFCPROPERTYSINGLEVALUE('PlannedFinish',$,IFCLABEL('2027-01-31'),$);
#5378=IFCPROPERTYSINGLEVALUE('Element_Mark',$,IFCLABEL('BM-H-C23-L1'),$);
#5379=IFCPROPERTYSINGLEVALUE('CostCode_1',$,IFCLABEL('CBS-003'),$);
#5380=IFCPROPERTYSINGLEVALUE('CostCode_2',$,IFCLABEL('CBS-004'),$);
#5381=IFCPROPERTYSINGLEVALUE('UOM',$,IFCLABEL('m\X2\00B3\X0\'),$);
#5382=IFCPROPERTYSINGLEVALUE('PlannedValue',$,IFCREAL(10757.58),$);
#5383=IFCPROPERTYSINGLEVALUE('PVWeight',$,IFCREAL(0.030303),$);
#5384=IFCPROPERTYSINGLEVALUE('ElementsInTask',$,IFCINTEGER(33),$);
#5385=IFCPROPERTYSINGLEVALUE('Baseline_Tag',$,IFCLABEL('BL_2026-04'),$);
#5386=IFCPROPERTYSET('0aWSEFA6D7kA6tZExPGJuy',#6,'Pset_5D',$,(#5371,#5372,#5373,#5374,#5375,#5376,#5377,#5378,#5379,#5380,#5381,#5382,#5383,#5384,#5385));
#5387=IFCRELDEFINESBYPROPERTIES('2fV$V3ocr2CPvn8EtJi5zo',#6,$,$,(#2688),#5386);
#5388=IFCPROPERTYSINGLEVALUE('WBS_Level1',$,IFCLABEL('CONSTRUCTION'),$);
#5389=IFCPROPERTYSINGLEVALUE('WBS_Level2',$,IFCLABEL('LEVEL-1'),$);
#5390=IFCPROPERTYSINGLEVALUE('WBS_Level4',$,IFCLABEL('PKG-FRAME-L1'),$);
#5391=IFCPROPERTYSINGLEVALUE('P6_ActivityID',$,IFCLABEL('A005'),$);
#5392=IFCPROPERTYSINGLEVALUE('P6_TaskName',$,IFCLABEL('Level 1 \X2\2013\X0\ RC Beams and Slab'),$);
#5393=IFCPROPERTYSINGLEVALUE('PlannedStart',$,IFCLABEL('2026-12-01'),$);
#5394=IFCPROPERTYSINGLEVALUE('PlannedFinish',$,IFCLABEL('2027-01-31'),$);
#5395=IFCPROPERTYSINGLEVALUE('Element_Mark',$,IFCLABEL('BM-H-C34-L1'),$);
#5396=IFCPROPERTYSINGLEVALUE('CostCode_1',$,IFCLABEL('CBS-003'),$);
#5397=IFCPROPERTYSINGLEVALUE('CostCode_2',$,IFCLABEL('CBS-004'),$);
#5398=IFCPROPERTYSINGLEVALUE('UOM',$,IFCLABEL('m\X2\00B3\X0\'),$);
#5399=IFCPROPERTYSINGLEVALUE('PlannedValue',$,IFCREAL(10757.58),$);
#5400=IFCPROPERTYSINGLEVALUE('PVWeight',$,IFCREAL(0.030303),$);
#5401=IFCPROPERTYSINGLEVALUE('ElementsInTask',$,IFCINTEGER(33),$);
#5402=IFCPROPERTYSINGLEVALUE('Baseline_Tag',$,IFCLABEL('BL_2026-04'),$);
#5403=IFCPROPERTYSET('0upzXJIb1AewA$KJlXf01O',#6,'Pset_5D',$,(#5388,#5389,#5390,#5391,#5392,#5393,#5394,#5395,#5396,#5397,#5398,#5399,#5400,#5401,#5402));
#5404=IFCRELDEFINESBYPROPERTIES('2O5YEWpYLAIfmkGAY5dtz1',#6,$,$,(#2716),#5403);
#5405=IFCPROPERTYSINGLEVALUE('WBS_Level1',$,IFCLABEL('CONSTRUCTION'),$);
#5406=IFCPROPERTYSINGLEVALUE('WBS_Level2',$,IFCLABEL('LEVEL-1'),$);
#5407=IFCPROPERTYSINGLEVALUE('WBS_Level4',$,IFCLABEL('PKG-FRAME-L1'),$);
#5408=IFCPROPERTYSINGLEVALUE('P6_ActivityID',$,IFCLABEL('A005'),$);
#5409=IFCPROPERTYSINGLEVALUE('P6_TaskName',$,IFCLABEL('Level 1 \X2\2013\X0\ RC Beams and Slab'),$);
#5410=IFCPROPERTYSINGLEVALUE('PlannedStart',$,IFCLABEL('2026-12-01'),$);
#5411=IFCPROPERTYSINGLEVALUE('PlannedFinish',$,IFCLABEL('2027-01-31'),$);
#5412=IFCPROPERTYSINGLEVALUE('Element_Mark',$,IFCLABEL('BM-H-D12-L1'),$);
#5413=IFCPROPERTYSINGLEVALUE('CostCode_1',$,IFCLABEL('CBS-003'),$);
#5414=IFCPROPERTYSINGLEVALUE('CostCode_2',$,IFCLABEL('CBS-004'),$);
#5415=IFCPROPERTYSINGLEVALUE('UOM',$,IFCLABEL('m\X2\00B3\X0\'),$);
#5416=IFCPROPERTYSINGLEVALUE('PlannedValue',$,IFCREAL(10757.58),$);
#5417=IFCPROPERTYSINGLEVALUE('PVWeight',$,IFCREAL(0.030303),$);
#5418=IFCPROPERTYSINGLEVALUE('ElementsInTask',$,IFCINTEGER(33),$);
#5419=IFCPROPERTYSINGLEVALUE('Baseline_Tag',$,IFCLABEL('BL_2026-04'),$);
#5420=IFCPROPERTYSET('1Iq1ignDz41uVd2XBRkYsD',#6,'Pset_5D',$,(#5405,#5406,#5407,#5408,#5409,#5410,#5411,#5412,#5413,#5414,#5415,#5416,#5417,#5418,#5419));
#5421=IFCRELDEFINESBYPROPERTIES('3DVfU9ljz1dBIEG8TQ1GIb',#6,$,$,(#2744),#5420);
#5422=IFCPROPERTYSINGLEVALUE('WBS_Level1',$,IFCLABEL('CONSTRUCTION'),$);
#5423=IFCPROPERTYSINGLEVALUE('WBS_Level2',$,IFCLABEL('LEVEL-1'),$);
#5424=IFCPROPERTYSINGLEVALUE('WBS_Level4',$,IFCLABEL('PKG-FRAME-L1'),$);
#5425=IFCPROPERTYSINGLEVALUE('P6_ActivityID',$,IFCLABEL('A005'),$);
#5426=IFCPROPERTYSINGLEVALUE('P6_TaskName',$,IFCLABEL('Level 1 \X2\2013\X0\ RC Beams and Slab'),$);
#5427=IFCPROPERTYSINGLEVALUE('PlannedStart',$,IFCLABEL('2026-12-01'),$);
#5428=IFCPROPERTYSINGLEVALUE('PlannedFinish',$,IFCLABEL('2027-01-31'),$);
#5429=IFCPROPERTYSINGLEVALUE('Element_Mark',$,IFCLABEL('BM-H-D23-L1'),$);
#5430=IFCPROPERTYSINGLEVALUE('CostCode_1',$,IFCLABEL('CBS-003'),$);
#5431=IFCPROPERTYSINGLEVALUE('CostCode_2',$,IFCLABEL('CBS-004'),$);
#5432=IFCPROPERTYSINGLEVALUE('UOM',$,IFCLABEL('m\X2\00B3\X0\'),$);
#5433=IFCPROPERTYSINGLEVALUE('PlannedValue',$,IFCREAL(10757.58),$);
#5434=IFCPROPERTYSINGLEVALUE('PVWeight',$,IFCREAL(0.030303),$);
#5435=IFCPROPERTYSINGLEVALUE('ElementsInTask',$,IFCINTEGER(33),$);
#5436=IFCPROPERTYSINGLEVALUE('Baseline_Tag',$,IFCLABEL('BL_2026-04'),$);
#5437=IFCPROPERTYSET('0RoG8jpZb3yekzCSBT6M39',#6,'Pset_5D',$,(#5422,#5423,#5424,#5425,#5426,#5427,#5428,#5429,#5430,#5431,#5432,#5433,#5434,#5435,#5436));
#5438=IFCRELDEFINESBYPROPERTIES('31sXbZXgbDwRjD4PCVra1P',#6,$,$,(#2772),#5437);
#5439=IFCPROPERTYSINGLEVALUE('WBS_Level1',$,IFCLABEL('CONSTRUCTION'),$);
#5440=IFCPROPERTYSINGLEVALUE('WBS_Level2',$,IFCLABEL('LEVEL-1'),$);
#5441=IFCPROPERTYSINGLEVALUE('WBS_Level4',$,IFCLABEL('PKG-FRAME-L1'),$);
#5442=IFCPROPERTYSINGLEVALUE('P6_ActivityID',$,IFCLABEL('A005'),$);
#5443=IFCPROPERTYSINGLEVALUE('P6_TaskName',$,IFCLABEL('Level 1 \X2\2013\X0\ RC Beams and Slab'),$);
#5444=IFCPROPERTYSINGLEVALUE('PlannedStart',$,IFCLABEL('2026-12-01'),$);
#5445=IFCPROPERTYSINGLEVALUE('PlannedFinish',$,IFCLABEL('2027-01-31'),$);
#5446=IFCPROPERTYSINGLEVALUE('Element_Mark',$,IFCLABEL('BM-H-D34-L1'),$);
#5447=IFCPROPERTYSINGLEVALUE('CostCode_1',$,IFCLABEL('CBS-003'),$);
#5448=IFCPROPERTYSINGLEVALUE('CostCode_2',$,IFCLABEL('CBS-004'),$);
#5449=IFCPROPERTYSINGLEVALUE('UOM',$,IFCLABEL('m\X2\00B3\X0\'),$);
#5450=IFCPROPERTYSINGLEVALUE('PlannedValue',$,IFCREAL(10757.58),$);
#5451=IFCPROPERTYSINGLEVALUE('PVWeight',$,IFCREAL(0.030303),$);
#5452=IFCPROPERTYSINGLEVALUE('ElementsInTask',$,IFCINTEGER(33),$);
#5453=IFCPROPERTYSINGLEVALUE('Baseline_Tag',$,IFCLABEL('BL_2026-04'),$);
#5454=IFCPROPERTYSET('0UTnmzCPnASxu2HbTGaXKi',#6,'Pset_5D',$,(#5439,#5440,#5441,#5442,#5443,#5444,#5445,#5446,#5447,#5448,#5449,#5450,#5451,#5452,#5453));
#5455=IFCRELDEFINESBYPROPERTIES('2VIUVGsI50leF6RtnWrvij',#6,$,$,(#2800),#5454);
#5456=IFCPROPERTYSINGLEVALUE('WBS_Level1',$,IFCLABEL('CONSTRUCTION'),$);
#5457=IFCPROPERTYSINGLEVALUE('WBS_Level2',$,IFCLABEL('LEVEL-1'),$);
#5458=IFCPROPERTYSINGLEVALUE('WBS_Level4',$,IFCLABEL('PKG-FRAME-L1'),$);
#5459=IFCPROPERTYSINGLEVALUE('P6_ActivityID',$,IFCLABEL('A005'),$);
#5460=IFCPROPERTYSINGLEVALUE('P6_TaskName',$,IFCLABEL('Level 1 \X2\2013\X0\ RC Beams and Slab'),$);
#5461=IFCPROPERTYSINGLEVALUE('PlannedStart',$,IFCLABEL('2026-12-01'),$);
#5462=IFCPROPERTYSINGLEVALUE('PlannedFinish',$,IFCLABEL('2027-01-31'),$);
#5463=IFCPROPERTYSINGLEVALUE('Element_Mark',$,IFCLABEL('BM-V-1AB-L1'),$);
#5464=IFCPROPERTYSINGLEVALUE('CostCode_1',$,IFCLABEL('CBS-003'),$);
#5465=IFCPROPERTYSINGLEVALUE('CostCode_2',$,IFCLABEL('CBS-004'),$);
#5466=IFCPROPERTYSINGLEVALUE('UOM',$,IFCLABEL('m\X2\00B3\X0\'),$);
#5467=IFCPROPERTYSINGLEVALUE('PlannedValue',$,IFCREAL(10757.58),$);
#5468=IFCPROPERTYSINGLEVALUE('PVWeight',$,IFCREAL(0.030303),$);
#5469=IFCPROPERTYSINGLEVALUE('ElementsInTask',$,IFCINTEGER(33),$);
#5470=IFCPROPERTYSINGLEVALUE('Baseline_Tag',$,IFCLABEL('BL_2026-04'),$);
#5471=IFCPROPERTYSET('1JpIDMfF18VxdsREf9Fm95',#6,'Pset_5D',$,(#5456,#5457,#5458,#5459,#5460,#5461,#5462,#5463,#5464,#5465,#5466,#5467,#5468,#5469,#5470));
#5472=IFCRELDEFINESBYPROPERTIES('3wak_xxwDBOei_A4ixGWip',#6,$,$,(#2828),#5471);
#5473=IFCPROPERTYSINGLEVALUE('WBS_Level1',$,IFCLABEL('CONSTRUCTION'),$);
#5474=IFCPROPERTYSINGLEVALUE('WBS_Level2',$,IFCLABEL('LEVEL-1'),$);
#5475=IFCPROPERTYSINGLEVALUE('WBS_Level4',$,IFCLABEL('PKG-FRAME-L1'),$);
#5476=IFCPROPERTYSINGLEVALUE('P6_ActivityID',$,IFCLABEL('A005'),$);
#5477=IFCPROPERTYSINGLEVALUE('P6_TaskName',$,IFCLABEL('Level 1 \X2\2013\X0\ RC Beams and Slab'),$);
#5478=IFCPROPERTYSINGLEVALUE('PlannedStart',$,IFCLABEL('2026-12-01'),$);
#5479=IFCPROPERTYSINGLEVALUE('PlannedFinish',$,IFCLABEL('2027-01-31'),$);
#5480=IFCPROPERTYSINGLEVALUE('Element_Mark',$,IFCLABEL('BM-V-1BC-L1'),$);
#5481=IFCPROPERTYSINGLEVALUE('CostCode_1',$,IFCLABEL('CBS-003'),$);
#5482=IFCPROPERTYSINGLEVALUE('CostCode_2',$,IFCLABEL('CBS-004'),$);
#5483=IFCPROPERTYSINGLEVALUE('UOM',$,IFCLABEL('m\X2\00B3\X0\'),$);
#5484=IFCPROPERTYSINGLEVALUE('PlannedValue',$,IFCREAL(10757.58),$);
#5485=IFCPROPERTYSINGLEVALUE('PVWeight',$,IFCREAL(0.030303),$);
#5486=IFCPROPERTYSINGLEVALUE('ElementsInTask',$,IFCINTEGER(33),$);
#5487=IFCPROPERTYSINGLEVALUE('Baseline_Tag',$,IFCLABEL('BL_2026-04'),$);
#5488=IFCPROPERTYSET('0WI1MvjW10yR8FK7wiwwVp',#6,'Pset_5D',$,(#5473,#5474,#5475,#5476,#5477,#5478,#5479,#5480,#5481,#5482,#5483,#5484,#5485,#5486,#5487));
#5489=IFCRELDEFINESBYPROPERTIES('3QsSl$abf45O9Qbsd5t$08',#6,$,$,(#2856),#5488);
#5490=IFCPROPERTYSINGLEVALUE('WBS_Level1',$,IFCLABEL('CONSTRUCTION'),$);
#5491=IFCPROPERTYSINGLEVALUE('WBS_Level2',$,IFCLABEL('LEVEL-1'),$);
#5492=IFCPROPERTYSINGLEVALUE('WBS_Level4',$,IFCLABEL('PKG-FRAME-L1'),$);
#5493=IFCPROPERTYSINGLEVALUE('P6_ActivityID',$,IFCLABEL('A005'),$);
#5494=IFCPROPERTYSINGLEVALUE('P6_TaskName',$,IFCLABEL('Level 1 \X2\2013\X0\ RC Beams and Slab'),$);
#5495=IFCPROPERTYSINGLEVALUE('PlannedStart',$,IFCLABEL('2026-12-01'),$);
#5496=IFCPROPERTYSINGLEVALUE('PlannedFinish',$,IFCLABEL('2027-01-31'),$);
#5497=IFCPROPERTYSINGLEVALUE('Element_Mark',$,IFCLABEL('BM-V-1CD-L1'),$);
#5498=IFCPROPERTYSINGLEVALUE('CostCode_1',$,IFCLABEL('CBS-003'),$);
#5499=IFCPROPERTYSINGLEVALUE('CostCode_2',$,IFCLABEL('CBS-004'),$);
#5500=IFCPROPERTYSINGLEVALUE('UOM',$,IFCLABEL('m\X2\00B3\X0\'),$);
#5501=IFCPROPERTYSINGLEVALUE('PlannedValue',$,IFCREAL(10757.58),$);
#5502=IFCPROPERTYSINGLEVALUE('PVWeight',$,IFCREAL(0.030303),$);
#5503=IFCPROPERTYSINGLEVALUE('ElementsInTask',$,IFCINTEGER(33),$);
#5504=IFCPROPERTYSINGLEVALUE('Baseline_Tag',$,IFCLABEL('BL_2026-04'),$);
#5505=IFCPROPERTYSET('15iE3MNm13PwCArb132XEx',#6,'Pset_5D',$,(#5490,#5491,#5492,#5493,#5494,#5495,#5496,#5497,#5498,#5499,#5500,#5501,#5502,#5503,#5504));
#5506=IFCRELDEFINESBYPROPERTIES('112ujt8HD5NxdKJbxjTow5',#6,$,$,(#2884),#5505);
#5507=IFCPROPERTYSINGLEVALUE('WBS_Level1',$,IFCLABEL('CONSTRUCTION'),$);
#5508=IFCPROPERTYSINGLEVALUE('WBS_Level2',$,IFCLABEL('LEVEL-1'),$);
#5509=IFCPROPERTYSINGLEVALUE('WBS_Level4',$,IFCLABEL('PKG-FRAME-L1'),$);
#5510=IFCPROPERTYSINGLEVALUE('P6_ActivityID',$,IFCLABEL('A005'),$);
#5511=IFCPROPERTYSINGLEVALUE('P6_TaskName',$,IFCLABEL('Level 1 \X2\2013\X0\ RC Beams and Slab'),$);
#5512=IFCPROPERTYSINGLEVALUE('PlannedStart',$,IFCLABEL('2026-12-01'),$);
#5513=IFCPROPERTYSINGLEVALUE('PlannedFinish',$,IFCLABEL('2027-01-31'),$);
#5514=IFCPROPERTYSINGLEVALUE('Element_Mark',$,IFCLABEL('BM-V-2AB-L1'),$);
#5515=IFCPROPERTYSINGLEVALUE('CostCode_1',$,IFCLABEL('CBS-003'),$);
#5516=IFCPROPERTYSINGLEVALUE('CostCode_2',$,IFCLABEL('CBS-004'),$);
#5517=IFCPROPERTYSINGLEVALUE('UOM',$,IFCLABEL('m\X2\00B3\X0\'),$);
#5518=IFCPROPERTYSINGLEVALUE('PlannedValue',$,IFCREAL(10757.58),$);
#5519=IFCPROPERTYSINGLEVALUE('PVWeight',$,IFCREAL(0.030303),$);
#5520=IFCPROPERTYSINGLEVALUE('ElementsInTask',$,IFCINTEGER(33),$);
#5521=IFCPROPERTYSINGLEVALUE('Baseline_Tag',$,IFCLABEL('BL_2026-04'),$);
#5522=IFCPROPERTYSET('0mAOV8CSn7eODPq9_LnBT1',#6,'Pset_5D',$,(#5507,#5508,#5509,#5510,#5511,#5512,#5513,#5514,#5515,#5516,#5517,#5518,#5519,#5520,#5521));
#5523=IFCRELDEFINESBYPROPERTIES('3rzbcLt$jAfvkZ6fBAFlax',#6,$,$,(#2912),#5522);
#5524=IFCPROPERTYSINGLEVALUE('WBS_Level1',$,IFCLABEL('CONSTRUCTION'),$);
#5525=IFCPROPERTYSINGLEVALUE('WBS_Level2',$,IFCLABEL('LEVEL-1'),$);
#5526=IFCPROPERTYSINGLEVALUE('WBS_Level4',$,IFCLABEL('PKG-FRAME-L1'),$);
#5527=IFCPROPERTYSINGLEVALUE('P6_ActivityID',$,IFCLABEL('A005'),$);
#5528=IFCPROPERTYSINGLEVALUE('P6_TaskName',$,IFCLABEL('Level 1 \X2\2013\X0\ RC Beams and Slab'),$);
#5529=IFCPROPERTYSINGLEVALUE('PlannedStart',$,IFCLABEL('2026-12-01'),$);
#5530=IFCPROPERTYSINGLEVALUE('PlannedFinish',$,IFCLABEL('2027-01-31'),$);
#5531=IFCPROPERTYSINGLEVALUE('Element_Mark',$,IFCLABEL('BM-V-2BC-L1'),$);
#5532=IFCPROPERTYSINGLEVALUE('CostCode_1',$,IFCLABEL('CBS-003'),$);
#5533=IFCPROPERTYSINGLEVALUE('CostCode_2',$,IFCLABEL('CBS-004'),$);
#5534=IFCPROPERTYSINGLEVALUE('UOM',$,IFCLABEL('m\X2\00B3\X0\'),$);
#5535=IFCPROPERTYSINGLEVALUE('PlannedValue',$,IFCREAL(10757.58),$);
#5536=IFCPROPERTYSINGLEVALUE('PVWeight',$,IFCREAL(0.030303),$);
#5537=IFCPROPERTYSINGLEVALUE('ElementsInTask',$,IFCINTEGER(33),$);
#5538=IFCPROPERTYSINGLEVALUE('Baseline_Tag',$,IFCLABEL('BL_2026-04'),$);
#5539=IFCPROPERTYSET('1I3NUSj8vAjO7AZDjh3Cq5',#6,'Pset_5D',$,(#5524,#5525,#5526,#5527,#5528,#5529,#5530,#5531,#5532,#5533,#5534,#5535,#5536,#5537,#5538));
#5540=IFCRELDEFINESBYPROPERTIES('13SjopgojAgPlkCO1q9IBo',#6,$,$,(#2940),#5539);
#5541=IFCPROPERTYSINGLEVALUE('WBS_Level1',$,IFCLABEL('CONSTRUCTION'),$);
#5542=IFCPROPERTYSINGLEVALUE('WBS_Level2',$,IFCLABEL('LEVEL-1'),$);
#5543=IFCPROPERTYSINGLEVALUE('WBS_Level4',$,IFCLABEL('PKG-FRAME-L1'),$);
#5544=IFCPROPERTYSINGLEVALUE('P6_ActivityID',$,IFCLABEL('A005'),$);
#5545=IFCPROPERTYSINGLEVALUE('P6_TaskName',$,IFCLABEL('Level 1 \X2\2013\X0\ RC Beams and Slab'),$);
#5546=IFCPROPERTYSINGLEVALUE('PlannedStart',$,IFCLABEL('2026-12-01'),$);
#5547=IFCPROPERTYSINGLEVALUE('PlannedFinish',$,IFCLABEL('2027-01-31'),$);
#5548=IFCPROPERTYSINGLEVALUE('Element_Mark',$,IFCLABEL('BM-V-2CD-L1'),$);
#5549=IFCPROPERTYSINGLEVALUE('CostCode_1',$,IFCLABEL('CBS-003'),$);
#5550=IFCPROPERTYSINGLEVALUE('CostCode_2',$,IFCLABEL('CBS-004'),$);
#5551=IFCPROPERTYSINGLEVALUE('UOM',$,IFCLABEL('m\X2\00B3\X0\'),$);
#5552=IFCPROPERTYSINGLEVALUE('PlannedValue',$,IFCREAL(10757.58),$);
#5553=IFCPROPERTYSINGLEVALUE('PVWeight',$,IFCREAL(0.030303),$);
#5554=IFCPROPERTYSINGLEVALUE('ElementsInTask',$,IFCINTEGER(33),$);
#5555=IFCPROPERTYSINGLEVALUE('Baseline_Tag',$,IFCLABEL('BL_2026-04'),$);
#5556=IFCPROPERTYSET('2Qk6TA2kP559_FklqwPBNN',#6,'Pset_5D',$,(#5541,#5542,#5543,#5544,#5545,#5546,#5547,#5548,#5549,#5550,#5551,#5552,#5553,#5554,#5555));
#5557=IFCRELDEFINESBYPROPERTIES('1WCu6dePD6owGfu0L1RgvC',#6,$,$,(#2968),#5556);
#5558=IFCPROPERTYSINGLEVALUE('WBS_Level1',$,IFCLABEL('CONSTRUCTION'),$);
#5559=IFCPROPERTYSINGLEVALUE('WBS_Level2',$,IFCLABEL('LEVEL-1'),$);
#5560=IFCPROPERTYSINGLEVALUE('WBS_Level4',$,IFCLABEL('PKG-FRAME-L1'),$);
#5561=IFCPROPERTYSINGLEVALUE('P6_ActivityID',$,IFCLABEL('A005'),$);
#5562=IFCPROPERTYSINGLEVALUE('P6_TaskName',$,IFCLABEL('Level 1 \X2\2013\X0\ RC Beams and Slab'),$);
#5563=IFCPROPERTYSINGLEVALUE('PlannedStart',$,IFCLABEL('2026-12-01'),$);
#5564=IFCPROPERTYSINGLEVALUE('PlannedFinish',$,IFCLABEL('2027-01-31'),$);
#5565=IFCPROPERTYSINGLEVALUE('Element_Mark',$,IFCLABEL('BM-V-3AB-L1'),$);
#5566=IFCPROPERTYSINGLEVALUE('CostCode_1',$,IFCLABEL('CBS-003'),$);
#5567=IFCPROPERTYSINGLEVALUE('CostCode_2',$,IFCLABEL('CBS-004'),$);
#5568=IFCPROPERTYSINGLEVALUE('UOM',$,IFCLABEL('m\X2\00B3\X0\'),$);
#5569=IFCPROPERTYSINGLEVALUE('PlannedValue',$,IFCREAL(10757.58),$);
#5570=IFCPROPERTYSINGLEVALUE('PVWeight',$,IFCREAL(0.030303),$);
#5571=IFCPROPERTYSINGLEVALUE('ElementsInTask',$,IFCINTEGER(33),$);
#5572=IFCPROPERTYSINGLEVALUE('Baseline_Tag',$,IFCLABEL('BL_2026-04'),$);
#5573=IFCPROPERTYSET('0mfyRaYgD5KxVLoO7zGrdc',#6,'Pset_5D',$,(#5558,#5559,#5560,#5561,#5562,#5563,#5564,#5565,#5566,#5567,#5568,#5569,#5570,#5571,#5572));
#5574=IFCRELDEFINESBYPROPERTIES('1Fjmd719nFeQuP60T3vNH5',#6,$,$,(#2996),#5573);
#5575=IFCPROPERTYSINGLEVALUE('WBS_Level1',$,IFCLABEL('CONSTRUCTION'),$);
#5576=IFCPROPERTYSINGLEVALUE('WBS_Level2',$,IFCLABEL('LEVEL-1'),$);
#5577=IFCPROPERTYSINGLEVALUE('WBS_Level4',$,IFCLABEL('PKG-FRAME-L1'),$);
#5578=IFCPROPERTYSINGLEVALUE('P6_ActivityID',$,IFCLABEL('A005'),$);
#5579=IFCPROPERTYSINGLEVALUE('P6_TaskName',$,IFCLABEL('Level 1 \X2\2013\X0\ RC Beams and Slab'),$);
#5580=IFCPROPERTYSINGLEVALUE('PlannedStart',$,IFCLABEL('2026-12-01'),$);
#5581=IFCPROPERTYSINGLEVALUE('PlannedFinish',$,IFCLABEL('2027-01-31'),$);
#5582=IFCPROPERTYSINGLEVALUE('Element_Mark',$,IFCLABEL('BM-V-3BC-L1'),$);
#5583=IFCPROPERTYSINGLEVALUE('CostCode_1',$,IFCLABEL('CBS-003'),$);
#5584=IFCPROPERTYSINGLEVALUE('CostCode_2',$,IFCLABEL('CBS-004'),$);
#5585=IFCPROPERTYSINGLEVALUE('UOM',$,IFCLABEL('m\X2\00B3\X0\'),$);
#5586=IFCPROPERTYSINGLEVALUE('PlannedValue',$,IFCREAL(10757.58),$);
#5587=IFCPROPERTYSINGLEVALUE('PVWeight',$,IFCREAL(0.030303),$);
#5588=IFCPROPERTYSINGLEVALUE('ElementsInTask',$,IFCINTEGER(33),$);
#5589=IFCPROPERTYSINGLEVALUE('Baseline_Tag',$,IFCLABEL('BL_2026-04'),$);
#5590=IFCPROPERTYSET('0W_S9TtVPE$vBdeAjXZZr0',#6,'Pset_5D',$,(#5575,#5576,#5577,#5578,#5579,#5580,#5581,#5582,#5583,#5584,#5585,#5586,#5587,#5588,#5589));
#5591=IFCRELDEFINESBYPROPERTIES('0iDHI5tz57KxVsGM4I3L0z',#6,$,$,(#3024),#5590);
#5592=IFCPROPERTYSINGLEVALUE('WBS_Level1',$,IFCLABEL('CONSTRUCTION'),$);
#5593=IFCPROPERTYSINGLEVALUE('WBS_Level2',$,IFCLABEL('LEVEL-1'),$);
#5594=IFCPROPERTYSINGLEVALUE('WBS_Level4',$,IFCLABEL('PKG-FRAME-L1'),$);
#5595=IFCPROPERTYSINGLEVALUE('P6_ActivityID',$,IFCLABEL('A005'),$);
#5596=IFCPROPERTYSINGLEVALUE('P6_TaskName',$,IFCLABEL('Level 1 \X2\2013\X0\ RC Beams and Slab'),$);
#5597=IFCPROPERTYSINGLEVALUE('PlannedStart',$,IFCLABEL('2026-12-01'),$);
#5598=IFCPROPERTYSINGLEVALUE('PlannedFinish',$,IFCLABEL('2027-01-31'),$);
#5599=IFCPROPERTYSINGLEVALUE('Element_Mark',$,IFCLABEL('BM-V-3CD-L1'),$);
#5600=IFCPROPERTYSINGLEVALUE('CostCode_1',$,IFCLABEL('CBS-003'),$);
#5601=IFCPROPERTYSINGLEVALUE('CostCode_2',$,IFCLABEL('CBS-004'),$);
#5602=IFCPROPERTYSINGLEVALUE('UOM',$,IFCLABEL('m\X2\00B3\X0\'),$);
#5603=IFCPROPERTYSINGLEVALUE('PlannedValue',$,IFCREAL(10757.58),$);
#5604=IFCPROPERTYSINGLEVALUE('PVWeight',$,IFCREAL(0.030303),$);
#5605=IFCPROPERTYSINGLEVALUE('ElementsInTask',$,IFCINTEGER(33),$);
#5606=IFCPROPERTYSINGLEVALUE('Baseline_Tag',$,IFCLABEL('BL_2026-04'),$);
#5607=IFCPROPERTYSET('18wOf3yZr1Kx72ziLJ6u53',#6,'Pset_5D',$,(#5592,#5593,#5594,#5595,#5596,#5597,#5598,#5599,#5600,#5601,#5602,#5603,#5604,#5605,#5606));
#5608=IFCRELDEFINESBYPROPERTIES('23r7qDNbz7_wOG9rQq$D9D',#6,$,$,(#3052),#5607);
#5609=IFCPROPERTYSINGLEVALUE('WBS_Level1',$,IFCLABEL('CONSTRUCTION'),$);
#5610=IFCPROPERTYSINGLEVALUE('WBS_Level2',$,IFCLABEL('LEVEL-1'),$);
#5611=IFCPROPERTYSINGLEVALUE('WBS_Level4',$,IFCLABEL('PKG-FRAME-L1'),$);
#5612=IFCPROPERTYSINGLEVALUE('P6_ActivityID',$,IFCLABEL('A005'),$);
#5613=IFCPROPERTYSINGLEVALUE('P6_TaskName',$,IFCLABEL('Level 1 \X2\2013\X0\ RC Beams and Slab'),$);
#5614=IFCPROPERTYSINGLEVALUE('PlannedStart',$,IFCLABEL('2026-12-01'),$);
#5615=IFCPROPERTYSINGLEVALUE('PlannedFinish',$,IFCLABEL('2027-01-31'),$);
#5616=IFCPROPERTYSINGLEVALUE('Element_Mark',$,IFCLABEL('BM-V-4AB-L1'),$);
#5617=IFCPROPERTYSINGLEVALUE('CostCode_1',$,IFCLABEL('CBS-003'),$);
#5618=IFCPROPERTYSINGLEVALUE('CostCode_2',$,IFCLABEL('CBS-004'),$);
#5619=IFCPROPERTYSINGLEVALUE('UOM',$,IFCLABEL('m\X2\00B3\X0\'),$);
#5620=IFCPROPERTYSINGLEVALUE('PlannedValue',$,IFCREAL(10757.58),$);
#5621=IFCPROPERTYSINGLEVALUE('PVWeight',$,IFCREAL(0.030303),$);
#5622=IFCPROPERTYSINGLEVALUE('ElementsInTask',$,IFCINTEGER(33),$);
#5623=IFCPROPERTYSINGLEVALUE('Baseline_Tag',$,IFCLABEL('BL_2026-04'),$);
#5624=IFCPROPERTYSET('2ij7arxhn1pBsVYLLFnZrC',#6,'Pset_5D',$,(#5609,#5610,#5611,#5612,#5613,#5614,#5615,#5616,#5617,#5618,#5619,#5620,#5621,#5622,#5623));
#5625=IFCRELDEFINESBYPROPERTIES('1DGUicHo52XgSB3hEHLwtJ',#6,$,$,(#3080),#5624);
#5626=IFCPROPERTYSINGLEVALUE('WBS_Level1',$,IFCLABEL('CONSTRUCTION'),$);
#5627=IFCPROPERTYSINGLEVALUE('WBS_Level2',$,IFCLABEL('LEVEL-1'),$);
#5628=IFCPROPERTYSINGLEVALUE('WBS_Level4',$,IFCLABEL('PKG-FRAME-L1'),$);
#5629=IFCPROPERTYSINGLEVALUE('P6_ActivityID',$,IFCLABEL('A005'),$);
#5630=IFCPROPERTYSINGLEVALUE('P6_TaskName',$,IFCLABEL('Level 1 \X2\2013\X0\ RC Beams and Slab'),$);
#5631=IFCPROPERTYSINGLEVALUE('PlannedStart',$,IFCLABEL('2026-12-01'),$);
#5632=IFCPROPERTYSINGLEVALUE('PlannedFinish',$,IFCLABEL('2027-01-31'),$);
#5633=IFCPROPERTYSINGLEVALUE('Element_Mark',$,IFCLABEL('BM-V-4BC-L1'),$);
#5634=IFCPROPERTYSINGLEVALUE('CostCode_1',$,IFCLABEL('CBS-003'),$);
#5635=IFCPROPERTYSINGLEVALUE('CostCode_2',$,IFCLABEL('CBS-004'),$);
#5636=IFCPROPERTYSINGLEVALUE('UOM',$,IFCLABEL('m\X2\00B3\X0\'),$);
#5637=IFCPROPERTYSINGLEVALUE('PlannedValue',$,IFCREAL(10757.58),$);
#5638=IFCPROPERTYSINGLEVALUE('PVWeight',$,IFCREAL(0.030303),$);
#5639=IFCPROPERTYSINGLEVALUE('ElementsInTask',$,IFCINTEGER(33),$);
#5640=IFCPROPERTYSINGLEVALUE('Baseline_Tag',$,IFCLABEL('BL_2026-04'),$);
#5641=IFCPROPERTYSET('1KISUFheH3quFmvPLAv8da',#6,'Pset_5D',$,(#5626,#5627,#5628,#5629,#5630,#5631,#5632,#5633,#5634,#5635,#5636,#5637,#5638,#5639,#5640));
#5642=IFCRELDEFINESBYPROPERTIES('2JFyPBSxD6ZAljAF$V$k_H',#6,$,$,(#3108),#5641);
#5643=IFCPROPERTYSINGLEVALUE('WBS_Level1',$,IFCLABEL('CONSTRUCTION'),$);
#5644=IFCPROPERTYSINGLEVALUE('WBS_Level2',$,IFCLABEL('LEVEL-1'),$);
#5645=IFCPROPERTYSINGLEVALUE('WBS_Level4',$,IFCLABEL('PKG-FRAME-L1'),$);
#5646=IFCPROPERTYSINGLEVALUE('P6_ActivityID',$,IFCLABEL('A005'),$);
#5647=IFCPROPERTYSINGLEVALUE('P6_TaskName',$,IFCLABEL('Level 1 \X2\2013\X0\ RC Beams and Slab'),$);
#5648=IFCPROPERTYSINGLEVALUE('PlannedStart',$,IFCLABEL('2026-12-01'),$);
#5649=IFCPROPERTYSINGLEVALUE('PlannedFinish',$,IFCLABEL('2027-01-31'),$);
#5650=IFCPROPERTYSINGLEVALUE('Element_Mark',$,IFCLABEL('BM-V-4CD-L1'),$);
#5651=IFCPROPERTYSINGLEVALUE('CostCode_1',$,IFCLABEL('CBS-003'),$);
#5652=IFCPROPERTYSINGLEVALUE('CostCode_2',$,IFCLABEL('CBS-004'),$);
#5653=IFCPROPERTYSINGLEVALUE('UOM',$,IFCLABEL('m\X2\00B3\X0\'),$);
#5654=IFCPROPERTYSINGLEVALUE('PlannedValue',$,IFCREAL(10757.58),$);
#5655=IFCPROPERTYSINGLEVALUE('PVWeight',$,IFCREAL(0.030303),$);
#5656=IFCPROPERTYSINGLEVALUE('ElementsInTask',$,IFCINTEGER(33),$);
#5657=IFCPROPERTYSINGLEVALUE('Baseline_Tag',$,IFCLABEL('BL_2026-04'),$);
#5658=IFCPROPERTYSET('3nwYMvIfv9vxPCT58LdDam',#6,'Pset_5D',$,(#5643,#5644,#5645,#5646,#5647,#5648,#5649,#5650,#5651,#5652,#5653,#5654,#5655,#5656,#5657));
#5659=IFCRELDEFINESBYPROPERTIES('1fIKPlI7r2i9fgOejjrrBL',#6,$,$,(#3136),#5658);
#5660=IFCPROPERTYSINGLEVALUE('WBS_Level1',$,IFCLABEL('CONSTRUCTION'),$);
#5661=IFCPROPERTYSINGLEVALUE('WBS_Level2',$,IFCLABEL('LEVEL-2'),$);
#5662=IFCPROPERTYSINGLEVALUE('WBS_Level4',$,IFCLABEL('PKG-FRAME-L2'),$);
#5663=IFCPROPERTYSINGLEVALUE('P6_ActivityID',$,IFCLABEL('A007'),$);
#5664=IFCPROPERTYSINGLEVALUE('P6_TaskName',$,IFCLABEL('Level 2 \X2\2013\X0\ RC Beams and Roof Slab'),$);
#5665=IFCPROPERTYSINGLEVALUE('PlannedStart',$,IFCLABEL('2027-03-01'),$);
#5666=IFCPROPERTYSINGLEVALUE('PlannedFinish',$,IFCLABEL('2027-04-30'),$);
#5667=IFCPROPERTYSINGLEVALUE('Element_Mark',$,IFCLABEL('BM-H-A12-L2'),$);
#5668=IFCPROPERTYSINGLEVALUE('CostCode_1',$,IFCLABEL('CBS-003'),$);
#5669=IFCPROPERTYSINGLEVALUE('CostCode_2',$,IFCLABEL('CBS-004'),$);
#5670=IFCPROPERTYSINGLEVALUE('UOM',$,IFCLABEL('m\X2\00B3\X0\'),$);
#5671=IFCPROPERTYSINGLEVALUE('PlannedValue',$,IFCREAL(5833.3299999999999),$);
#5672=IFCPROPERTYSINGLEVALUE('PVWeight',$,IFCREAL(0.023810000000000001),$);
#5673=IFCPROPERTYSINGLEVALUE('ElementsInTask',$,IFCINTEGER(42),$);
#5674=IFCPROPERTYSINGLEVALUE('Baseline_Tag',$,IFCLABEL('BL_2026-04'),$);
#5675=IFCPROPERTYSET('3IdK5XZQ56Iea7NKh9G$_m',#6,'Pset_5D',$,(#5660,#5661,#5662,#5663,#5664,#5665,#5666,#5667,#5668,#5669,#5670,#5671,#5672,#5673,#5674));
#5676=IFCRELDEFINESBYPROPERTIES('2zL18MLJr7c9NjT5Y6npsk',#6,$,$,(#3164),#5675);
#5677=IFCPROPERTYSINGLEVALUE('WBS_Level1',$,IFCLABEL('CONSTRUCTION'),$);
#5678=IFCPROPERTYSINGLEVALUE('WBS_Level2',$,IFCLABEL('LEVEL-2'),$);
#5679=IFCPROPERTYSINGLEVALUE('WBS_Level4',$,IFCLABEL('PKG-FRAME-L2'),$);
#5680=IFCPROPERTYSINGLEVALUE('P6_ActivityID',$,IFCLABEL('A007'),$);
#5681=IFCPROPERTYSINGLEVALUE('P6_TaskName',$,IFCLABEL('Level 2 \X2\2013\X0\ RC Beams and Roof Slab'),$);
#5682=IFCPROPERTYSINGLEVALUE('PlannedStart',$,IFCLABEL('2027-03-01'),$);
#5683=IFCPROPERTYSINGLEVALUE('PlannedFinish',$,IFCLABEL('2027-04-30'),$);
#5684=IFCPROPERTYSINGLEVALUE('Element_Mark',$,IFCLABEL('BM-H-A23-L2'),$);
#5685=IFCPROPERTYSINGLEVALUE('CostCode_1',$,IFCLABEL('CBS-003'),$);
#5686=IFCPROPERTYSINGLEVALUE('CostCode_2',$,IFCLABEL('CBS-004'),$);
#5687=IFCPROPERTYSINGLEVALUE('UOM',$,IFCLABEL('m\X2\00B3\X0\'),$);
#5688=IFCPROPERTYSINGLEVALUE('PlannedValue',$,IFCREAL(5833.3299999999999),$);
#5689=IFCPROPERTYSINGLEVALUE('PVWeight',$,IFCREAL(0.023810000000000001),$);
#5690=IFCPROPERTYSINGLEVALUE('ElementsInTask',$,IFCINTEGER(42),$);
#5691=IFCPROPERTYSINGLEVALUE('Baseline_Tag',$,IFCLABEL('BL_2026-04'),$);
#5692=IFCPROPERTYSET('2GKP1oPGT0px_TPyz4_Ag7',#6,'Pset_5D',$,(#5677,#5678,#5679,#5680,#5681,#5682,#5683,#5684,#5685,#5686,#5687,#5688,#5689,#5690,#5691));
#5693=IFCRELDEFINESBYPROPERTIES('0kJZFUa$f6_hwTXWQYyUtY',#6,$,$,(#3192),#5692);
#5694=IFCPROPERTYSINGLEVALUE('WBS_Level1',$,IFCLABEL('CONSTRUCTION'),$);
#5695=IFCPROPERTYSINGLEVALUE('WBS_Level2',$,IFCLABEL('LEVEL-2'),$);
#5696=IFCPROPERTYSINGLEVALUE('WBS_Level4',$,IFCLABEL('PKG-FRAME-L2'),$);
#5697=IFCPROPERTYSINGLEVALUE('P6_ActivityID',$,IFCLABEL('A007'),$);
#5698=IFCPROPERTYSINGLEVALUE('P6_TaskName',$,IFCLABEL('Level 2 \X2\2013\X0\ RC Beams and Roof Slab'),$);
#5699=IFCPROPERTYSINGLEVALUE('PlannedStart',$,IFCLABEL('2027-03-01'),$);
#5700=IFCPROPERTYSINGLEVALUE('PlannedFinish',$,IFCLABEL('2027-04-30'),$);
#5701=IFCPROPERTYSINGLEVALUE('Element_Mark',$,IFCLABEL('BM-H-A34-L2'),$);
#5702=IFCPROPERTYSINGLEVALUE('CostCode_1',$,IFCLABEL('CBS-003'),$);
#5703=IFCPROPERTYSINGLEVALUE('CostCode_2',$,IFCLABEL('CBS-004'),$);
#5704=IFCPROPERTYSINGLEVALUE('UOM',$,IFCLABEL('m\X2\00B3\X0\'),$);
#5705=IFCPROPERTYSINGLEVALUE('PlannedValue',$,IFCREAL(5833.3299999999999),$);
#5706=IFCPROPERTYSINGLEVALUE('PVWeight',$,IFCREAL(0.023810000000000001),$);
#5707=IFCPROPERTYSINGLEVALUE('ElementsInTask',$,IFCINTEGER(42),$);
#5708=IFCPROPERTYSINGLEVALUE('Baseline_Tag',$,IFCLABEL('BL_2026-04'),$);
#5709=IFCPROPERTYSET('2AQ5k7Qvj8BAsSiUTzrzRb',#6,'Pset_5D',$,(#5694,#5695,#5696,#5697,#5698,#5699,#5700,#5701,#5702,#5703,#5704,#5705,#5706,#5707,#5708));
#5710=IFCRELDEFINESBYPROPERTIES('2IjtJ4tGv0RxvWMUw5IGZ$',#6,$,$,(#3220),#5709);
#5711=IFCPROPERTYSINGLEVALUE('WBS_Level1',$,IFCLABEL('CONSTRUCTION'),$);
#5712=IFCPROPERTYSINGLEVALUE('WBS_Level2',$,IFCLABEL('LEVEL-2'),$);
#5713=IFCPROPERTYSINGLEVALUE('WBS_Level4',$,IFCLABEL('PKG-FRAME-L2'),$);
#5714=IFCPROPERTYSINGLEVALUE('P6_ActivityID',$,IFCLABEL('A007'),$);
#5715=IFCPROPERTYSINGLEVALUE('P6_TaskName',$,IFCLABEL('Level 2 \X2\2013\X0\ RC Beams and Roof Slab'),$);
#5716=IFCPROPERTYSINGLEVALUE('PlannedStart',$,IFCLABEL('2027-03-01'),$);
#5717=IFCPROPERTYSINGLEVALUE('PlannedFinish',$,IFCLABEL('2027-04-30'),$);
#5718=IFCPROPERTYSINGLEVALUE('Element_Mark',$,IFCLABEL('BM-H-B12-L2'),$);
#5719=IFCPROPERTYSINGLEVALUE('CostCode_1',$,IFCLABEL('CBS-003'),$);
#5720=IFCPROPERTYSINGLEVALUE('CostCode_2',$,IFCLABEL('CBS-004'),$);
#5721=IFCPROPERTYSINGLEVALUE('UOM',$,IFCLABEL('m\X2\00B3\X0\'),$);
#5722=IFCPROPERTYSINGLEVALUE('PlannedValue',$,IFCREAL(5833.3299999999999),$);
#5723=IFCPROPERTYSINGLEVALUE('PVWeight',$,IFCREAL(0.023810000000000001),$);
#5724=IFCPROPERTYSINGLEVALUE('ElementsInTask',$,IFCINTEGER(42),$);
#5725=IFCPROPERTYSINGLEVALUE('Baseline_Tag',$,IFCLABEL('BL_2026-04'),$);
#5726=IFCPROPERTYSET('1ZQohfsyjEO9hm4yzMti3N',#6,'Pset_5D',$,(#5711,#5712,#5713,#5714,#5715,#5716,#5717,#5718,#5719,#5720,#5721,#5722,#5723,#5724,#5725));
#5727=IFCRELDEFINESBYPROPERTIES('1RAhjadNXBohr2aVeJABHk',#6,$,$,(#3248),#5726);
#5728=IFCPROPERTYSINGLEVALUE('WBS_Level1',$,IFCLABEL('CONSTRUCTION'),$);
#5729=IFCPROPERTYSINGLEVALUE('WBS_Level2',$,IFCLABEL('LEVEL-2'),$);
#5730=IFCPROPERTYSINGLEVALUE('WBS_Level4',$,IFCLABEL('PKG-FRAME-L2'),$);
#5731=IFCPROPERTYSINGLEVALUE('P6_ActivityID',$,IFCLABEL('A007'),$);
#5732=IFCPROPERTYSINGLEVALUE('P6_TaskName',$,IFCLABEL('Level 2 \X2\2013\X0\ RC Beams and Roof Slab'),$);
#5733=IFCPROPERTYSINGLEVALUE('PlannedStart',$,IFCLABEL('2027-03-01'),$);
#5734=IFCPROPERTYSINGLEVALUE('PlannedFinish',$,IFCLABEL('2027-04-30'),$);
#5735=IFCPROPERTYSINGLEVALUE('Element_Mark',$,IFCLABEL('BM-H-B23-L2'),$);
#5736=IFCPROPERTYSINGLEVALUE('CostCode_1',$,IFCLABEL('CBS-003'),$);
#5737=IFCPROPERTYSINGLEVALUE('CostCode_2',$,IFCLABEL('CBS-004'),$);
#5738=IFCPROPERTYSINGLEVALUE('UOM',$,IFCLABEL('m\X2\00B3\X0\'),$);
#5739=IFCPROPERTYSINGLEVALUE('PlannedValue',$,IFCREAL(5833.3299999999999),$);
#5740=IFCPROPERTYSINGLEVALUE('PVWeight',$,IFCREAL(0.023810000000000001),$);
#5741=IFCPROPERTYSINGLEVALUE('ElementsInTask',$,IFCINTEGER(42),$);
#5742=IFCPROPERTYSINGLEVALUE('Baseline_Tag',$,IFCLABEL('BL_2026-04'),$);
#5743=IFCPROPERTYSET('3uSQcR85LCtvXRdgo8Q9pu',#6,'Pset_5D',$,(#5728,#5729,#5730,#5731,#5732,#5733,#5734,#5735,#5736,#5737,#5738,#5739,#5740,#5741,#5742));
#5744=IFCRELDEFINESBYPROPERTIES('2jteWB4BvFIebGXUJF6Zf9',#6,$,$,(#3276),#5743);
#5745=IFCPROPERTYSINGLEVALUE('WBS_Level1',$,IFCLABEL('CONSTRUCTION'),$);
#5746=IFCPROPERTYSINGLEVALUE('WBS_Level2',$,IFCLABEL('LEVEL-2'),$);
#5747=IFCPROPERTYSINGLEVALUE('WBS_Level4',$,IFCLABEL('PKG-FRAME-L2'),$);
#5748=IFCPROPERTYSINGLEVALUE('P6_ActivityID',$,IFCLABEL('A007'),$);
#5749=IFCPROPERTYSINGLEVALUE('P6_TaskName',$,IFCLABEL('Level 2 \X2\2013\X0\ RC Beams and Roof Slab'),$);
#5750=IFCPROPERTYSINGLEVALUE('PlannedStart',$,IFCLABEL('2027-03-01'),$);
#5751=IFCPROPERTYSINGLEVALUE('PlannedFinish',$,IFCLABEL('2027-04-30'),$);
#5752=IFCPROPERTYSINGLEVALUE('Element_Mark',$,IFCLABEL('BM-H-B34-L2'),$);
#5753=IFCPROPERTYSINGLEVALUE('CostCode_1',$,IFCLABEL('CBS-003'),$);
#5754=IFCPROPERTYSINGLEVALUE('CostCode_2',$,IFCLABEL('CBS-004'),$);
#5755=IFCPROPERTYSINGLEVALUE('UOM',$,IFCLABEL('m\X2\00B3\X0\'),$);
#5756=IFCPROPERTYSINGLEVALUE('PlannedValue',$,IFCREAL(5833.3299999999999),$);
#5757=IFCPROPERTYSINGLEVALUE('PVWeight',$,IFCREAL(0.023810000000000001),$);
#5758=IFCPROPERTYSINGLEVALUE('ElementsInTask',$,IFCINTEGER(42),$);
#5759=IFCPROPERTYSINGLEVALUE('Baseline_Tag',$,IFCLABEL('BL_2026-04'),$);
#5760=IFCPROPERTYSET('31qUYbOMjFbe5W5Xp3G1UT',#6,'Pset_5D',$,(#5745,#5746,#5747,#5748,#5749,#5750,#5751,#5752,#5753,#5754,#5755,#5756,#5757,#5758,#5759));
#5761=IFCRELDEFINESBYPROPERTIES('0yxDqp9AnBg8gQxZDaG0sC',#6,$,$,(#3304),#5760);
#5762=IFCPROPERTYSINGLEVALUE('WBS_Level1',$,IFCLABEL('CONSTRUCTION'),$);
#5763=IFCPROPERTYSINGLEVALUE('WBS_Level2',$,IFCLABEL('LEVEL-2'),$);
#5764=IFCPROPERTYSINGLEVALUE('WBS_Level4',$,IFCLABEL('PKG-FRAME-L2'),$);
#5765=IFCPROPERTYSINGLEVALUE('P6_ActivityID',$,IFCLABEL('A007'),$);
#5766=IFCPROPERTYSINGLEVALUE('P6_TaskName',$,IFCLABEL('Level 2 \X2\2013\X0\ RC Beams and Roof Slab'),$);
#5767=IFCPROPERTYSINGLEVALUE('PlannedStart',$,IFCLABEL('2027-03-01'),$);
#5768=IFCPROPERTYSINGLEVALUE('PlannedFinish',$,IFCLABEL('2027-04-30'),$);
#5769=IFCPROPERTYSINGLEVALUE('Element_Mark',$,IFCLABEL('BM-H-C12-L2'),$);
#5770=IFCPROPERTYSINGLEVALUE('CostCode_1',$,IFCLABEL('CBS-003'),$);
#5771=IFCPROPERTYSINGLEVALUE('CostCode_2',$,IFCLABEL('CBS-004'),$);
#5772=IFCPROPERTYSINGLEVALUE('UOM',$,IFCLABEL('m\X2\00B3\X0\'),$);
#5773=IFCPROPERTYSINGLEVALUE('PlannedValue',$,IFCREAL(5833.3299999999999),$);
#5774=IFCPROPERTYSINGLEVALUE('PVWeight',$,IFCREAL(0.023810000000000001),$);
#5775=IFCPROPERTYSINGLEVALUE('ElementsInTask',$,IFCINTEGER(42),$);
#5776=IFCPROPERTYSINGLEVALUE('Baseline_Tag',$,IFCLABEL('BL_2026-04'),$);
#5777=IFCPROPERTYSET('2hLO8pVTj5PfZKUA5KkA96',#6,'Pset_5D',$,(#5762,#5763,#5764,#5765,#5766,#5767,#5768,#5769,#5770,#5771,#5772,#5773,#5774,#5775,#5776));
#5778=IFCRELDEFINESBYPROPERTIES('0zoCzCi$56cgsWorw7AjxT',#6,$,$,(#3332),#5777);
#5779=IFCPROPERTYSINGLEVALUE('WBS_Level1',$,IFCLABEL('CONSTRUCTION'),$);
#5780=IFCPROPERTYSINGLEVALUE('WBS_Level2',$,IFCLABEL('LEVEL-2'),$);
#5781=IFCPROPERTYSINGLEVALUE('WBS_Level4',$,IFCLABEL('PKG-FRAME-L2'),$);
#5782=IFCPROPERTYSINGLEVALUE('P6_ActivityID',$,IFCLABEL('A007'),$);
#5783=IFCPROPERTYSINGLEVALUE('P6_TaskName',$,IFCLABEL('Level 2 \X2\2013\X0\ RC Beams and Roof Slab'),$);
#5784=IFCPROPERTYSINGLEVALUE('PlannedStart',$,IFCLABEL('2027-03-01'),$);
#5785=IFCPROPERTYSINGLEVALUE('PlannedFinish',$,IFCLABEL('2027-04-30'),$);
#5786=IFCPROPERTYSINGLEVALUE('Element_Mark',$,IFCLABEL('BM-H-C23-L2'),$);
#5787=IFCPROPERTYSINGLEVALUE('CostCode_1',$,IFCLABEL('CBS-003'),$);
#5788=IFCPROPERTYSINGLEVALUE('CostCode_2',$,IFCLABEL('CBS-004'),$);
#5789=IFCPROPERTYSINGLEVALUE('UOM',$,IFCLABEL('m\X2\00B3\X0\'),$);
#5790=IFCPROPERTYSINGLEVALUE('PlannedValue',$,IFCREAL(5833.3299999999999),$);
#5791=IFCPROPERTYSINGLEVALUE('PVWeight',$,IFCREAL(0.023810000000000001),$);
#5792=IFCPROPERTYSINGLEVALUE('ElementsInTask',$,IFCINTEGER(42),$);
#5793=IFCPROPERTYSINGLEVALUE('Baseline_Tag',$,IFCLABEL('BL_2026-04'),$);
#5794=IFCPROPERTYSET('1H3xpNW5f5lOxTcKgacFL7',#6,'Pset_5D',$,(#5779,#5780,#5781,#5782,#5783,#5784,#5785,#5786,#5787,#5788,#5789,#5790,#5791,#5792,#5793));
#5795=IFCRELDEFINESBYPROPERTIES('0xDC5nLC5AYvp88fqZyA5g',#6,$,$,(#3360),#5794);
#5796=IFCPROPERTYSINGLEVALUE('WBS_Level1',$,IFCLABEL('CONSTRUCTION'),$);
#5797=IFCPROPERTYSINGLEVALUE('WBS_Level2',$,IFCLABEL('LEVEL-2'),$);
#5798=IFCPROPERTYSINGLEVALUE('WBS_Level4',$,IFCLABEL('PKG-FRAME-L2'),$);
#5799=IFCPROPERTYSINGLEVALUE('P6_ActivityID',$,IFCLABEL('A007'),$);
#5800=IFCPROPERTYSINGLEVALUE('P6_TaskName',$,IFCLABEL('Level 2 \X2\2013\X0\ RC Beams and Roof Slab'),$);
#5801=IFCPROPERTYSINGLEVALUE('PlannedStart',$,IFCLABEL('2027-03-01'),$);
#5802=IFCPROPERTYSINGLEVALUE('PlannedFinish',$,IFCLABEL('2027-04-30'),$);
#5803=IFCPROPERTYSINGLEVALUE('Element_Mark',$,IFCLABEL('BM-H-C34-L2'),$);
#5804=IFCPROPERTYSINGLEVALUE('CostCode_1',$,IFCLABEL('CBS-003'),$);
#5805=IFCPROPERTYSINGLEVALUE('CostCode_2',$,IFCLABEL('CBS-004'),$);
#5806=IFCPROPERTYSINGLEVALUE('UOM',$,IFCLABEL('m\X2\00B3\X0\'),$);
#5807=IFCPROPERTYSINGLEVALUE('PlannedValue',$,IFCREAL(5833.3299999999999),$);
#5808=IFCPROPERTYSINGLEVALUE('PVWeight',$,IFCREAL(0.023810000000000001),$);
#5809=IFCPROPERTYSINGLEVALUE('ElementsInTask',$,IFCINTEGER(42),$);
#5810=IFCPROPERTYSINGLEVALUE('Baseline_Tag',$,IFCLABEL('BL_2026-04'),$);
#5811=IFCPROPERTYSET('1U$eLdNMjFTxBJjG6Gkunt',#6,'Pset_5D',$,(#5796,#5797,#5798,#5799,#5800,#5801,#5802,#5803,#5804,#5805,#5806,#5807,#5808,#5809,#5810));
#5812=IFCRELDEFINESBYPROPERTIES('3m6uTbBvzDiQpFycKMDdHk',#6,$,$,(#3388),#5811);
#5813=IFCPROPERTYSINGLEVALUE('WBS_Level1',$,IFCLABEL('CONSTRUCTION'),$);
#5814=IFCPROPERTYSINGLEVALUE('WBS_Level2',$,IFCLABEL('LEVEL-2'),$);
#5815=IFCPROPERTYSINGLEVALUE('WBS_Level4',$,IFCLABEL('PKG-FRAME-L2'),$);
#5816=IFCPROPERTYSINGLEVALUE('P6_ActivityID',$,IFCLABEL('A007'),$);
#5817=IFCPROPERTYSINGLEVALUE('P6_TaskName',$,IFCLABEL('Level 2 \X2\2013\X0\ RC Beams and Roof Slab'),$);
#5818=IFCPROPERTYSINGLEVALUE('PlannedStart',$,IFCLABEL('2027-03-01'),$);
#5819=IFCPROPERTYSINGLEVALUE('PlannedFinish',$,IFCLABEL('2027-04-30'),$);
#5820=IFCPROPERTYSINGLEVALUE('Element_Mark',$,IFCLABEL('BM-H-D12-L2'),$);
#5821=IFCPROPERTYSINGLEVALUE('CostCode_1',$,IFCLABEL('CBS-003'),$);
#5822=IFCPROPERTYSINGLEVALUE('CostCode_2',$,IFCLABEL('CBS-004'),$);
#5823=IFCPROPERTYSINGLEVALUE('UOM',$,IFCLABEL('m\X2\00B3\X0\'),$);
#5824=IFCPROPERTYSINGLEVALUE('PlannedValue',$,IFCREAL(5833.3299999999999),$);
#5825=IFCPROPERTYSINGLEVALUE('PVWeight',$,IFCREAL(0.023810000000000001),$);
#5826=IFCPROPERTYSINGLEVALUE('ElementsInTask',$,IFCINTEGER(42),$);
#5827=IFCPROPERTYSINGLEVALUE('Baseline_Tag',$,IFCLABEL('BL_2026-04'),$);
#5828=IFCPROPERTYSET('1DCY3xOUDFSRgPlTJGXSQi',#6,'Pset_5D',$,(#5813,#5814,#5815,#5816,#5817,#5818,#5819,#5820,#5821,#5822,#5823,#5824,#5825,#5826,#5827));
#5829=IFCRELDEFINESBYPROPERTIES('1MPiKmjyXBABsy3JnHHKcV',#6,$,$,(#3416),#5828);
#5830=IFCPROPERTYSINGLEVALUE('WBS_Level1',$,IFCLABEL('CONSTRUCTION'),$);
#5831=IFCPROPERTYSINGLEVALUE('WBS_Level2',$,IFCLABEL('LEVEL-2'),$);
#5832=IFCPROPERTYSINGLEVALUE('WBS_Level4',$,IFCLABEL('PKG-FRAME-L2'),$);
#5833=IFCPROPERTYSINGLEVALUE('P6_ActivityID',$,IFCLABEL('A007'),$);
#5834=IFCPROPERTYSINGLEVALUE('P6_TaskName',$,IFCLABEL('Level 2 \X2\2013\X0\ RC Beams and Roof Slab'),$);
#5835=IFCPROPERTYSINGLEVALUE('PlannedStart',$,IFCLABEL('2027-03-01'),$);
#5836=IFCPROPERTYSINGLEVALUE('PlannedFinish',$,IFCLABEL('2027-04-30'),$);
#5837=IFCPROPERTYSINGLEVALUE('Element_Mark',$,IFCLABEL('BM-H-D23-L2'),$);
#5838=IFCPROPERTYSINGLEVALUE('CostCode_1',$,IFCLABEL('CBS-003'),$);
#5839=IFCPROPERTYSINGLEVALUE('CostCode_2',$,IFCLABEL('CBS-004'),$);
#5840=IFCPROPERTYSINGLEVALUE('UOM',$,IFCLABEL('m\X2\00B3\X0\'),$);
#5841=IFCPROPERTYSINGLEVALUE('PlannedValue',$,IFCREAL(5833.3299999999999),$);
#5842=IFCPROPERTYSINGLEVALUE('PVWeight',$,IFCREAL(0.023810000000000001),$);
#5843=IFCPROPERTYSINGLEVALUE('ElementsInTask',$,IFCINTEGER(42),$);
#5844=IFCPROPERTYSINGLEVALUE('Baseline_Tag',$,IFCLABEL('BL_2026-04'),$);
#5845=IFCPROPERTYSET('3oEdBffijAwwWBL19083Uv',#6,'Pset_5D',$,(#5830,#5831,#5832,#5833,#5834,#5835,#5836,#5837,#5838,#5839,#5840,#5841,#5842,#5843,#5844));
#5846=IFCRELDEFINESBYPROPERTIES('2m9EPWw7TFsw516CCoIodL',#6,$,$,(#3444),#5845);
#5847=IFCPROPERTYSINGLEVALUE('WBS_Level1',$,IFCLABEL('CONSTRUCTION'),$);
#5848=IFCPROPERTYSINGLEVALUE('WBS_Level2',$,IFCLABEL('LEVEL-2'),$);
#5849=IFCPROPERTYSINGLEVALUE('WBS_Level4',$,IFCLABEL('PKG-FRAME-L2'),$);
#5850=IFCPROPERTYSINGLEVALUE('P6_ActivityID',$,IFCLABEL('A007'),$);
#5851=IFCPROPERTYSINGLEVALUE('P6_TaskName',$,IFCLABEL('Level 2 \X2\2013\X0\ RC Beams and Roof Slab'),$);
#5852=IFCPROPERTYSINGLEVALUE('PlannedStart',$,IFCLABEL('2027-03-01'),$);
#5853=IFCPROPERTYSINGLEVALUE('PlannedFinish',$,IFCLABEL('2027-04-30'),$);
#5854=IFCPROPERTYSINGLEVALUE('Element_Mark',$,IFCLABEL('BM-H-D34-L2'),$);
#5855=IFCPROPERTYSINGLEVALUE('CostCode_1',$,IFCLABEL('CBS-003'),$);
#5856=IFCPROPERTYSINGLEVALUE('CostCode_2',$,IFCLABEL('CBS-004'),$);
#5857=IFCPROPERTYSINGLEVALUE('UOM',$,IFCLABEL('m\X2\00B3\X0\'),$);
#5858=IFCPROPERTYSINGLEVALUE('PlannedValue',$,IFCREAL(5833.3299999999999),$);
#5859=IFCPROPERTYSINGLEVALUE('PVWeight',$,IFCREAL(0.023810000000000001),$);
#5860=IFCPROPERTYSINGLEVALUE('ElementsInTask',$,IFCINTEGER(42),$);
#5861=IFCPROPERTYSINGLEVALUE('Baseline_Tag',$,IFCLABEL('BL_2026-04'),$);
#5862=IFCPROPERTYSET('2PIvJS07j98vtcwliT7JTm',#6,'Pset_5D',$,(#5847,#5848,#5849,#5850,#5851,#5852,#5853,#5854,#5855,#5856,#5857,#5858,#5859,#5860,#5861));
#5863=IFCRELDEFINESBYPROPERTIES('2vzRIEGxb4pO26ks790cSK',#6,$,$,(#3472),#5862);
#5864=IFCPROPERTYSINGLEVALUE('WBS_Level1',$,IFCLABEL('CONSTRUCTION'),$);
#5865=IFCPROPERTYSINGLEVALUE('WBS_Level2',$,IFCLABEL('LEVEL-2'),$);
#5866=IFCPROPERTYSINGLEVALUE('WBS_Level4',$,IFCLABEL('PKG-FRAME-L2'),$);
#5867=IFCPROPERTYSINGLEVALUE('P6_ActivityID',$,IFCLABEL('A007'),$);
#5868=IFCPROPERTYSINGLEVALUE('P6_TaskName',$,IFCLABEL('Level 2 \X2\2013\X0\ RC Beams and Roof Slab'),$);
#5869=IFCPROPERTYSINGLEVALUE('PlannedStart',$,IFCLABEL('2027-03-01'),$);
#5870=IFCPROPERTYSINGLEVALUE('PlannedFinish',$,IFCLABEL('2027-04-30'),$);
#5871=IFCPROPERTYSINGLEVALUE('Element_Mark',$,IFCLABEL('BM-V-1AB-L2'),$);
#5872=IFCPROPERTYSINGLEVALUE('CostCode_1',$,IFCLABEL('CBS-003'),$);
#5873=IFCPROPERTYSINGLEVALUE('CostCode_2',$,IFCLABEL('CBS-004'),$);
#5874=IFCPROPERTYSINGLEVALUE('UOM',$,IFCLABEL('m\X2\00B3\X0\'),$);
#5875=IFCPROPERTYSINGLEVALUE('PlannedValue',$,IFCREAL(5833.3299999999999),$);
#5876=IFCPROPERTYSINGLEVALUE('PVWeight',$,IFCREAL(0.023810000000000001),$);
#5877=IFCPROPERTYSINGLEVALUE('ElementsInTask',$,IFCINTEGER(42),$);
#5878=IFCPROPERTYSINGLEVALUE('Baseline_Tag',$,IFCLABEL('BL_2026-04'),$);
#5879=IFCPROPERTYSET('3uktOsweT0kvl_0MCNzlUA',#6,'Pset_5D',$,(#5864,#5865,#5866,#5867,#5868,#5869,#5870,#5871,#5872,#5873,#5874,#5875,#5876,#5877,#5878));
#5880=IFCRELDEFINESBYPROPERTIES('3OgNM1vL91Txc_Zi6M0fRZ',#6,$,$,(#3500),#5879);
#5881=IFCPROPERTYSINGLEVALUE('WBS_Level1',$,IFCLABEL('CONSTRUCTION'),$);
#5882=IFCPROPERTYSINGLEVALUE('WBS_Level2',$,IFCLABEL('LEVEL-2'),$);
#5883=IFCPROPERTYSINGLEVALUE('WBS_Level4',$,IFCLABEL('PKG-FRAME-L2'),$);
#5884=IFCPROPERTYSINGLEVALUE('P6_ActivityID',$,IFCLABEL('A007'),$);
#5885=IFCPROPERTYSINGLEVALUE('P6_TaskName',$,IFCLABEL('Level 2 \X2\2013\X0\ RC Beams and Roof Slab'),$);
#5886=IFCPROPERTYSINGLEVALUE('PlannedStart',$,IFCLABEL('2027-03-01'),$);
#5887=IFCPROPERTYSINGLEVALUE('PlannedFinish',$,IFCLABEL('2027-04-30'),$);
#5888=IFCPROPERTYSINGLEVALUE('Element_Mark',$,IFCLABEL('BM-V-1BC-L2'),$);
#5889=IFCPROPERTYSINGLEVALUE('CostCode_1',$,IFCLABEL('CBS-003'),$);
#5890=IFCPROPERTYSINGLEVALUE('CostCode_2',$,IFCLABEL('CBS-004'),$);
#5891=IFCPROPERTYSINGLEVALUE('UOM',$,IFCLABEL('m\X2\00B3\X0\'),$);
#5892=IFCPROPERTYSINGLEVALUE('PlannedValue',$,IFCREAL(5833.3299999999999),$);
#5893=IFCPROPERTYSINGLEVALUE('PVWeight',$,IFCREAL(0.023810000000000001),$);
#5894=IFCPROPERTYSINGLEVALUE('ElementsInTask',$,IFCINTEGER(42),$);
#5895=IFCPROPERTYSINGLEVALUE('Baseline_Tag',$,IFCLABEL('BL_2026-04'),$);
#5896=IFCPROPERTYSET('0coM2Ofe19Uf4qA_QZ7rSH',#6,'Pset_5D',$,(#5881,#5882,#5883,#5884,#5885,#5886,#5887,#5888,#5889,#5890,#5891,#5892,#5893,#5894,#5895));
#5897=IFCRELDEFINESBYPROPERTIES('1DhhHgvrLCkxvG3xxDCeEu',#6,$,$,(#3528),#5896);
#5898=IFCPROPERTYSINGLEVALUE('WBS_Level1',$,IFCLABEL('CONSTRUCTION'),$);
#5899=IFCPROPERTYSINGLEVALUE('WBS_Level2',$,IFCLABEL('LEVEL-2'),$);
#5900=IFCPROPERTYSINGLEVALUE('WBS_Level4',$,IFCLABEL('PKG-FRAME-L2'),$);
#5901=IFCPROPERTYSINGLEVALUE('P6_ActivityID',$,IFCLABEL('A007'),$);
#5902=IFCPROPERTYSINGLEVALUE('P6_TaskName',$,IFCLABEL('Level 2 \X2\2013\X0\ RC Beams and Roof Slab'),$);
#5903=IFCPROPERTYSINGLEVALUE('PlannedStart',$,IFCLABEL('2027-03-01'),$);
#5904=IFCPROPERTYSINGLEVALUE('PlannedFinish',$,IFCLABEL('2027-04-30'),$);
#5905=IFCPROPERTYSINGLEVALUE('Element_Mark',$,IFCLABEL('BM-V-1CD-L2'),$);
#5906=IFCPROPERTYSINGLEVALUE('CostCode_1',$,IFCLABEL('CBS-003'),$);
#5907=IFCPROPERTYSINGLEVALUE('CostCode_2',$,IFCLABEL('CBS-004'),$);
#5908=IFCPROPERTYSINGLEVALUE('UOM',$,IFCLABEL('m\X2\00B3\X0\'),$);
#5909=IFCPROPERTYSINGLEVALUE('PlannedValue',$,IFCREAL(5833.3299999999999),$);
#5910=IFCPROPERTYSINGLEVALUE('PVWeight',$,IFCREAL(0.023810000000000001),$);
#5911=IFCPROPERTYSINGLEVALUE('ElementsInTask',$,IFCINTEGER(42),$);
#5912=IFCPROPERTYSINGLEVALUE('Baseline_Tag',$,IFCLABEL('BL_2026-04'),$);
#5913=IFCPROPERTYSET('3l7FP8Cx11IP8utDzRnyKi',#6,'Pset_5D',$,(#5898,#5899,#5900,#5901,#5902,#5903,#5904,#5905,#5906,#5907,#5908,#5909,#5910,#5911,#5912));
#5914=IFCRELDEFINESBYPROPERTIES('1QNG7laqX4r8tDamC2V8Jv',#6,$,$,(#3556),#5913);
#5915=IFCPROPERTYSINGLEVALUE('WBS_Level1',$,IFCLABEL('CONSTRUCTION'),$);
#5916=IFCPROPERTYSINGLEVALUE('WBS_Level2',$,IFCLABEL('LEVEL-2'),$);
#5917=IFCPROPERTYSINGLEVALUE('WBS_Level4',$,IFCLABEL('PKG-FRAME-L2'),$);
#5918=IFCPROPERTYSINGLEVALUE('P6_ActivityID',$,IFCLABEL('A007'),$);
#5919=IFCPROPERTYSINGLEVALUE('P6_TaskName',$,IFCLABEL('Level 2 \X2\2013\X0\ RC Beams and Roof Slab'),$);
#5920=IFCPROPERTYSINGLEVALUE('PlannedStart',$,IFCLABEL('2027-03-01'),$);
#5921=IFCPROPERTYSINGLEVALUE('PlannedFinish',$,IFCLABEL('2027-04-30'),$);
#5922=IFCPROPERTYSINGLEVALUE('Element_Mark',$,IFCLABEL('BM-V-2AB-L2'),$);
#5923=IFCPROPERTYSINGLEVALUE('CostCode_1',$,IFCLABEL('CBS-003'),$);
#5924=IFCPROPERTYSINGLEVALUE('CostCode_2',$,IFCLABEL('CBS-004'),$);
#5925=IFCPROPERTYSINGLEVALUE('UOM',$,IFCLABEL('m\X2\00B3\X0\'),$);
#5926=IFCPROPERTYSINGLEVALUE('PlannedValue',$,IFCREAL(5833.3299999999999),$);
#5927=IFCPROPERTYSINGLEVALUE('PVWeight',$,IFCREAL(0.023810000000000001),$);
#5928=IFCPROPERTYSINGLEVALUE('ElementsInTask',$,IFCINTEGER(42),$);
#5929=IFCPROPERTYSINGLEVALUE('Baseline_Tag',$,IFCLABEL('BL_2026-04'),$);
#5930=IFCPROPERTYSET('0bpkJJ0p52Cx$r$FlAWuBU',#6,'Pset_5D',$,(#5915,#5916,#5917,#5918,#5919,#5920,#5921,#5922,#5923,#5924,#5925,#5926,#5927,#5928,#5929));
#5931=IFCRELDEFINESBYPROPERTIES('0V9DBs5MP35QuqrHxsn5jc',#6,$,$,(#3584),#5930);
#5932=IFCPROPERTYSINGLEVALUE('WBS_Level1',$,IFCLABEL('CONSTRUCTION'),$);
#5933=IFCPROPERTYSINGLEVALUE('WBS_Level2',$,IFCLABEL('LEVEL-2'),$);
#5934=IFCPROPERTYSINGLEVALUE('WBS_Level4',$,IFCLABEL('PKG-FRAME-L2'),$);
#5935=IFCPROPERTYSINGLEVALUE('P6_ActivityID',$,IFCLABEL('A007'),$);
#5936=IFCPROPERTYSINGLEVALUE('P6_TaskName',$,IFCLABEL('Level 2 \X2\2013\X0\ RC Beams and Roof Slab'),$);
#5937=IFCPROPERTYSINGLEVALUE('PlannedStart',$,IFCLABEL('2027-03-01'),$);
#5938=IFCPROPERTYSINGLEVALUE('PlannedFinish',$,IFCLABEL('2027-04-30'),$);
#5939=IFCPROPERTYSINGLEVALUE('Element_Mark',$,IFCLABEL('BM-V-2BC-L2'),$);
#5940=IFCPROPERTYSINGLEVALUE('CostCode_1',$,IFCLABEL('CBS-003'),$);
#5941=IFCPROPERTYSINGLEVALUE('CostCode_2',$,IFCLABEL('CBS-004'),$);
#5942=IFCPROPERTYSINGLEVALUE('UOM',$,IFCLABEL('m\X2\00B3\X0\'),$);
#5943=IFCPROPERTYSINGLEVALUE('PlannedValue',$,IFCREAL(5833.3299999999999),$);
#5944=IFCPROPERTYSINGLEVALUE('PVWeight',$,IFCREAL(0.023810000000000001),$);
#5945=IFCPROPERTYSINGLEVALUE('ElementsInTask',$,IFCINTEGER(42),$);
#5946=IFCPROPERTYSINGLEVALUE('Baseline_Tag',$,IFCLABEL('BL_2026-04'),$);
#5947=IFCPROPERTYSET('1F9OK3e4bD08BpccmUETmA',#6,'Pset_5D',$,(#5932,#5933,#5934,#5935,#5936,#5937,#5938,#5939,#5940,#5941,#5942,#5943,#5944,#5945,#5946));
#5948=IFCRELDEFINESBYPROPERTIES('0T1nDVpTrCdh3mWnzfCvO2',#6,$,$,(#3612),#5947);
#5949=IFCPROPERTYSINGLEVALUE('WBS_Level1',$,IFCLABEL('CONSTRUCTION'),$);
#5950=IFCPROPERTYSINGLEVALUE('WBS_Level2',$,IFCLABEL('LEVEL-2'),$);
#5951=IFCPROPERTYSINGLEVALUE('WBS_Level4',$,IFCLABEL('PKG-FRAME-L2'),$);
#5952=IFCPROPERTYSINGLEVALUE('P6_ActivityID',$,IFCLABEL('A007'),$);
#5953=IFCPROPERTYSINGLEVALUE('P6_TaskName',$,IFCLABEL('Level 2 \X2\2013\X0\ RC Beams and Roof Slab'),$);
#5954=IFCPROPERTYSINGLEVALUE('PlannedStart',$,IFCLABEL('2027-03-01'),$);
#5955=IFCPROPERTYSINGLEVALUE('PlannedFinish',$,IFCLABEL('2027-04-30'),$);
#5956=IFCPROPERTYSINGLEVALUE('Element_Mark',$,IFCLABEL('BM-V-2CD-L2'),$);
#5957=IFCPROPERTYSINGLEVALUE('CostCode_1',$,IFCLABEL('CBS-003'),$);
#5958=IFCPROPERTYSINGLEVALUE('CostCode_2',$,IFCLABEL('CBS-004'),$);
#5959=IFCPROPERTYSINGLEVALUE('UOM',$,IFCLABEL('m\X2\00B3\X0\'),$);
#5960=IFCPROPERTYSINGLEVALUE('PlannedValue',$,IFCREAL(5833.3299999999999),$);
#5961=IFCPROPERTYSINGLEVALUE('PVWeight',$,IFCREAL(0.023810000000000001),$);
#5962=IFCPROPERTYSINGLEVALUE('ElementsInTask',$,IFCINTEGER(42),$);
#5963=IFCPROPERTYSINGLEVALUE('Baseline_Tag',$,IFCLABEL('BL_2026-04'),$);
#5964=IFCPROPERTYSET('3HhtmN2e97yvB9EgM4eqBb',#6,'Pset_5D',$,(#5949,#5950,#5951,#5952,#5953,#5954,#5955,#5956,#5957,#5958,#5959,#5960,#5961,#5962,#5963));
#5965=IFCRELDEFINESBYPROPERTIES('10eQhCVpL35AjwHy$pVQRi',#6,$,$,(#3640),#5964);
#5966=IFCPROPERTYSINGLEVALUE('WBS_Level1',$,IFCLABEL('CONSTRUCTION'),$);
#5967=IFCPROPERTYSINGLEVALUE('WBS_Level2',$,IFCLABEL('LEVEL-2'),$);
#5968=IFCPROPERTYSINGLEVALUE('WBS_Level4',$,IFCLABEL('PKG-FRAME-L2'),$);
#5969=IFCPROPERTYSINGLEVALUE('P6_ActivityID',$,IFCLABEL('A007'),$);
#5970=IFCPROPERTYSINGLEVALUE('P6_TaskName',$,IFCLABEL('Level 2 \X2\2013\X0\ RC Beams and Roof Slab'),$);
#5971=IFCPROPERTYSINGLEVALUE('PlannedStart',$,IFCLABEL('2027-03-01'),$);
#5972=IFCPROPERTYSINGLEVALUE('PlannedFinish',$,IFCLABEL('2027-04-30'),$);
#5973=IFCPROPERTYSINGLEVALUE('Element_Mark',$,IFCLABEL('BM-V-3AB-L2'),$);
#5974=IFCPROPERTYSINGLEVALUE('CostCode_1',$,IFCLABEL('CBS-003'),$);
#5975=IFCPROPERTYSINGLEVALUE('CostCode_2',$,IFCLABEL('CBS-004'),$);
#5976=IFCPROPERTYSINGLEVALUE('UOM',$,IFCLABEL('m\X2\00B3\X0\'),$);
#5977=IFCPROPERTYSINGLEVALUE('PlannedValue',$,IFCREAL(5833.3299999999999),$);
#5978=IFCPROPERTYSINGLEVALUE('PVWeight',$,IFCREAL(0.023810000000000001),$);
#5979=IFCPROPERTYSINGLEVALUE('ElementsInTask',$,IFCINTEGER(42),$);
#5980=IFCPROPERTYSINGLEVALUE('Baseline_Tag',$,IFCLABEL('BL_2026-04'),$);
#5981=IFCPROPERTYSET('060smz72n5cvifkwIjI2Il',#6,'Pset_5D',$,(#5966,#5967,#5968,#5969,#5970,#5971,#5972,#5973,#5974,#5975,#5976,#5977,#5978,#5979,#5980));
#5982=IFCRELDEFINESBYPROPERTIES('09$EyLJW98pwDqglJ297dF',#6,$,$,(#3668),#5981);
#5983=IFCPROPERTYSINGLEVALUE('WBS_Level1',$,IFCLABEL('CONSTRUCTION'),$);
#5984=IFCPROPERTYSINGLEVALUE('WBS_Level2',$,IFCLABEL('LEVEL-2'),$);
#5985=IFCPROPERTYSINGLEVALUE('WBS_Level4',$,IFCLABEL('PKG-FRAME-L2'),$);
#5986=IFCPROPERTYSINGLEVALUE('P6_ActivityID',$,IFCLABEL('A007'),$);
#5987=IFCPROPERTYSINGLEVALUE('P6_TaskName',$,IFCLABEL('Level 2 \X2\2013\X0\ RC Beams and Roof Slab'),$);
#5988=IFCPROPERTYSINGLEVALUE('PlannedStart',$,IFCLABEL('2027-03-01'),$);
#5989=IFCPROPERTYSINGLEVALUE('PlannedFinish',$,IFCLABEL('2027-04-30'),$);
#5990=IFCPROPERTYSINGLEVALUE('Element_Mark',$,IFCLABEL('BM-V-3BC-L2'),$);
#5991=IFCPROPERTYSINGLEVALUE('CostCode_1',$,IFCLABEL('CBS-003'),$);
#5992=IFCPROPERTYSINGLEVALUE('CostCode_2',$,IFCLABEL('CBS-004'),$);
#5993=IFCPROPERTYSINGLEVALUE('UOM',$,IFCLABEL('m\X2\00B3\X0\'),$);
#5994=IFCPROPERTYSINGLEVALUE('PlannedValue',$,IFCREAL(5833.3299999999999),$);
#5995=IFCPROPERTYSINGLEVALUE('PVWeight',$,IFCREAL(0.023810000000000001),$);
#5996=IFCPROPERTYSINGLEVALUE('ElementsInTask',$,IFCINTEGER(42),$);
#5997=IFCPROPERTYSINGLEVALUE('Baseline_Tag',$,IFCLABEL('BL_2026-04'),$);
#5998=IFCPROPERTYSET('1dTEiEFdPEnwIlFPqn4bms',#6,'Pset_5D',$,(#5983,#5984,#5985,#5986,#5987,#5988,#5989,#5990,#5991,#5992,#5993,#5994,#5995,#5996,#5997));
#5999=IFCRELDEFINESBYPROPERTIES('1etDT8c$nFCv65S9Yvx2xa',#6,$,$,(#3696),#5998);
#6000=IFCPROPERTYSINGLEVALUE('WBS_Level1',$,IFCLABEL('CONSTRUCTION'),$);
#6001=IFCPROPERTYSINGLEVALUE('WBS_Level2',$,IFCLABEL('LEVEL-2'),$);
#6002=IFCPROPERTYSINGLEVALUE('WBS_Level4',$,IFCLABEL('PKG-FRAME-L2'),$);
#6003=IFCPROPERTYSINGLEVALUE('P6_ActivityID',$,IFCLABEL('A007'),$);
#6004=IFCPROPERTYSINGLEVALUE('P6_TaskName',$,IFCLABEL('Level 2 \X2\2013\X0\ RC Beams and Roof Slab'),$);
#6005=IFCPROPERTYSINGLEVALUE('PlannedStart',$,IFCLABEL('2027-03-01'),$);
#6006=IFCPROPERTYSINGLEVALUE('PlannedFinish',$,IFCLABEL('2027-04-30'),$);
#6007=IFCPROPERTYSINGLEVALUE('Element_Mark',$,IFCLABEL('BM-V-3CD-L2'),$);
#6008=IFCPROPERTYSINGLEVALUE('CostCode_1',$,IFCLABEL('CBS-003'),$);
#6009=IFCPROPERTYSINGLEVALUE('CostCode_2',$,IFCLABEL('CBS-004'),$);
#6010=IFCPROPERTYSINGLEVALUE('UOM',$,IFCLABEL('m\X2\00B3\X0\'),$);
#6011=IFCPROPERTYSINGLEVALUE('PlannedValue',$,IFCREAL(5833.3299999999999),$);
#6012=IFCPROPERTYSINGLEVALUE('PVWeight',$,IFCREAL(0.023810000000000001),$);
#6013=IFCPROPERTYSINGLEVALUE('ElementsInTask',$,IFCINTEGER(42),$);
#6014=IFCPROPERTYSINGLEVALUE('Baseline_Tag',$,IFCLABEL('BL_2026-04'),$);
#6015=IFCPROPERTYSET('3p_fI7m_XFABFcJCIeHhKS',#6,'Pset_5D',$,(#6000,#6001,#6002,#6003,#6004,#6005,#6006,#6007,#6008,#6009,#6010,#6011,#6012,#6013,#6014));
#6016=IFCRELDEFINESBYPROPERTIES('2ZjkF7f$r0VRaPOLcQYyPL',#6,$,$,(#3724),#6015);
#6017=IFCPROPERTYSINGLEVALUE('WBS_Level1',$,IFCLABEL('CONSTRUCTION'),$);
#6018=IFCPROPERTYSINGLEVALUE('WBS_Level2',$,IFCLABEL('LEVEL-2'),$);
#6019=IFCPROPERTYSINGLEVALUE('WBS_Level4',$,IFCLABEL('PKG-FRAME-L2'),$);
#6020=IFCPROPERTYSINGLEVALUE('P6_ActivityID',$,IFCLABEL('A007'),$);
#6021=IFCPROPERTYSINGLEVALUE('P6_TaskName',$,IFCLABEL('Level 2 \X2\2013\X0\ RC Beams and Roof Slab'),$);
#6022=IFCPROPERTYSINGLEVALUE('PlannedStart',$,IFCLABEL('2027-03-01'),$);
#6023=IFCPROPERTYSINGLEVALUE('PlannedFinish',$,IFCLABEL('2027-04-30'),$);
#6024=IFCPROPERTYSINGLEVALUE('Element_Mark',$,IFCLABEL('BM-V-4AB-L2'),$);
#6025=IFCPROPERTYSINGLEVALUE('CostCode_1',$,IFCLABEL('CBS-003'),$);
#6026=IFCPROPERTYSINGLEVALUE('CostCode_2',$,IFCLABEL('CBS-004'),$);
#6027=IFCPROPERTYSINGLEVALUE('UOM',$,IFCLABEL('m\X2\00B3\X0\'),$);
#6028=IFCPROPERTYSINGLEVALUE('PlannedValue',$,IFCREAL(5833.3299999999999),$);
#6029=IFCPROPERTYSINGLEVALUE('PVWeight',$,IFCREAL(0.023810000000000001),$);
#6030=IFCPROPERTYSINGLEVALUE('ElementsInTask',$,IFCINTEGER(42),$);
#6031=IFCPROPERTYSINGLEVALUE('Baseline_Tag',$,IFCLABEL('BL_2026-04'),$);
#6032=IFCPROPERTYSET('2Z7OxlpKn17R4PH3tzs4hW',#6,'Pset_5D',$,(#6017,#6018,#6019,#6020,#6021,#6022,#6023,#6024,#6025,#6026,#6027,#6028,#6029,#6030,#6031));
#6033=IFCRELDEFINESBYPROPERTIES('0khIozJjf66g9TTbWsaBvK',#6,$,$,(#3752),#6032);
#6034=IFCPROPERTYSINGLEVALUE('WBS_Level1',$,IFCLABEL('CONSTRUCTION'),$);
#6035=IFCPROPERTYSINGLEVALUE('WBS_Level2',$,IFCLABEL('LEVEL-2'),$);
#6036=IFCPROPERTYSINGLEVALUE('WBS_Level4',$,IFCLABEL('PKG-FRAME-L2'),$);
#6037=IFCPROPERTYSINGLEVALUE('P6_ActivityID',$,IFCLABEL('A007'),$);
#6038=IFCPROPERTYSINGLEVALUE('P6_TaskName',$,IFCLABEL('Level 2 \X2\2013\X0\ RC Beams and Roof Slab'),$);
#6039=IFCPROPERTYSINGLEVALUE('PlannedStart',$,IFCLABEL('2027-03-01'),$);
#6040=IFCPROPERTYSINGLEVALUE('PlannedFinish',$,IFCLABEL('2027-04-30'),$);
#6041=IFCPROPERTYSINGLEVALUE('Element_Mark',$,IFCLABEL('BM-V-4BC-L2'),$);
#6042=IFCPROPERTYSINGLEVALUE('CostCode_1',$,IFCLABEL('CBS-003'),$);
#6043=IFCPROPERTYSINGLEVALUE('CostCode_2',$,IFCLABEL('CBS-004'),$);
#6044=IFCPROPERTYSINGLEVALUE('UOM',$,IFCLABEL('m\X2\00B3\X0\'),$);
#6045=IFCPROPERTYSINGLEVALUE('PlannedValue',$,IFCREAL(5833.3299999999999),$);
#6046=IFCPROPERTYSINGLEVALUE('PVWeight',$,IFCREAL(0.023810000000000001),$);
#6047=IFCPROPERTYSINGLEVALUE('ElementsInTask',$,IFCINTEGER(42),$);
#6048=IFCPROPERTYSINGLEVALUE('Baseline_Tag',$,IFCLABEL('BL_2026-04'),$);
#6049=IFCPROPERTYSET('0yy0X_AzD5DuW32LlPOUmO',#6,'Pset_5D',$,(#6034,#6035,#6036,#6037,#6038,#6039,#6040,#6041,#6042,#6043,#6044,#6045,#6046,#6047,#6048));
#6050=IFCRELDEFINESBYPROPERTIES('1H1OWhXdfCfuWtaXHKIWEt',#6,$,$,(#3780),#6049);
#6051=IFCPROPERTYSINGLEVALUE('WBS_Level1',$,IFCLABEL('CONSTRUCTION'),$);
#6052=IFCPROPERTYSINGLEVALUE('WBS_Level2',$,IFCLABEL('LEVEL-2'),$);
#6053=IFCPROPERTYSINGLEVALUE('WBS_Level4',$,IFCLABEL('PKG-FRAME-L2'),$);
#6054=IFCPROPERTYSINGLEVALUE('P6_ActivityID',$,IFCLABEL('A007'),$);
#6055=IFCPROPERTYSINGLEVALUE('P6_TaskName',$,IFCLABEL('Level 2 \X2\2013\X0\ RC Beams and Roof Slab'),$);
#6056=IFCPROPERTYSINGLEVALUE('PlannedStart',$,IFCLABEL('2027-03-01'),$);
#6057=IFCPROPERTYSINGLEVALUE('PlannedFinish',$,IFCLABEL('2027-04-30'),$);
#6058=IFCPROPERTYSINGLEVALUE('Element_Mark',$,IFCLABEL('BM-V-4CD-L2'),$);
#6059=IFCPROPERTYSINGLEVALUE('CostCode_1',$,IFCLABEL('CBS-003'),$);
#6060=IFCPROPERTYSINGLEVALUE('CostCode_2',$,IFCLABEL('CBS-004'),$);
#6061=IFCPROPERTYSINGLEVALUE('UOM',$,IFCLABEL('m\X2\00B3\X0\'),$);
#6062=IFCPROPERTYSINGLEVALUE('PlannedValue',$,IFCREAL(5833.3299999999999),$);
#6063=IFCPROPERTYSINGLEVALUE('PVWeight',$,IFCREAL(0.023810000000000001),$);
#6064=IFCPROPERTYSINGLEVALUE('ElementsInTask',$,IFCINTEGER(42),$);
#6065=IFCPROPERTYSINGLEVALUE('Baseline_Tag',$,IFCLABEL('BL_2026-04'),$);
#6066=IFCPROPERTYSET('3MPTFuHaD5QRwkSpDP6uVQ',#6,'Pset_5D',$,(#6051,#6052,#6053,#6054,#6055,#6056,#6057,#6058,#6059,#6060,#6061,#6062,#6063,#6064,#6065));
#6067=IFCRELDEFINESBYPROPERTIES('3chGZBAqbAaO__2Ljzq80i',#6,$,$,(#3808),#6066);
#6068=IFCPROPERTYSINGLEVALUE('WBS_Level1',$,IFCLABEL('CONSTRUCTION'),$);
#6069=IFCPROPERTYSINGLEVALUE('WBS_Level2',$,IFCLABEL('GROUND-FLOOR'),$);
#6070=IFCPROPERTYSINGLEVALUE('WBS_Level4',$,IFCLABEL('PKG-COLUMNS-GF'),$);
#6071=IFCPROPERTYSINGLEVALUE('P6_ActivityID',$,IFCLABEL('A002'),$);
#6072=IFCPROPERTYSINGLEVALUE('P6_TaskName',$,IFCLABEL('Ground Floor \X2\2013\X0\ RC Columns'),$);
#6073=IFCPROPERTYSINGLEVALUE('PlannedStart',$,IFCLABEL('2026-07-16'),$);
#6074=IFCPROPERTYSINGLEVALUE('PlannedFinish',$,IFCLABEL('2026-08-31'),$);
#6075=IFCPROPERTYSINGLEVALUE('Element_Mark',$,IFCLABEL('COL-A1-GF'),$);
#6076=IFCPROPERTYSINGLEVALUE('CostCode_1',$,IFCLABEL('CBS-002'),$);
#6077=IFCPROPERTYSINGLEVALUE('CostCode_2',$,IFCLABEL('CBS-005'),$);
#6078=IFCPROPERTYSINGLEVALUE('UOM',$,IFCLABEL('m\X2\00B3\X0\'),$);
#6079=IFCPROPERTYSINGLEVALUE('PlannedValue',$,IFCREAL(15625.),$);
#6080=IFCPROPERTYSINGLEVALUE('PVWeight',$,IFCREAL(0.0625),$);
#6081=IFCPROPERTYSINGLEVALUE('ElementsInTask',$,IFCINTEGER(16),$);
#6082=IFCPROPERTYSINGLEVALUE('Baseline_Tag',$,IFCLABEL('BL_2026-04'),$);
#6083=IFCPROPERTYSET('0XnWPRUJL4z9tYqoW9N7ET',#6,'Pset_5D',$,(#6068,#6069,#6070,#6071,#6072,#6073,#6074,#6075,#6076,#6077,#6078,#6079,#6080,#6081,#6082));
#6084=IFCRELDEFINESBYPROPERTIES('1kqQFECw56W8bgBt508mJU',#6,$,$,(#469),#6083);
#6085=IFCPROPERTYSINGLEVALUE('WBS_Level1',$,IFCLABEL('CONSTRUCTION'),$);
#6086=IFCPROPERTYSINGLEVALUE('WBS_Level2',$,IFCLABEL('GROUND-FLOOR'),$);
#6087=IFCPROPERTYSINGLEVALUE('WBS_Level4',$,IFCLABEL('PKG-COLUMNS-GF'),$);
#6088=IFCPROPERTYSINGLEVALUE('P6_ActivityID',$,IFCLABEL('A002'),$);
#6089=IFCPROPERTYSINGLEVALUE('P6_TaskName',$,IFCLABEL('Ground Floor \X2\2013\X0\ RC Columns'),$);
#6090=IFCPROPERTYSINGLEVALUE('PlannedStart',$,IFCLABEL('2026-07-16'),$);
#6091=IFCPROPERTYSINGLEVALUE('PlannedFinish',$,IFCLABEL('2026-08-31'),$);
#6092=IFCPROPERTYSINGLEVALUE('Element_Mark',$,IFCLABEL('COL-A2-GF'),$);
#6093=IFCPROPERTYSINGLEVALUE('CostCode_1',$,IFCLABEL('CBS-002'),$);
#6094=IFCPROPERTYSINGLEVALUE('CostCode_2',$,IFCLABEL('CBS-005'),$);
#6095=IFCPROPERTYSINGLEVALUE('UOM',$,IFCLABEL('m\X2\00B3\X0\'),$);
#6096=IFCPROPERTYSINGLEVALUE('PlannedValue',$,IFCREAL(15625.),$);
#6097=IFCPROPERTYSINGLEVALUE('PVWeight',$,IFCREAL(0.0625),$);
#6098=IFCPROPERTYSINGLEVALUE('ElementsInTask',$,IFCINTEGER(16),$);
#6099=IFCPROPERTYSINGLEVALUE('Baseline_Tag',$,IFCLABEL('BL_2026-04'),$);
#6100=IFCPROPERTYSET('3QvEaBkqzAWgd9W2iHQmOw',#6,'Pset_5D',$,(#6085,#6086,#6087,#6088,#6089,#6090,#6091,#6092,#6093,#6094,#6095,#6096,#6097,#6098,#6099));
#6101=IFCRELDEFINESBYPROPERTIES('32T1I21OT0GRgYO68WHpfy',#6,$,$,(#499),#6100);
#6102=IFCPROPERTYSINGLEVALUE('WBS_Level1',$,IFCLABEL('CONSTRUCTION'),$);
#6103=IFCPROPERTYSINGLEVALUE('WBS_Level2',$,IFCLABEL('GROUND-FLOOR'),$);
#6104=IFCPROPERTYSINGLEVALUE('WBS_Level4',$,IFCLABEL('PKG-COLUMNS-GF'),$);
#6105=IFCPROPERTYSINGLEVALUE('P6_ActivityID',$,IFCLABEL('A002'),$);
#6106=IFCPROPERTYSINGLEVALUE('P6_TaskName',$,IFCLABEL('Ground Floor \X2\2013\X0\ RC Columns'),$);
#6107=IFCPROPERTYSINGLEVALUE('PlannedStart',$,IFCLABEL('2026-07-16'),$);
#6108=IFCPROPERTYSINGLEVALUE('PlannedFinish',$,IFCLABEL('2026-08-31'),$);
#6109=IFCPROPERTYSINGLEVALUE('Element_Mark',$,IFCLABEL('COL-A3-GF'),$);
#6110=IFCPROPERTYSINGLEVALUE('CostCode_1',$,IFCLABEL('CBS-002'),$);
#6111=IFCPROPERTYSINGLEVALUE('CostCode_2',$,IFCLABEL('CBS-005'),$);
#6112=IFCPROPERTYSINGLEVALUE('UOM',$,IFCLABEL('m\X2\00B3\X0\'),$);
#6113=IFCPROPERTYSINGLEVALUE('PlannedValue',$,IFCREAL(15625.),$);
#6114=IFCPROPERTYSINGLEVALUE('PVWeight',$,IFCREAL(0.0625),$);
#6115=IFCPROPERTYSINGLEVALUE('ElementsInTask',$,IFCINTEGER(16),$);
#6116=IFCPROPERTYSINGLEVALUE('Baseline_Tag',$,IFCLABEL('BL_2026-04'),$);
#6117=IFCPROPERTYSET('1a7CqxMkj7oPTVuCckyIVp',#6,'Pset_5D',$,(#6102,#6103,#6104,#6105,#6106,#6107,#6108,#6109,#6110,#6111,#6112,#6113,#6114,#6115,#6116));
#6118=IFCRELDEFINESBYPROPERTIES('3ODcMQw1rA6Bb97jnJtMMx',#6,$,$,(#527),#6117);
#6119=IFCPROPERTYSINGLEVALUE('WBS_Level1',$,IFCLABEL('CONSTRUCTION'),$);
#6120=IFCPROPERTYSINGLEVALUE('WBS_Level2',$,IFCLABEL('GROUND-FLOOR'),$);
#6121=IFCPROPERTYSINGLEVALUE('WBS_Level4',$,IFCLABEL('PKG-COLUMNS-GF'),$);
#6122=IFCPROPERTYSINGLEVALUE('P6_ActivityID',$,IFCLABEL('A002'),$);
#6123=IFCPROPERTYSINGLEVALUE('P6_TaskName',$,IFCLABEL('Ground Floor \X2\2013\X0\ RC Columns'),$);
#6124=IFCPROPERTYSINGLEVALUE('PlannedStart',$,IFCLABEL('2026-07-16'),$);
#6125=IFCPROPERTYSINGLEVALUE('PlannedFinish',$,IFCLABEL('2026-08-31'),$);
#6126=IFCPROPERTYSINGLEVALUE('Element_Mark',$,IFCLABEL('COL-A4-GF'),$);
#6127=IFCPROPERTYSINGLEVALUE('CostCode_1',$,IFCLABEL('CBS-002'),$);
#6128=IFCPROPERTYSINGLEVALUE('CostCode_2',$,IFCLABEL('CBS-005'),$);
#6129=IFCPROPERTYSINGLEVALUE('UOM',$,IFCLABEL('m\X2\00B3\X0\'),$);
#6130=IFCPROPERTYSINGLEVALUE('PlannedValue',$,IFCREAL(15625.),$);
#6131=IFCPROPERTYSINGLEVALUE('PVWeight',$,IFCREAL(0.0625),$);
#6132=IFCPROPERTYSINGLEVALUE('ElementsInTask',$,IFCINTEGER(16),$);
#6133=IFCPROPERTYSINGLEVALUE('Baseline_Tag',$,IFCLABEL('BL_2026-04'),$);
#6134=IFCPROPERTYSET('33Oxp417r7OhNaG88RtPdh',#6,'Pset_5D',$,(#6119,#6120,#6121,#6122,#6123,#6124,#6125,#6126,#6127,#6128,#6129,#6130,#6131,#6132,#6133));
#6135=IFCRELDEFINESBYPROPERTIES('0vF0IZzebDFQb_SbJtkTiF',#6,$,$,(#555),#6134);
#6136=IFCPROPERTYSINGLEVALUE('WBS_Level1',$,IFCLABEL('CONSTRUCTION'),$);
#6137=IFCPROPERTYSINGLEVALUE('WBS_Level2',$,IFCLABEL('GROUND-FLOOR'),$);
#6138=IFCPROPERTYSINGLEVALUE('WBS_Level4',$,IFCLABEL('PKG-COLUMNS-GF'),$);
#6139=IFCPROPERTYSINGLEVALUE('P6_ActivityID',$,IFCLABEL('A002'),$);
#6140=IFCPROPERTYSINGLEVALUE('P6_TaskName',$,IFCLABEL('Ground Floor \X2\2013\X0\ RC Columns'),$);
#6141=IFCPROPERTYSINGLEVALUE('PlannedStart',$,IFCLABEL('2026-07-16'),$);
#6142=IFCPROPERTYSINGLEVALUE('PlannedFinish',$,IFCLABEL('2026-08-31'),$);
#6143=IFCPROPERTYSINGLEVALUE('Element_Mark',$,IFCLABEL('COL-B1-GF'),$);
#6144=IFCPROPERTYSINGLEVALUE('CostCode_1',$,IFCLABEL('CBS-002'),$);
#6145=IFCPROPERTYSINGLEVALUE('CostCode_2',$,IFCLABEL('CBS-005'),$);
#6146=IFCPROPERTYSINGLEVALUE('UOM',$,IFCLABEL('m\X2\00B3\X0\'),$);
#6147=IFCPROPERTYSINGLEVALUE('PlannedValue',$,IFCREAL(15625.),$);
#6148=IFCPROPERTYSINGLEVALUE('PVWeight',$,IFCREAL(0.0625),$);
#6149=IFCPROPERTYSINGLEVALUE('ElementsInTask',$,IFCINTEGER(16),$);
#6150=IFCPROPERTYSINGLEVALUE('Baseline_Tag',$,IFCLABEL('BL_2026-04'),$);
#6151=IFCPROPERTYSET('0hDABOyXf52R6LJQ65Dcp1',#6,'Pset_5D',$,(#6136,#6137,#6138,#6139,#6140,#6141,#6142,#6143,#6144,#6145,#6146,#6147,#6148,#6149,#6150));
#6152=IFCRELDEFINESBYPROPERTIES('22wmSTNs14vejYruNWKvkN',#6,$,$,(#583),#6151);
#6153=IFCPROPERTYSINGLEVALUE('WBS_Level1',$,IFCLABEL('CONSTRUCTION'),$);
#6154=IFCPROPERTYSINGLEVALUE('WBS_Level2',$,IFCLABEL('GROUND-FLOOR'),$);
#6155=IFCPROPERTYSINGLEVALUE('WBS_Level4',$,IFCLABEL('PKG-COLUMNS-GF'),$);
#6156=IFCPROPERTYSINGLEVALUE('P6_ActivityID',$,IFCLABEL('A002'),$);
#6157=IFCPROPERTYSINGLEVALUE('P6_TaskName',$,IFCLABEL('Ground Floor \X2\2013\X0\ RC Columns'),$);
#6158=IFCPROPERTYSINGLEVALUE('PlannedStart',$,IFCLABEL('2026-07-16'),$);
#6159=IFCPROPERTYSINGLEVALUE('PlannedFinish',$,IFCLABEL('2026-08-31'),$);
#6160=IFCPROPERTYSINGLEVALUE('Element_Mark',$,IFCLABEL('COL-B2-GF'),$);
#6161=IFCPROPERTYSINGLEVALUE('CostCode_1',$,IFCLABEL('CBS-002'),$);
#6162=IFCPROPERTYSINGLEVALUE('CostCode_2',$,IFCLABEL('CBS-005'),$);
#6163=IFCPROPERTYSINGLEVALUE('UOM',$,IFCLABEL('m\X2\00B3\X0\'),$);
#6164=IFCPROPERTYSINGLEVALUE('PlannedValue',$,IFCREAL(15625.),$);
#6165=IFCPROPERTYSINGLEVALUE('PVWeight',$,IFCREAL(0.0625),$);
#6166=IFCPROPERTYSINGLEVALUE('ElementsInTask',$,IFCINTEGER(16),$);
#6167=IFCPROPERTYSINGLEVALUE('Baseline_Tag',$,IFCLABEL('BL_2026-04'),$);
#6168=IFCPROPERTYSET('3OGWoH9A9FqBkCzuCF2rUB',#6,'Pset_5D',$,(#6153,#6154,#6155,#6156,#6157,#6158,#6159,#6160,#6161,#6162,#6163,#6164,#6165,#6166,#6167));
#6169=IFCRELDEFINESBYPROPERTIES('1d_EkApjz6heaxx99R16gP',#6,$,$,(#611),#6168);
#6170=IFCPROPERTYSINGLEVALUE('WBS_Level1',$,IFCLABEL('CONSTRUCTION'),$);
#6171=IFCPROPERTYSINGLEVALUE('WBS_Level2',$,IFCLABEL('GROUND-FLOOR'),$);
#6172=IFCPROPERTYSINGLEVALUE('WBS_Level4',$,IFCLABEL('PKG-COLUMNS-GF'),$);
#6173=IFCPROPERTYSINGLEVALUE('P6_ActivityID',$,IFCLABEL('A002'),$);
#6174=IFCPROPERTYSINGLEVALUE('P6_TaskName',$,IFCLABEL('Ground Floor \X2\2013\X0\ RC Columns'),$);
#6175=IFCPROPERTYSINGLEVALUE('PlannedStart',$,IFCLABEL('2026-07-16'),$);
#6176=IFCPROPERTYSINGLEVALUE('PlannedFinish',$,IFCLABEL('2026-08-31'),$);
#6177=IFCPROPERTYSINGLEVALUE('Element_Mark',$,IFCLABEL('COL-B3-GF'),$);
#6178=IFCPROPERTYSINGLEVALUE('CostCode_1',$,IFCLABEL('CBS-002'),$);
#6179=IFCPROPERTYSINGLEVALUE('CostCode_2',$,IFCLABEL('CBS-005'),$);
#6180=IFCPROPERTYSINGLEVALUE('UOM',$,IFCLABEL('m\X2\00B3\X0\'),$);
#6181=IFCPROPERTYSINGLEVALUE('PlannedValue',$,IFCREAL(15625.),$);
#6182=IFCPROPERTYSINGLEVALUE('PVWeight',$,IFCREAL(0.0625),$);
#6183=IFCPROPERTYSINGLEVALUE('ElementsInTask',$,IFCINTEGER(16),$);
#6184=IFCPROPERTYSINGLEVALUE('Baseline_Tag',$,IFCLABEL('BL_2026-04'),$);
#6185=IFCPROPERTYSET('2G1GQn_Y15iQdkbJ2ylKUr',#6,'Pset_5D',$,(#6170,#6171,#6172,#6173,#6174,#6175,#6176,#6177,#6178,#6179,#6180,#6181,#6182,#6183,#6184));
#6186=IFCRELDEFINESBYPROPERTIES('2G9ZthEkD7UB2f_T6$EQyz',#6,$,$,(#639),#6185);
#6187=IFCPROPERTYSINGLEVALUE('WBS_Level1',$,IFCLABEL('CONSTRUCTION'),$);
#6188=IFCPROPERTYSINGLEVALUE('WBS_Level2',$,IFCLABEL('GROUND-FLOOR'),$);
#6189=IFCPROPERTYSINGLEVALUE('WBS_Level4',$,IFCLABEL('PKG-COLUMNS-GF'),$);
#6190=IFCPROPERTYSINGLEVALUE('P6_ActivityID',$,IFCLABEL('A002'),$);
#6191=IFCPROPERTYSINGLEVALUE('P6_TaskName',$,IFCLABEL('Ground Floor \X2\2013\X0\ RC Columns'),$);
#6192=IFCPROPERTYSINGLEVALUE('PlannedStart',$,IFCLABEL('2026-07-16'),$);
#6193=IFCPROPERTYSINGLEVALUE('PlannedFinish',$,IFCLABEL('2026-08-31'),$);
#6194=IFCPROPERTYSINGLEVALUE('Element_Mark',$,IFCLABEL('COL-B4-GF'),$);
#6195=IFCPROPERTYSINGLEVALUE('CostCode_1',$,IFCLABEL('CBS-002'),$);
#6196=IFCPROPERTYSINGLEVALUE('CostCode_2',$,IFCLABEL('CBS-005'),$);
#6197=IFCPROPERTYSINGLEVALUE('UOM',$,IFCLABEL('m\X2\00B3\X0\'),$);
#6198=IFCPROPERTYSINGLEVALUE('PlannedValue',$,IFCREAL(15625.),$);
#6199=IFCPROPERTYSINGLEVALUE('PVWeight',$,IFCREAL(0.0625),$);
#6200=IFCPROPERTYSINGLEVALUE('ElementsInTask',$,IFCINTEGER(16),$);
#6201=IFCPROPERTYSINGLEVALUE('Baseline_Tag',$,IFCLABEL('BL_2026-04'),$);
#6202=IFCPROPERTYSET('3FsnI5UM99P8pAJ3PmWiEf',#6,'Pset_5D',$,(#6187,#6188,#6189,#6190,#6191,#6192,#6193,#6194,#6195,#6196,#6197,#6198,#6199,#6200,#6201));
#6203=IFCRELDEFINESBYPROPERTIES('3kDN00_Ff36xrq6blGCs2m',#6,$,$,(#667),#6202);
#6204=IFCPROPERTYSINGLEVALUE('WBS_Level1',$,IFCLABEL('CONSTRUCTION'),$);
#6205=IFCPROPERTYSINGLEVALUE('WBS_Level2',$,IFCLABEL('GROUND-FLOOR'),$);
#6206=IFCPROPERTYSINGLEVALUE('WBS_Level4',$,IFCLABEL('PKG-COLUMNS-GF'),$);
#6207=IFCPROPERTYSINGLEVALUE('P6_ActivityID',$,IFCLABEL('A002'),$);
#6208=IFCPROPERTYSINGLEVALUE('P6_TaskName',$,IFCLABEL('Ground Floor \X2\2013\X0\ RC Columns'),$);
#6209=IFCPROPERTYSINGLEVALUE('PlannedStart',$,IFCLABEL('2026-07-16'),$);
#6210=IFCPROPERTYSINGLEVALUE('PlannedFinish',$,IFCLABEL('2026-08-31'),$);
#6211=IFCPROPERTYSINGLEVALUE('Element_Mark',$,IFCLABEL('COL-C1-GF'),$);
#6212=IFCPROPERTYSINGLEVALUE('CostCode_1',$,IFCLABEL('CBS-002'),$);
#6213=IFCPROPERTYSINGLEVALUE('CostCode_2',$,IFCLABEL('CBS-005'),$);
#6214=IFCPROPERTYSINGLEVALUE('UOM',$,IFCLABEL('m\X2\00B3\X0\'),$);
#6215=IFCPROPERTYSINGLEVALUE('PlannedValue',$,IFCREAL(15625.),$);
#6216=IFCPROPERTYSINGLEVALUE('PVWeight',$,IFCREAL(0.0625),$);
#6217=IFCPROPERTYSINGLEVALUE('ElementsInTask',$,IFCINTEGER(16),$);
#6218=IFCPROPERTYSINGLEVALUE('Baseline_Tag',$,IFCLABEL('BL_2026-04'),$);
#6219=IFCPROPERTYSET('3ul2fUCWzA5PCify4eVNsM',#6,'Pset_5D',$,(#6204,#6205,#6206,#6207,#6208,#6209,#6210,#6211,#6212,#6213,#6214,#6215,#6216,#6217,#6218));
#6220=IFCRELDEFINESBYPROPERTIES('3dI$JZ6sD5P9ITNmGYVqtv',#6,$,$,(#695),#6219);
#6221=IFCPROPERTYSINGLEVALUE('WBS_Level1',$,IFCLABEL('CONSTRUCTION'),$);
#6222=IFCPROPERTYSINGLEVALUE('WBS_Level2',$,IFCLABEL('GROUND-FLOOR'),$);
#6223=IFCPROPERTYSINGLEVALUE('WBS_Level4',$,IFCLABEL('PKG-COLUMNS-GF'),$);
#6224=IFCPROPERTYSINGLEVALUE('P6_ActivityID',$,IFCLABEL('A002'),$);
#6225=IFCPROPERTYSINGLEVALUE('P6_TaskName',$,IFCLABEL('Ground Floor \X2\2013\X0\ RC Columns'),$);
#6226=IFCPROPERTYSINGLEVALUE('PlannedStart',$,IFCLABEL('2026-07-16'),$);
#6227=IFCPROPERTYSINGLEVALUE('PlannedFinish',$,IFCLABEL('2026-08-31'),$);
#6228=IFCPROPERTYSINGLEVALUE('Element_Mark',$,IFCLABEL('COL-C2-GF'),$);
#6229=IFCPROPERTYSINGLEVALUE('CostCode_1',$,IFCLABEL('CBS-002'),$);
#6230=IFCPROPERTYSINGLEVALUE('CostCode_2',$,IFCLABEL('CBS-005'),$);
#6231=IFCPROPERTYSINGLEVALUE('UOM',$,IFCLABEL('m\X2\00B3\X0\'),$);
#6232=IFCPROPERTYSINGLEVALUE('PlannedValue',$,IFCREAL(15625.),$);
#6233=IFCPROPERTYSINGLEVALUE('PVWeight',$,IFCREAL(0.0625),$);
#6234=IFCPROPERTYSINGLEVALUE('ElementsInTask',$,IFCINTEGER(16),$);
#6235=IFCPROPERTYSINGLEVALUE('Baseline_Tag',$,IFCLABEL('BL_2026-04'),$);
#6236=IFCPROPERTYSET('3yH5vtysj9eRfeGhqBcUTh',#6,'Pset_5D',$,(#6221,#6222,#6223,#6224,#6225,#6226,#6227,#6228,#6229,#6230,#6231,#6232,#6233,#6234,#6235));
#6237=IFCRELDEFINESBYPROPERTIES('1BNMTsaCT51QicMSNJDUCC',#6,$,$,(#723),#6236);
#6238=IFCPROPERTYSINGLEVALUE('WBS_Level1',$,IFCLABEL('CONSTRUCTION'),$);
#6239=IFCPROPERTYSINGLEVALUE('WBS_Level2',$,IFCLABEL('GROUND-FLOOR'),$);
#6240=IFCPROPERTYSINGLEVALUE('WBS_Level4',$,IFCLABEL('PKG-COLUMNS-GF'),$);
#6241=IFCPROPERTYSINGLEVALUE('P6_ActivityID',$,IFCLABEL('A002'),$);
#6242=IFCPROPERTYSINGLEVALUE('P6_TaskName',$,IFCLABEL('Ground Floor \X2\2013\X0\ RC Columns'),$);
#6243=IFCPROPERTYSINGLEVALUE('PlannedStart',$,IFCLABEL('2026-07-16'),$);
#6244=IFCPROPERTYSINGLEVALUE('PlannedFinish',$,IFCLABEL('2026-08-31'),$);
#6245=IFCPROPERTYSINGLEVALUE('Element_Mark',$,IFCLABEL('COL-C3-GF'),$);
#6246=IFCPROPERTYSINGLEVALUE('CostCode_1',$,IFCLABEL('CBS-002'),$);
#6247=IFCPROPERTYSINGLEVALUE('CostCode_2',$,IFCLABEL('CBS-005'),$);
#6248=IFCPROPERTYSINGLEVALUE('UOM',$,IFCLABEL('m\X2\00B3\X0\'),$);
#6249=IFCPROPERTYSINGLEVALUE('PlannedValue',$,IFCREAL(15625.),$);
#6250=IFCPROPERTYSINGLEVALUE('PVWeight',$,IFCREAL(0.0625),$);
#6251=IFCPROPERTYSINGLEVALUE('ElementsInTask',$,IFCINTEGER(16),$);
#6252=IFCPROPERTYSINGLEVALUE('Baseline_Tag',$,IFCLABEL('BL_2026-04'),$);
#6253=IFCPROPERTYSET('31R1U1m1jA79f7cSDttmml',#6,'Pset_5D',$,(#6238,#6239,#6240,#6241,#6242,#6243,#6244,#6245,#6246,#6247,#6248,#6249,#6250,#6251,#6252));
#6254=IFCRELDEFINESBYPROPERTIES('0j13BV7Xf5qhp5KtHutVNn',#6,$,$,(#751),#6253);
#6255=IFCPROPERTYSINGLEVALUE('WBS_Level1',$,IFCLABEL('CONSTRUCTION'),$);
#6256=IFCPROPERTYSINGLEVALUE('WBS_Level2',$,IFCLABEL('GROUND-FLOOR'),$);
#6257=IFCPROPERTYSINGLEVALUE('WBS_Level4',$,IFCLABEL('PKG-COLUMNS-GF'),$);
#6258=IFCPROPERTYSINGLEVALUE('P6_ActivityID',$,IFCLABEL('A002'),$);
#6259=IFCPROPERTYSINGLEVALUE('P6_TaskName',$,IFCLABEL('Ground Floor \X2\2013\X0\ RC Columns'),$);
#6260=IFCPROPERTYSINGLEVALUE('PlannedStart',$,IFCLABEL('2026-07-16'),$);
#6261=IFCPROPERTYSINGLEVALUE('PlannedFinish',$,IFCLABEL('2026-08-31'),$);
#6262=IFCPROPERTYSINGLEVALUE('Element_Mark',$,IFCLABEL('COL-C4-GF'),$);
#6263=IFCPROPERTYSINGLEVALUE('CostCode_1',$,IFCLABEL('CBS-002'),$);
#6264=IFCPROPERTYSINGLEVALUE('CostCode_2',$,IFCLABEL('CBS-005'),$);
#6265=IFCPROPERTYSINGLEVALUE('UOM',$,IFCLABEL('m\X2\00B3\X0\'),$);
#6266=IFCPROPERTYSINGLEVALUE('PlannedValue',$,IFCREAL(15625.),$);
#6267=IFCPROPERTYSINGLEVALUE('PVWeight',$,IFCREAL(0.0625),$);
#6268=IFCPROPERTYSINGLEVALUE('ElementsInTask',$,IFCINTEGER(16),$);
#6269=IFCPROPERTYSINGLEVALUE('Baseline_Tag',$,IFCLABEL('BL_2026-04'),$);
#6270=IFCPROPERTYSET('1Nc1SZAvX8b9ho29CFrXRh',#6,'Pset_5D',$,(#6255,#6256,#6257,#6258,#6259,#6260,#6261,#6262,#6263,#6264,#6265,#6266,#6267,#6268,#6269));
#6271=IFCRELDEFINESBYPROPERTIES('2CJITNuu5CNu0XSOsvhOBN',#6,$,$,(#779),#6270);
#6272=IFCPROPERTYSINGLEVALUE('WBS_Level1',$,IFCLABEL('CONSTRUCTION'),$);
#6273=IFCPROPERTYSINGLEVALUE('WBS_Level2',$,IFCLABEL('GROUND-FLOOR'),$);
#6274=IFCPROPERTYSINGLEVALUE('WBS_Level4',$,IFCLABEL('PKG-COLUMNS-GF'),$);
#6275=IFCPROPERTYSINGLEVALUE('P6_ActivityID',$,IFCLABEL('A002'),$);
#6276=IFCPROPERTYSINGLEVALUE('P6_TaskName',$,IFCLABEL('Ground Floor \X2\2013\X0\ RC Columns'),$);
#6277=IFCPROPERTYSINGLEVALUE('PlannedStart',$,IFCLABEL('2026-07-16'),$);
#6278=IFCPROPERTYSINGLEVALUE('PlannedFinish',$,IFCLABEL('2026-08-31'),$);
#6279=IFCPROPERTYSINGLEVALUE('Element_Mark',$,IFCLABEL('COL-D1-GF'),$);
#6280=IFCPROPERTYSINGLEVALUE('CostCode_1',$,IFCLABEL('CBS-002'),$);
#6281=IFCPROPERTYSINGLEVALUE('CostCode_2',$,IFCLABEL('CBS-005'),$);
#6282=IFCPROPERTYSINGLEVALUE('UOM',$,IFCLABEL('m\X2\00B3\X0\'),$);
#6283=IFCPROPERTYSINGLEVALUE('PlannedValue',$,IFCREAL(15625.),$);
#6284=IFCPROPERTYSINGLEVALUE('PVWeight',$,IFCREAL(0.0625),$);
#6285=IFCPROPERTYSINGLEVALUE('ElementsInTask',$,IFCINTEGER(16),$);
#6286=IFCPROPERTYSINGLEVALUE('Baseline_Tag',$,IFCLABEL('BL_2026-04'),$);
#6287=IFCPROPERTYSET('28AzMNbDL60uiI2BXDqHHu',#6,'Pset_5D',$,(#6272,#6273,#6274,#6275,#6276,#6277,#6278,#6279,#6280,#6281,#6282,#6283,#6284,#6285,#6286));
#6288=IFCRELDEFINESBYPROPERTIES('16aZrPY150tB695bfaqG1o',#6,$,$,(#807),#6287);
#6289=IFCPROPERTYSINGLEVALUE('WBS_Level1',$,IFCLABEL('CONSTRUCTION'),$);
#6290=IFCPROPERTYSINGLEVALUE('WBS_Level2',$,IFCLABEL('GROUND-FLOOR'),$);
#6291=IFCPROPERTYSINGLEVALUE('WBS_Level4',$,IFCLABEL('PKG-COLUMNS-GF'),$);
#6292=IFCPROPERTYSINGLEVALUE('P6_ActivityID',$,IFCLABEL('A002'),$);
#6293=IFCPROPERTYSINGLEVALUE('P6_TaskName',$,IFCLABEL('Ground Floor \X2\2013\X0\ RC Columns'),$);
#6294=IFCPROPERTYSINGLEVALUE('PlannedStart',$,IFCLABEL('2026-07-16'),$);
#6295=IFCPROPERTYSINGLEVALUE('PlannedFinish',$,IFCLABEL('2026-08-31'),$);
#6296=IFCPROPERTYSINGLEVALUE('Element_Mark',$,IFCLABEL('COL-D2-GF'),$);
#6297=IFCPROPERTYSINGLEVALUE('CostCode_1',$,IFCLABEL('CBS-002'),$);
#6298=IFCPROPERTYSINGLEVALUE('CostCode_2',$,IFCLABEL('CBS-005'),$);
#6299=IFCPROPERTYSINGLEVALUE('UOM',$,IFCLABEL('m\X2\00B3\X0\'),$);
#6300=IFCPROPERTYSINGLEVALUE('PlannedValue',$,IFCREAL(15625.),$);
#6301=IFCPROPERTYSINGLEVALUE('PVWeight',$,IFCREAL(0.0625),$);
#6302=IFCPROPERTYSINGLEVALUE('ElementsInTask',$,IFCINTEGER(16),$);
#6303=IFCPROPERTYSINGLEVALUE('Baseline_Tag',$,IFCLABEL('BL_2026-04'),$);
#6304=IFCPROPERTYSET('1e_9pmGV5BagvMWxwwrW6J',#6,'Pset_5D',$,(#6289,#6290,#6291,#6292,#6293,#6294,#6295,#6296,#6297,#6298,#6299,#6300,#6301,#6302,#6303));
#6305=IFCRELDEFINESBYPROPERTIES('3_EMzrQaDAnQBMInBxlZmS',#6,$,$,(#835),#6304);
#6306=IFCPROPERTYSINGLEVALUE('WBS_Level1',$,IFCLABEL('CONSTRUCTION'),$);
#6307=IFCPROPERTYSINGLEVALUE('WBS_Level2',$,IFCLABEL('GROUND-FLOOR'),$);
#6308=IFCPROPERTYSINGLEVALUE('WBS_Level4',$,IFCLABEL('PKG-COLUMNS-GF'),$);
#6309=IFCPROPERTYSINGLEVALUE('P6_ActivityID',$,IFCLABEL('A002'),$);
#6310=IFCPROPERTYSINGLEVALUE('P6_TaskName',$,IFCLABEL('Ground Floor \X2\2013\X0\ RC Columns'),$);
#6311=IFCPROPERTYSINGLEVALUE('PlannedStart',$,IFCLABEL('2026-07-16'),$);
#6312=IFCPROPERTYSINGLEVALUE('PlannedFinish',$,IFCLABEL('2026-08-31'),$);
#6313=IFCPROPERTYSINGLEVALUE('Element_Mark',$,IFCLABEL('COL-D3-GF'),$);
#6314=IFCPROPERTYSINGLEVALUE('CostCode_1',$,IFCLABEL('CBS-002'),$);
#6315=IFCPROPERTYSINGLEVALUE('CostCode_2',$,IFCLABEL('CBS-005'),$);
#6316=IFCPROPERTYSINGLEVALUE('UOM',$,IFCLABEL('m\X2\00B3\X0\'),$);
#6317=IFCPROPERTYSINGLEVALUE('PlannedValue',$,IFCREAL(15625.),$);
#6318=IFCPROPERTYSINGLEVALUE('PVWeight',$,IFCREAL(0.0625),$);
#6319=IFCPROPERTYSINGLEVALUE('ElementsInTask',$,IFCINTEGER(16),$);
#6320=IFCPROPERTYSINGLEVALUE('Baseline_Tag',$,IFCLABEL('BL_2026-04'),$);
#6321=IFCPROPERTYSET('08vOAx3c11wB6lrTgPa5Kf',#6,'Pset_5D',$,(#6306,#6307,#6308,#6309,#6310,#6311,#6312,#6313,#6314,#6315,#6316,#6317,#6318,#6319,#6320));
#6322=IFCRELDEFINESBYPROPERTIES('00tRn8Zez3MAMrEnpCbGZ6',#6,$,$,(#863),#6321);
#6323=IFCPROPERTYSINGLEVALUE('WBS_Level1',$,IFCLABEL('CONSTRUCTION'),$);
#6324=IFCPROPERTYSINGLEVALUE('WBS_Level2',$,IFCLABEL('GROUND-FLOOR'),$);
#6325=IFCPROPERTYSINGLEVALUE('WBS_Level4',$,IFCLABEL('PKG-COLUMNS-GF'),$);
#6326=IFCPROPERTYSINGLEVALUE('P6_ActivityID',$,IFCLABEL('A002'),$);
#6327=IFCPROPERTYSINGLEVALUE('P6_TaskName',$,IFCLABEL('Ground Floor \X2\2013\X0\ RC Columns'),$);
#6328=IFCPROPERTYSINGLEVALUE('PlannedStart',$,IFCLABEL('2026-07-16'),$);
#6329=IFCPROPERTYSINGLEVALUE('PlannedFinish',$,IFCLABEL('2026-08-31'),$);
#6330=IFCPROPERTYSINGLEVALUE('Element_Mark',$,IFCLABEL('COL-D4-GF'),$);
#6331=IFCPROPERTYSINGLEVALUE('CostCode_1',$,IFCLABEL('CBS-002'),$);
#6332=IFCPROPERTYSINGLEVALUE('CostCode_2',$,IFCLABEL('CBS-005'),$);
#6333=IFCPROPERTYSINGLEVALUE('UOM',$,IFCLABEL('m\X2\00B3\X0\'),$);
#6334=IFCPROPERTYSINGLEVALUE('PlannedValue',$,IFCREAL(15625.),$);
#6335=IFCPROPERTYSINGLEVALUE('PVWeight',$,IFCREAL(0.0625),$);
#6336=IFCPROPERTYSINGLEVALUE('ElementsInTask',$,IFCINTEGER(16),$);
#6337=IFCPROPERTYSINGLEVALUE('Baseline_Tag',$,IFCLABEL('BL_2026-04'),$);
#6338=IFCPROPERTYSET('0GAIckmxXF5hteNbUlIuOx',#6,'Pset_5D',$,(#6323,#6324,#6325,#6326,#6327,#6328,#6329,#6330,#6331,#6332,#6333,#6334,#6335,#6336,#6337));
#6339=IFCRELDEFINESBYPROPERTIES('3JydxQuUDCEf5u3Xx$Mkpt',#6,$,$,(#891),#6338);
#6340=IFCPROPERTYSINGLEVALUE('WBS_Level1',$,IFCLABEL('CONSTRUCTION'),$);
#6341=IFCPROPERTYSINGLEVALUE('WBS_Level2',$,IFCLABEL('LEVEL-1'),$);
#6342=IFCPROPERTYSINGLEVALUE('WBS_Level4',$,IFCLABEL('PKG-COLUMNS-L1'),$);
#6343=IFCPROPERTYSINGLEVALUE('P6_ActivityID',$,IFCLABEL('A004'),$);
#6344=IFCPROPERTYSINGLEVALUE('P6_TaskName',$,IFCLABEL('Level 1 \X2\2013\X0\ RC Columns'),$);
#6345=IFCPROPERTYSINGLEVALUE('PlannedStart',$,IFCLABEL('2026-11-01'),$);
#6346=IFCPROPERTYSINGLEVALUE('PlannedFinish',$,IFCLABEL('2026-11-30'),$);
#6347=IFCPROPERTYSINGLEVALUE('Element_Mark',$,IFCLABEL('COL-A1-L1'),$);
#6348=IFCPROPERTYSINGLEVALUE('CostCode_1',$,IFCLABEL('CBS-002'),$);
#6349=IFCPROPERTYSINGLEVALUE('CostCode_2',$,IFCLABEL('CBS-005'),$);
#6350=IFCPROPERTYSINGLEVALUE('UOM',$,IFCLABEL('m\X2\00B3\X0\'),$);
#6351=IFCPROPERTYSINGLEVALUE('PlannedValue',$,IFCREAL(7812.5),$);
#6352=IFCPROPERTYSINGLEVALUE('PVWeight',$,IFCREAL(0.0625),$);
#6353=IFCPROPERTYSINGLEVALUE('ElementsInTask',$,IFCINTEGER(16),$);
#6354=IFCPROPERTYSINGLEVALUE('Baseline_Tag',$,IFCLABEL('BL_2026-04'),$);
#6355=IFCPROPERTYSET('21P_GWET90deiJuHg24DrB',#6,'Pset_5D',$,(#6340,#6341,#6342,#6343,#6344,#6345,#6346,#6347,#6348,#6349,#6350,#6351,#6352,#6353,#6354));
#6356=IFCRELDEFINESBYPROPERTIES('0OXjwL9HDFGR6ErJkqq8Kt',#6,$,$,(#919),#6355);
#6357=IFCPROPERTYSINGLEVALUE('WBS_Level1',$,IFCLABEL('CONSTRUCTION'),$);
#6358=IFCPROPERTYSINGLEVALUE('WBS_Level2',$,IFCLABEL('LEVEL-1'),$);
#6359=IFCPROPERTYSINGLEVALUE('WBS_Level4',$,IFCLABEL('PKG-COLUMNS-L1'),$);
#6360=IFCPROPERTYSINGLEVALUE('P6_ActivityID',$,IFCLABEL('A004'),$);
#6361=IFCPROPERTYSINGLEVALUE('P6_TaskName',$,IFCLABEL('Level 1 \X2\2013\X0\ RC Columns'),$);
#6362=IFCPROPERTYSINGLEVALUE('PlannedStart',$,IFCLABEL('2026-11-01'),$);
#6363=IFCPROPERTYSINGLEVALUE('PlannedFinish',$,IFCLABEL('2026-11-30'),$);
#6364=IFCPROPERTYSINGLEVALUE('Element_Mark',$,IFCLABEL('COL-A2-L1'),$);
#6365=IFCPROPERTYSINGLEVALUE('CostCode_1',$,IFCLABEL('CBS-002'),$);
#6366=IFCPROPERTYSINGLEVALUE('CostCode_2',$,IFCLABEL('CBS-005'),$);
#6367=IFCPROPERTYSINGLEVALUE('UOM',$,IFCLABEL('m\X2\00B3\X0\'),$);
#6368=IFCPROPERTYSINGLEVALUE('PlannedValue',$,IFCREAL(7812.5),$);
#6369=IFCPROPERTYSINGLEVALUE('PVWeight',$,IFCREAL(0.0625),$);
#6370=IFCPROPERTYSINGLEVALUE('ElementsInTask',$,IFCINTEGER(16),$);
#6371=IFCPROPERTYSINGLEVALUE('Baseline_Tag',$,IFCLABEL('BL_2026-04'),$);
#6372=IFCPROPERTYSET('1cpPhktDj8FwuiC7IKrQY1',#6,'Pset_5D',$,(#6357,#6358,#6359,#6360,#6361,#6362,#6363,#6364,#6365,#6366,#6367,#6368,#6369,#6370,#6371));
#6373=IFCRELDEFINESBYPROPERTIES('2EounpbIj0fRgviOmaIR56',#6,$,$,(#949),#6372);
#6374=IFCPROPERTYSINGLEVALUE('WBS_Level1',$,IFCLABEL('CONSTRUCTION'),$);
#6375=IFCPROPERTYSINGLEVALUE('WBS_Level2',$,IFCLABEL('LEVEL-1'),$);
#6376=IFCPROPERTYSINGLEVALUE('WBS_Level4',$,IFCLABEL('PKG-COLUMNS-L1'),$);
#6377=IFCPROPERTYSINGLEVALUE('P6_ActivityID',$,IFCLABEL('A004'),$);
#6378=IFCPROPERTYSINGLEVALUE('P6_TaskName',$,IFCLABEL('Level 1 \X2\2013\X0\ RC Columns'),$);
#6379=IFCPROPERTYSINGLEVALUE('PlannedStart',$,IFCLABEL('2026-11-01'),$);
#6380=IFCPROPERTYSINGLEVALUE('PlannedFinish',$,IFCLABEL('2026-11-30'),$);
#6381=IFCPROPERTYSINGLEVALUE('Element_Mark',$,IFCLABEL('COL-A3-L1'),$);
#6382=IFCPROPERTYSINGLEVALUE('CostCode_1',$,IFCLABEL('CBS-002'),$);
#6383=IFCPROPERTYSINGLEVALUE('CostCode_2',$,IFCLABEL('CBS-005'),$);
#6384=IFCPROPERTYSINGLEVALUE('UOM',$,IFCLABEL('m\X2\00B3\X0\'),$);
#6385=IFCPROPERTYSINGLEVALUE('PlannedValue',$,IFCREAL(7812.5),$);
#6386=IFCPROPERTYSINGLEVALUE('PVWeight',$,IFCREAL(0.0625),$);
#6387=IFCPROPERTYSINGLEVALUE('ElementsInTask',$,IFCINTEGER(16),$);
#6388=IFCPROPERTYSINGLEVALUE('Baseline_Tag',$,IFCLABEL('BL_2026-04'),$);
#6389=IFCPROPERTYSET('1kdDsgUzH58vGbidK0GW4G',#6,'Pset_5D',$,(#6374,#6375,#6376,#6377,#6378,#6379,#6380,#6381,#6382,#6383,#6384,#6385,#6386,#6387,#6388));
#6390=IFCRELDEFINESBYPROPERTIES('03zPuqejP7zQY_02FG8oh8',#6,$,$,(#977),#6389);
#6391=IFCPROPERTYSINGLEVALUE('WBS_Level1',$,IFCLABEL('CONSTRUCTION'),$);
#6392=IFCPROPERTYSINGLEVALUE('WBS_Level2',$,IFCLABEL('LEVEL-1'),$);
#6393=IFCPROPERTYSINGLEVALUE('WBS_Level4',$,IFCLABEL('PKG-COLUMNS-L1'),$);
#6394=IFCPROPERTYSINGLEVALUE('P6_ActivityID',$,IFCLABEL('A004'),$);
#6395=IFCPROPERTYSINGLEVALUE('P6_TaskName',$,IFCLABEL('Level 1 \X2\2013\X0\ RC Columns'),$);
#6396=IFCPROPERTYSINGLEVALUE('PlannedStart',$,IFCLABEL('2026-11-01'),$);
#6397=IFCPROPERTYSINGLEVALUE('PlannedFinish',$,IFCLABEL('2026-11-30'),$);
#6398=IFCPROPERTYSINGLEVALUE('Element_Mark',$,IFCLABEL('COL-A4-L1'),$);
#6399=IFCPROPERTYSINGLEVALUE('CostCode_1',$,IFCLABEL('CBS-002'),$);
#6400=IFCPROPERTYSINGLEVALUE('CostCode_2',$,IFCLABEL('CBS-005'),$);
#6401=IFCPROPERTYSINGLEVALUE('UOM',$,IFCLABEL('m\X2\00B3\X0\'),$);
#6402=IFCPROPERTYSINGLEVALUE('PlannedValue',$,IFCREAL(7812.5),$);
#6403=IFCPROPERTYSINGLEVALUE('PVWeight',$,IFCREAL(0.0625),$);
#6404=IFCPROPERTYSINGLEVALUE('ElementsInTask',$,IFCINTEGER(16),$);
#6405=IFCPROPERTYSINGLEVALUE('Baseline_Tag',$,IFCLABEL('BL_2026-04'),$);
#6406=IFCPROPERTYSET('1CuM5o7NHBQPvWX3sMkLw6',#6,'Pset_5D',$,(#6391,#6392,#6393,#6394,#6395,#6396,#6397,#6398,#6399,#6400,#6401,#6402,#6403,#6404,#6405));
#6407=IFCRELDEFINESBYPROPERTIES('3N4KA$5tP1gB7X5ycflPr$',#6,$,$,(#1005),#6406);
#6408=IFCPROPERTYSINGLEVALUE('WBS_Level1',$,IFCLABEL('CONSTRUCTION'),$);
#6409=IFCPROPERTYSINGLEVALUE('WBS_Level2',$,IFCLABEL('LEVEL-1'),$);
#6410=IFCPROPERTYSINGLEVALUE('WBS_Level4',$,IFCLABEL('PKG-COLUMNS-L1'),$);
#6411=IFCPROPERTYSINGLEVALUE('P6_ActivityID',$,IFCLABEL('A004'),$);
#6412=IFCPROPERTYSINGLEVALUE('P6_TaskName',$,IFCLABEL('Level 1 \X2\2013\X0\ RC Columns'),$);
#6413=IFCPROPERTYSINGLEVALUE('PlannedStart',$,IFCLABEL('2026-11-01'),$);
#6414=IFCPROPERTYSINGLEVALUE('PlannedFinish',$,IFCLABEL('2026-11-30'),$);
#6415=IFCPROPERTYSINGLEVALUE('Element_Mark',$,IFCLABEL('COL-B1-L1'),$);
#6416=IFCPROPERTYSINGLEVALUE('CostCode_1',$,IFCLABEL('CBS-002'),$);
#6417=IFCPROPERTYSINGLEVALUE('CostCode_2',$,IFCLABEL('CBS-005'),$);
#6418=IFCPROPERTYSINGLEVALUE('UOM',$,IFCLABEL('m\X2\00B3\X0\'),$);
#6419=IFCPROPERTYSINGLEVALUE('PlannedValue',$,IFCREAL(7812.5),$);
#6420=IFCPROPERTYSINGLEVALUE('PVWeight',$,IFCREAL(0.0625),$);
#6421=IFCPROPERTYSINGLEVALUE('ElementsInTask',$,IFCINTEGER(16),$);
#6422=IFCPROPERTYSINGLEVALUE('Baseline_Tag',$,IFCLABEL('BL_2026-04'),$);
#6423=IFCPROPERTYSET('1$zC1y3_j1aRSciES0GgJM',#6,'Pset_5D',$,(#6408,#6409,#6410,#6411,#6412,#6413,#6414,#6415,#6416,#6417,#6418,#6419,#6420,#6421,#6422));
#6424=IFCRELDEFINESBYPROPERTIES('2A2gXPcX93M8fZFxBEyjvS',#6,$,$,(#1033),#6423);
#6425=IFCPROPERTYSINGLEVALUE('WBS_Level1',$,IFCLABEL('CONSTRUCTION'),$);
#6426=IFCPROPERTYSINGLEVALUE('WBS_Level2',$,IFCLABEL('LEVEL-1'),$);
#6427=IFCPROPERTYSINGLEVALUE('WBS_Level4',$,IFCLABEL('PKG-COLUMNS-L1'),$);
#6428=IFCPROPERTYSINGLEVALUE('P6_ActivityID',$,IFCLABEL('A004'),$);
#6429=IFCPROPERTYSINGLEVALUE('P6_TaskName',$,IFCLABEL('Level 1 \X2\2013\X0\ RC Columns'),$);
#6430=IFCPROPERTYSINGLEVALUE('PlannedStart',$,IFCLABEL('2026-11-01'),$);
#6431=IFCPROPERTYSINGLEVALUE('PlannedFinish',$,IFCLABEL('2026-11-30'),$);
#6432=IFCPROPERTYSINGLEVALUE('Element_Mark',$,IFCLABEL('COL-B2-L1'),$);
#6433=IFCPROPERTYSINGLEVALUE('CostCode_1',$,IFCLABEL('CBS-002'),$);
#6434=IFCPROPERTYSINGLEVALUE('CostCode_2',$,IFCLABEL('CBS-005'),$);
#6435=IFCPROPERTYSINGLEVALUE('UOM',$,IFCLABEL('m\X2\00B3\X0\'),$);
#6436=IFCPROPERTYSINGLEVALUE('PlannedValue',$,IFCREAL(7812.5),$);
#6437=IFCPROPERTYSINGLEVALUE('PVWeight',$,IFCREAL(0.0625),$);
#6438=IFCPROPERTYSINGLEVALUE('ElementsInTask',$,IFCINTEGER(16),$);
#6439=IFCPROPERTYSINGLEVALUE('Baseline_Tag',$,IFCLABEL('BL_2026-04'),$);
#6440=IFCPROPERTYSET('1I2cuDzxn6husx9$O9FHgJ',#6,'Pset_5D',$,(#6425,#6426,#6427,#6428,#6429,#6430,#6431,#6432,#6433,#6434,#6435,#6436,#6437,#6438,#6439));
#6441=IFCRELDEFINESBYPROPERTIES('1giJg16Ij6twKIXqRYZFMa',#6,$,$,(#1061),#6440);
#6442=IFCPROPERTYSINGLEVALUE('WBS_Level1',$,IFCLABEL('CONSTRUCTION'),$);
#6443=IFCPROPERTYSINGLEVALUE('WBS_Level2',$,IFCLABEL('LEVEL-1'),$);
#6444=IFCPROPERTYSINGLEVALUE('WBS_Level4',$,IFCLABEL('PKG-COLUMNS-L1'),$);
#6445=IFCPROPERTYSINGLEVALUE('P6_ActivityID',$,IFCLABEL('A004'),$);
#6446=IFCPROPERTYSINGLEVALUE('P6_TaskName',$,IFCLABEL('Level 1 \X2\2013\X0\ RC Columns'),$);
#6447=IFCPROPERTYSINGLEVALUE('PlannedStart',$,IFCLABEL('2026-11-01'),$);
#6448=IFCPROPERTYSINGLEVALUE('PlannedFinish',$,IFCLABEL('2026-11-30'),$);
#6449=IFCPROPERTYSINGLEVALUE('Element_Mark',$,IFCLABEL('COL-B3-L1'),$);
#6450=IFCPROPERTYSINGLEVALUE('CostCode_1',$,IFCLABEL('CBS-002'),$);
#6451=IFCPROPERTYSINGLEVALUE('CostCode_2',$,IFCLABEL('CBS-005'),$);
#6452=IFCPROPERTYSINGLEVALUE('UOM',$,IFCLABEL('m\X2\00B3\X0\'),$);
#6453=IFCPROPERTYSINGLEVALUE('PlannedValue',$,IFCREAL(7812.5),$);
#6454=IFCPROPERTYSINGLEVALUE('PVWeight',$,IFCREAL(0.0625),$);
#6455=IFCPROPERTYSINGLEVALUE('ElementsInTask',$,IFCINTEGER(16),$);
#6456=IFCPROPERTYSINGLEVALUE('Baseline_Tag',$,IFCLABEL('BL_2026-04'),$);
#6457=IFCPROPERTYSET('34uK2NNAbB_8dM2ppGB9n$',#6,'Pset_5D',$,(#6442,#6443,#6444,#6445,#6446,#6447,#6448,#6449,#6450,#6451,#6452,#6453,#6454,#6455,#6456));
#6458=IFCRELDEFINESBYPROPERTIES('3czE3AvmP0xA2NhJzos_p3',#6,$,$,(#1089),#6457);
#6459=IFCPROPERTYSINGLEVALUE('WBS_Level1',$,IFCLABEL('CONSTRUCTION'),$);
#6460=IFCPROPERTYSINGLEVALUE('WBS_Level2',$,IFCLABEL('LEVEL-1'),$);
#6461=IFCPROPERTYSINGLEVALUE('WBS_Level4',$,IFCLABEL('PKG-COLUMNS-L1'),$);
#6462=IFCPROPERTYSINGLEVALUE('P6_ActivityID',$,IFCLABEL('A004'),$);
#6463=IFCPROPERTYSINGLEVALUE('P6_TaskName',$,IFCLABEL('Level 1 \X2\2013\X0\ RC Columns'),$);
#6464=IFCPROPERTYSINGLEVALUE('PlannedStart',$,IFCLABEL('2026-11-01'),$);
#6465=IFCPROPERTYSINGLEVALUE('PlannedFinish',$,IFCLABEL('2026-11-30'),$);
#6466=IFCPROPERTYSINGLEVALUE('Element_Mark',$,IFCLABEL('COL-B4-L1'),$);
#6467=IFCPROPERTYSINGLEVALUE('CostCode_1',$,IFCLABEL('CBS-002'),$);
#6468=IFCPROPERTYSINGLEVALUE('CostCode_2',$,IFCLABEL('CBS-005'),$);
#6469=IFCPROPERTYSINGLEVALUE('UOM',$,IFCLABEL('m\X2\00B3\X0\'),$);
#6470=IFCPROPERTYSINGLEVALUE('PlannedValue',$,IFCREAL(7812.5),$);
#6471=IFCPROPERTYSINGLEVALUE('PVWeight',$,IFCREAL(0.0625),$);
#6472=IFCPROPERTYSINGLEVALUE('ElementsInTask',$,IFCINTEGER(16),$);
#6473=IFCPROPERTYSINGLEVALUE('Baseline_Tag',$,IFCLABEL('BL_2026-04'),$);
#6474=IFCPROPERTYSET('1tBPZrz_98HQX$qhTdwMJl',#6,'Pset_5D',$,(#6459,#6460,#6461,#6462,#6463,#6464,#6465,#6466,#6467,#6468,#6469,#6470,#6471,#6472,#6473));
#6475=IFCRELDEFINESBYPROPERTIES('3CSCltNRX7_h8fTtEEO6ts',#6,$,$,(#1117),#6474);
#6476=IFCPROPERTYSINGLEVALUE('WBS_Level1',$,IFCLABEL('CONSTRUCTION'),$);
#6477=IFCPROPERTYSINGLEVALUE('WBS_Level2',$,IFCLABEL('LEVEL-1'),$);
#6478=IFCPROPERTYSINGLEVALUE('WBS_Level4',$,IFCLABEL('PKG-COLUMNS-L1'),$);
#6479=IFCPROPERTYSINGLEVALUE('P6_ActivityID',$,IFCLABEL('A004'),$);
#6480=IFCPROPERTYSINGLEVALUE('P6_TaskName',$,IFCLABEL('Level 1 \X2\2013\X0\ RC Columns'),$);
#6481=IFCPROPERTYSINGLEVALUE('PlannedStart',$,IFCLABEL('2026-11-01'),$);
#6482=IFCPROPERTYSINGLEVALUE('PlannedFinish',$,IFCLABEL('2026-11-30'),$);
#6483=IFCPROPERTYSINGLEVALUE('Element_Mark',$,IFCLABEL('COL-C1-L1'),$);
#6484=IFCPROPERTYSINGLEVALUE('CostCode_1',$,IFCLABEL('CBS-002'),$);
#6485=IFCPROPERTYSINGLEVALUE('CostCode_2',$,IFCLABEL('CBS-005'),$);
#6486=IFCPROPERTYSINGLEVALUE('UOM',$,IFCLABEL('m\X2\00B3\X0\'),$);
#6487=IFCPROPERTYSINGLEVALUE('PlannedValue',$,IFCREAL(7812.5),$);
#6488=IFCPROPERTYSINGLEVALUE('PVWeight',$,IFCREAL(0.0625),$);
#6489=IFCPROPERTYSINGLEVALUE('ElementsInTask',$,IFCINTEGER(16),$);
#6490=IFCPROPERTYSINGLEVALUE('Baseline_Tag',$,IFCLABEL('BL_2026-04'),$);
#6491=IFCPROPERTYSET('3XF8ga_Qf5b9g1lWXxoX4Q',#6,'Pset_5D',$,(#6476,#6477,#6478,#6479,#6480,#6481,#6482,#6483,#6484,#6485,#6486,#6487,#6488,#6489,#6490));
#6492=IFCRELDEFINESBYPROPERTIES('2m$UFP7Cj9COjp1vhZKAHP',#6,$,$,(#1145),#6491);
#6493=IFCPROPERTYSINGLEVALUE('WBS_Level1',$,IFCLABEL('CONSTRUCTION'),$);
#6494=IFCPROPERTYSINGLEVALUE('WBS_Level2',$,IFCLABEL('LEVEL-1'),$);
#6495=IFCPROPERTYSINGLEVALUE('WBS_Level4',$,IFCLABEL('PKG-COLUMNS-L1'),$);
#6496=IFCPROPERTYSINGLEVALUE('P6_ActivityID',$,IFCLABEL('A004'),$);
#6497=IFCPROPERTYSINGLEVALUE('P6_TaskName',$,IFCLABEL('Level 1 \X2\2013\X0\ RC Columns'),$);
#6498=IFCPROPERTYSINGLEVALUE('PlannedStart',$,IFCLABEL('2026-11-01'),$);
#6499=IFCPROPERTYSINGLEVALUE('PlannedFinish',$,IFCLABEL('2026-11-30'),$);
#6500=IFCPROPERTYSINGLEVALUE('Element_Mark',$,IFCLABEL('COL-C2-L1'),$);
#6501=IFCPROPERTYSINGLEVALUE('CostCode_1',$,IFCLABEL('CBS-002'),$);
#6502=IFCPROPERTYSINGLEVALUE('CostCode_2',$,IFCLABEL('CBS-005'),$);
#6503=IFCPROPERTYSINGLEVALUE('UOM',$,IFCLABEL('m\X2\00B3\X0\'),$);
#6504=IFCPROPERTYSINGLEVALUE('PlannedValue',$,IFCREAL(7812.5),$);
#6505=IFCPROPERTYSINGLEVALUE('PVWeight',$,IFCREAL(0.0625),$);
#6506=IFCPROPERTYSINGLEVALUE('ElementsInTask',$,IFCINTEGER(16),$);
#6507=IFCPROPERTYSINGLEVALUE('Baseline_Tag',$,IFCLABEL('BL_2026-04'),$);
#6508=IFCPROPERTYSET('0o$m4tOcH9OgnxKN$KMHvG',#6,'Pset_5D',$,(#6493,#6494,#6495,#6496,#6497,#6498,#6499,#6500,#6501,#6502,#6503,#6504,#6505,#6506,#6507));
#6509=IFCRELDEFINESBYPROPERTIES('08WUyGq1jE1e3LSGDEtwMd',#6,$,$,(#1173),#6508);
#6510=IFCPROPERTYSINGLEVALUE('WBS_Level1',$,IFCLABEL('CONSTRUCTION'),$);
#6511=IFCPROPERTYSINGLEVALUE('WBS_Level2',$,IFCLABEL('LEVEL-1'),$);
#6512=IFCPROPERTYSINGLEVALUE('WBS_Level4',$,IFCLABEL('PKG-COLUMNS-L1'),$);
#6513=IFCPROPERTYSINGLEVALUE('P6_ActivityID',$,IFCLABEL('A004'),$);
#6514=IFCPROPERTYSINGLEVALUE('P6_TaskName',$,IFCLABEL('Level 1 \X2\2013\X0\ RC Columns'),$);
#6515=IFCPROPERTYSINGLEVALUE('PlannedStart',$,IFCLABEL('2026-11-01'),$);
#6516=IFCPROPERTYSINGLEVALUE('PlannedFinish',$,IFCLABEL('2026-11-30'),$);
#6517=IFCPROPERTYSINGLEVALUE('Element_Mark',$,IFCLABEL('COL-C3-L1'),$);
#6518=IFCPROPERTYSINGLEVALUE('CostCode_1',$,IFCLABEL('CBS-002'),$);
#6519=IFCPROPERTYSINGLEVALUE('CostCode_2',$,IFCLABEL('CBS-005'),$);
#6520=IFCPROPERTYSINGLEVALUE('UOM',$,IFCLABEL('m\X2\00B3\X0\'),$);
#6521=IFCPROPERTYSINGLEVALUE('PlannedValue',$,IFCREAL(7812.5),$);
#6522=IFCPROPERTYSINGLEVALUE('PVWeight',$,IFCREAL(0.0625),$);
#6523=IFCPROPERTYSINGLEVALUE('ElementsInTask',$,IFCINTEGER(16),$);
#6524=IFCPROPERTYSINGLEVALUE('Baseline_Tag',$,IFCLABEL('BL_2026-04'),$);
#6525=IFCPROPERTYSET('0XyRhxmO90yfQe5w7iirgb',#6,'Pset_5D',$,(#6510,#6511,#6512,#6513,#6514,#6515,#6516,#6517,#6518,#6519,#6520,#6521,#6522,#6523,#6524));
#6526=IFCRELDEFINESBYPROPERTIES('1jMqm6cArCVOF46RqtEWfr',#6,$,$,(#1201),#6525);
#6527=IFCPROPERTYSINGLEVALUE('WBS_Level1',$,IFCLABEL('CONSTRUCTION'),$);
#6528=IFCPROPERTYSINGLEVALUE('WBS_Level2',$,IFCLABEL('LEVEL-1'),$);
#6529=IFCPROPERTYSINGLEVALUE('WBS_Level4',$,IFCLABEL('PKG-COLUMNS-L1'),$);
#6530=IFCPROPERTYSINGLEVALUE('P6_ActivityID',$,IFCLABEL('A004'),$);
#6531=IFCPROPERTYSINGLEVALUE('P6_TaskName',$,IFCLABEL('Level 1 \X2\2013\X0\ RC Columns'),$);
#6532=IFCPROPERTYSINGLEVALUE('PlannedStart',$,IFCLABEL('2026-11-01'),$);
#6533=IFCPROPERTYSINGLEVALUE('PlannedFinish',$,IFCLABEL('2026-11-30'),$);
#6534=IFCPROPERTYSINGLEVALUE('Element_Mark',$,IFCLABEL('COL-C4-L1'),$);
#6535=IFCPROPERTYSINGLEVALUE('CostCode_1',$,IFCLABEL('CBS-002'),$);
#6536=IFCPROPERTYSINGLEVALUE('CostCode_2',$,IFCLABEL('CBS-005'),$);
#6537=IFCPROPERTYSINGLEVALUE('UOM',$,IFCLABEL('m\X2\00B3\X0\'),$);
#6538=IFCPROPERTYSINGLEVALUE('PlannedValue',$,IFCREAL(7812.5),$);
#6539=IFCPROPERTYSINGLEVALUE('PVWeight',$,IFCREAL(0.0625),$);
#6540=IFCPROPERTYSINGLEVALUE('ElementsInTask',$,IFCINTEGER(16),$);
#6541=IFCPROPERTYSINGLEVALUE('Baseline_Tag',$,IFCLABEL('BL_2026-04'),$);
#6542=IFCPROPERTYSET('1yO17oFIj5KA7rlxmkjqV6',#6,'Pset_5D',$,(#6527,#6528,#6529,#6530,#6531,#6532,#6533,#6534,#6535,#6536,#6537,#6538,#6539,#6540,#6541));
#6543=IFCRELDEFINESBYPROPERTIES('3S9DHNLxDFhQ$bOvYvP9Ed',#6,$,$,(#1229),#6542);
#6544=IFCPROPERTYSINGLEVALUE('WBS_Level1',$,IFCLABEL('CONSTRUCTION'),$);
#6545=IFCPROPERTYSINGLEVALUE('WBS_Level2',$,IFCLABEL('LEVEL-1'),$);
#6546=IFCPROPERTYSINGLEVALUE('WBS_Level4',$,IFCLABEL('PKG-COLUMNS-L1'),$);
#6547=IFCPROPERTYSINGLEVALUE('P6_ActivityID',$,IFCLABEL('A004'),$);
#6548=IFCPROPERTYSINGLEVALUE('P6_TaskName',$,IFCLABEL('Level 1 \X2\2013\X0\ RC Columns'),$);
#6549=IFCPROPERTYSINGLEVALUE('PlannedStart',$,IFCLABEL('2026-11-01'),$);
#6550=IFCPROPERTYSINGLEVALUE('PlannedFinish',$,IFCLABEL('2026-11-30'),$);
#6551=IFCPROPERTYSINGLEVALUE('Element_Mark',$,IFCLABEL('COL-D1-L1'),$);
#6552=IFCPROPERTYSINGLEVALUE('CostCode_1',$,IFCLABEL('CBS-002'),$);
#6553=IFCPROPERTYSINGLEVALUE('CostCode_2',$,IFCLABEL('CBS-005'),$);
#6554=IFCPROPERTYSINGLEVALUE('UOM',$,IFCLABEL('m\X2\00B3\X0\'),$);
#6555=IFCPROPERTYSINGLEVALUE('PlannedValue',$,IFCREAL(7812.5),$);
#6556=IFCPROPERTYSINGLEVALUE('PVWeight',$,IFCREAL(0.0625),$);
#6557=IFCPROPERTYSINGLEVALUE('ElementsInTask',$,IFCINTEGER(16),$);
#6558=IFCPROPERTYSINGLEVALUE('Baseline_Tag',$,IFCLABEL('BL_2026-04'),$);
#6559=IFCPROPERTYSET('1SC8G4gEXF5gEAXlmPyzox',#6,'Pset_5D',$,(#6544,#6545,#6546,#6547,#6548,#6549,#6550,#6551,#6552,#6553,#6554,#6555,#6556,#6557,#6558));
#6560=IFCRELDEFINESBYPROPERTIES('3xSaGuvtr9If_Z8yHZIJoa',#6,$,$,(#1257),#6559);
#6561=IFCPROPERTYSINGLEVALUE('WBS_Level1',$,IFCLABEL('CONSTRUCTION'),$);
#6562=IFCPROPERTYSINGLEVALUE('WBS_Level2',$,IFCLABEL('LEVEL-1'),$);
#6563=IFCPROPERTYSINGLEVALUE('WBS_Level4',$,IFCLABEL('PKG-COLUMNS-L1'),$);
#6564=IFCPROPERTYSINGLEVALUE('P6_ActivityID',$,IFCLABEL('A004'),$);
#6565=IFCPROPERTYSINGLEVALUE('P6_TaskName',$,IFCLABEL('Level 1 \X2\2013\X0\ RC Columns'),$);
#6566=IFCPROPERTYSINGLEVALUE('PlannedStart',$,IFCLABEL('2026-11-01'),$);
#6567=IFCPROPERTYSINGLEVALUE('PlannedFinish',$,IFCLABEL('2026-11-30'),$);
#6568=IFCPROPERTYSINGLEVALUE('Element_Mark',$,IFCLABEL('COL-D2-L1'),$);
#6569=IFCPROPERTYSINGLEVALUE('CostCode_1',$,IFCLABEL('CBS-002'),$);
#6570=IFCPROPERTYSINGLEVALUE('CostCode_2',$,IFCLABEL('CBS-005'),$);
#6571=IFCPROPERTYSINGLEVALUE('UOM',$,IFCLABEL('m\X2\00B3\X0\'),$);
#6572=IFCPROPERTYSINGLEVALUE('PlannedValue',$,IFCREAL(7812.5),$);
#6573=IFCPROPERTYSINGLEVALUE('PVWeight',$,IFCREAL(0.0625),$);
#6574=IFCPROPERTYSINGLEVALUE('ElementsInTask',$,IFCINTEGER(16),$);
#6575=IFCPROPERTYSINGLEVALUE('Baseline_Tag',$,IFCLABEL('BL_2026-04'),$);
#6576=IFCPROPERTYSET('1Uj1IhjNb1CuIkTMzJpRqo',#6,'Pset_5D',$,(#6561,#6562,#6563,#6564,#6565,#6566,#6567,#6568,#6569,#6570,#6571,#6572,#6573,#6574,#6575));
#6577=IFCRELDEFINESBYPROPERTIES('2QFfr639jCb97rOceCtBBU',#6,$,$,(#1285),#6576);
#6578=IFCPROPERTYSINGLEVALUE('WBS_Level1',$,IFCLABEL('CONSTRUCTION'),$);
#6579=IFCPROPERTYSINGLEVALUE('WBS_Level2',$,IFCLABEL('LEVEL-1'),$);
#6580=IFCPROPERTYSINGLEVALUE('WBS_Level4',$,IFCLABEL('PKG-COLUMNS-L1'),$);
#6581=IFCPROPERTYSINGLEVALUE('P6_ActivityID',$,IFCLABEL('A004'),$);
#6582=IFCPROPERTYSINGLEVALUE('P6_TaskName',$,IFCLABEL('Level 1 \X2\2013\X0\ RC Columns'),$);
#6583=IFCPROPERTYSINGLEVALUE('PlannedStart',$,IFCLABEL('2026-11-01'),$);
#6584=IFCPROPERTYSINGLEVALUE('PlannedFinish',$,IFCLABEL('2026-11-30'),$);
#6585=IFCPROPERTYSINGLEVALUE('Element_Mark',$,IFCLABEL('COL-D3-L1'),$);
#6586=IFCPROPERTYSINGLEVALUE('CostCode_1',$,IFCLABEL('CBS-002'),$);
#6587=IFCPROPERTYSINGLEVALUE('CostCode_2',$,IFCLABEL('CBS-005'),$);
#6588=IFCPROPERTYSINGLEVALUE('UOM',$,IFCLABEL('m\X2\00B3\X0\'),$);
#6589=IFCPROPERTYSINGLEVALUE('PlannedValue',$,IFCREAL(7812.5),$);
#6590=IFCPROPERTYSINGLEVALUE('PVWeight',$,IFCREAL(0.0625),$);
#6591=IFCPROPERTYSINGLEVALUE('ElementsInTask',$,IFCINTEGER(16),$);
#6592=IFCPROPERTYSINGLEVALUE('Baseline_Tag',$,IFCLABEL('BL_2026-04'),$);
#6593=IFCPROPERTYSET('1bvMaCR0vAMOcroNRAbBHP',#6,'Pset_5D',$,(#6578,#6579,#6580,#6581,#6582,#6583,#6584,#6585,#6586,#6587,#6588,#6589,#6590,#6591,#6592));
#6594=IFCRELDEFINESBYPROPERTIES('2VjvZ7SFbEwRHCd67NNVY4',#6,$,$,(#1313),#6593);
#6595=IFCPROPERTYSINGLEVALUE('WBS_Level1',$,IFCLABEL('CONSTRUCTION'),$);
#6596=IFCPROPERTYSINGLEVALUE('WBS_Level2',$,IFCLABEL('LEVEL-1'),$);
#6597=IFCPROPERTYSINGLEVALUE('WBS_Level4',$,IFCLABEL('PKG-COLUMNS-L1'),$);
#6598=IFCPROPERTYSINGLEVALUE('P6_ActivityID',$,IFCLABEL('A004'),$);
#6599=IFCPROPERTYSINGLEVALUE('P6_TaskName',$,IFCLABEL('Level 1 \X2\2013\X0\ RC Columns'),$);
#6600=IFCPROPERTYSINGLEVALUE('PlannedStart',$,IFCLABEL('2026-11-01'),$);
#6601=IFCPROPERTYSINGLEVALUE('PlannedFinish',$,IFCLABEL('2026-11-30'),$);
#6602=IFCPROPERTYSINGLEVALUE('Element_Mark',$,IFCLABEL('COL-D4-L1'),$);
#6603=IFCPROPERTYSINGLEVALUE('CostCode_1',$,IFCLABEL('CBS-002'),$);
#6604=IFCPROPERTYSINGLEVALUE('CostCode_2',$,IFCLABEL('CBS-005'),$);
#6605=IFCPROPERTYSINGLEVALUE('UOM',$,IFCLABEL('m\X2\00B3\X0\'),$);
#6606=IFCPROPERTYSINGLEVALUE('PlannedValue',$,IFCREAL(7812.5),$);
#6607=IFCPROPERTYSINGLEVALUE('PVWeight',$,IFCREAL(0.0625),$);
#6608=IFCPROPERTYSINGLEVALUE('ElementsInTask',$,IFCINTEGER(16),$);
#6609=IFCPROPERTYSINGLEVALUE('Baseline_Tag',$,IFCLABEL('BL_2026-04'),$);
#6610=IFCPROPERTYSET('0TfUM4gh5BlOe64HNCPXIL',#6,'Pset_5D',$,(#6595,#6596,#6597,#6598,#6599,#6600,#6601,#6602,#6603,#6604,#6605,#6606,#6607,#6608,#6609));
#6611=IFCRELDEFINESBYPROPERTIES('2yjgsBEwv8_ws3eBvY91B7',#6,$,$,(#1341),#6610);
#6612=IFCPROPERTYSINGLEVALUE('WBS_Level1',$,IFCLABEL('CONSTRUCTION'),$);
#6613=IFCPROPERTYSINGLEVALUE('WBS_Level2',$,IFCLABEL('LEVEL-2'),$);
#6614=IFCPROPERTYSINGLEVALUE('WBS_Level4',$,IFCLABEL('PKG-COLUMNS-L2'),$);
#6615=IFCPROPERTYSINGLEVALUE('P6_ActivityID',$,IFCLABEL('A006'),$);
#6616=IFCPROPERTYSINGLEVALUE('P6_TaskName',$,IFCLABEL('Level 2 \X2\2013\X0\ RC Columns'),$);
#6617=IFCPROPERTYSINGLEVALUE('PlannedStart',$,IFCLABEL('2027-02-01'),$);
#6618=IFCPROPERTYSINGLEVALUE('PlannedFinish',$,IFCLABEL('2027-02-28'),$);
#6619=IFCPROPERTYSINGLEVALUE('Element_Mark',$,IFCLABEL('COL-A1-L2'),$);
#6620=IFCPROPERTYSINGLEVALUE('CostCode_1',$,IFCLABEL('CBS-002'),$);
#6621=IFCPROPERTYSINGLEVALUE('CostCode_2',$,IFCLABEL('CBS-005'),$);
#6622=IFCPROPERTYSINGLEVALUE('UOM',$,IFCLABEL('m\X2\00B3\X0\'),$);
#6623=IFCPROPERTYSINGLEVALUE('PlannedValue',$,IFCREAL(7812.5),$);
#6624=IFCPROPERTYSINGLEVALUE('PVWeight',$,IFCREAL(0.0625),$);
#6625=IFCPROPERTYSINGLEVALUE('ElementsInTask',$,IFCINTEGER(16),$);
#6626=IFCPROPERTYSINGLEVALUE('Baseline_Tag',$,IFCLABEL('BL_2026-04'),$);
#6627=IFCPROPERTYSET('0wq78j9xn9eRVsCF8Apt9q',#6,'Pset_5D',$,(#6612,#6613,#6614,#6615,#6616,#6617,#6618,#6619,#6620,#6621,#6622,#6623,#6624,#6625,#6626));
#6628=IFCRELDEFINESBYPROPERTIES('3H$iI3DYjDP876HgA$arnt',#6,$,$,(#1369),#6627);
#6629=IFCPROPERTYSINGLEVALUE('WBS_Level1',$,IFCLABEL('CONSTRUCTION'),$);
#6630=IFCPROPERTYSINGLEVALUE('WBS_Level2',$,IFCLABEL('LEVEL-2'),$);
#6631=IFCPROPERTYSINGLEVALUE('WBS_Level4',$,IFCLABEL('PKG-COLUMNS-L2'),$);
#6632=IFCPROPERTYSINGLEVALUE('P6_ActivityID',$,IFCLABEL('A006'),$);
#6633=IFCPROPERTYSINGLEVALUE('P6_TaskName',$,IFCLABEL('Level 2 \X2\2013\X0\ RC Columns'),$);
#6634=IFCPROPERTYSINGLEVALUE('PlannedStart',$,IFCLABEL('2027-02-01'),$);
#6635=IFCPROPERTYSINGLEVALUE('PlannedFinish',$,IFCLABEL('2027-02-28'),$);
#6636=IFCPROPERTYSINGLEVALUE('Element_Mark',$,IFCLABEL('COL-A2-L2'),$);
#6637=IFCPROPERTYSINGLEVALUE('CostCode_1',$,IFCLABEL('CBS-002'),$);
#6638=IFCPROPERTYSINGLEVALUE('CostCode_2',$,IFCLABEL('CBS-005'),$);
#6639=IFCPROPERTYSINGLEVALUE('UOM',$,IFCLABEL('m\X2\00B3\X0\'),$);
#6640=IFCPROPERTYSINGLEVALUE('PlannedValue',$,IFCREAL(7812.5),$);
#6641=IFCPROPERTYSINGLEVALUE('PVWeight',$,IFCREAL(0.0625),$);
#6642=IFCPROPERTYSINGLEVALUE('ElementsInTask',$,IFCINTEGER(16),$);
#6643=IFCPROPERTYSINGLEVALUE('Baseline_Tag',$,IFCLABEL('BL_2026-04'),$);
#6644=IFCPROPERTYSET('3jfkDUZfrC8BAPf5qpH86h',#6,'Pset_5D',$,(#6629,#6630,#6631,#6632,#6633,#6634,#6635,#6636,#6637,#6638,#6639,#6640,#6641,#6642,#6643));
#6645=IFCRELDEFINESBYPROPERTIES('1hmtSVSfb8S8_uF6puvbFF',#6,$,$,(#1399),#6644);
#6646=IFCPROPERTYSINGLEVALUE('WBS_Level1',$,IFCLABEL('CONSTRUCTION'),$);
#6647=IFCPROPERTYSINGLEVALUE('WBS_Level2',$,IFCLABEL('LEVEL-2'),$);
#6648=IFCPROPERTYSINGLEVALUE('WBS_Level4',$,IFCLABEL('PKG-COLUMNS-L2'),$);
#6649=IFCPROPERTYSINGLEVALUE('P6_ActivityID',$,IFCLABEL('A006'),$);
#6650=IFCPROPERTYSINGLEVALUE('P6_TaskName',$,IFCLABEL('Level 2 \X2\2013\X0\ RC Columns'),$);
#6651=IFCPROPERTYSINGLEVALUE('PlannedStart',$,IFCLABEL('2027-02-01'),$);
#6652=IFCPROPERTYSINGLEVALUE('PlannedFinish',$,IFCLABEL('2027-02-28'),$);
#6653=IFCPROPERTYSINGLEVALUE('Element_Mark',$,IFCLABEL('COL-A3-L2'),$);
#6654=IFCPROPERTYSINGLEVALUE('CostCode_1',$,IFCLABEL('CBS-002'),$);
#6655=IFCPROPERTYSINGLEVALUE('CostCode_2',$,IFCLABEL('CBS-005'),$);
#6656=IFCPROPERTYSINGLEVALUE('UOM',$,IFCLABEL('m\X2\00B3\X0\'),$);
#6657=IFCPROPERTYSINGLEVALUE('PlannedValue',$,IFCREAL(7812.5),$);
#6658=IFCPROPERTYSINGLEVALUE('PVWeight',$,IFCREAL(0.0625),$);
#6659=IFCPROPERTYSINGLEVALUE('ElementsInTask',$,IFCINTEGER(16),$);
#6660=IFCPROPERTYSINGLEVALUE('Baseline_Tag',$,IFCLABEL('BL_2026-04'),$);
#6661=IFCPROPERTYSET('0GM7loch99tAUIhqcp8Ouo',#6,'Pset_5D',$,(#6646,#6647,#6648,#6649,#6650,#6651,#6652,#6653,#6654,#6655,#6656,#6657,#6658,#6659,#6660));
#6662=IFCRELDEFINESBYPROPERTIES('3HrcwvARz7uQ1i3aQRCm$L',#6,$,$,(#1427),#6661);
#6663=IFCPROPERTYSINGLEVALUE('WBS_Level1',$,IFCLABEL('CONSTRUCTION'),$);
#6664=IFCPROPERTYSINGLEVALUE('WBS_Level2',$,IFCLABEL('LEVEL-2'),$);
#6665=IFCPROPERTYSINGLEVALUE('WBS_Level4',$,IFCLABEL('PKG-COLUMNS-L2'),$);
#6666=IFCPROPERTYSINGLEVALUE('P6_ActivityID',$,IFCLABEL('A006'),$);
#6667=IFCPROPERTYSINGLEVALUE('P6_TaskName',$,IFCLABEL('Level 2 \X2\2013\X0\ RC Columns'),$);
#6668=IFCPROPERTYSINGLEVALUE('PlannedStart',$,IFCLABEL('2027-02-01'),$);
#6669=IFCPROPERTYSINGLEVALUE('PlannedFinish',$,IFCLABEL('2027-02-28'),$);
#6670=IFCPROPERTYSINGLEVALUE('Element_Mark',$,IFCLABEL('COL-A4-L2'),$);
#6671=IFCPROPERTYSINGLEVALUE('CostCode_1',$,IFCLABEL('CBS-002'),$);
#6672=IFCPROPERTYSINGLEVALUE('CostCode_2',$,IFCLABEL('CBS-005'),$);
#6673=IFCPROPERTYSINGLEVALUE('UOM',$,IFCLABEL('m\X2\00B3\X0\'),$);
#6674=IFCPROPERTYSINGLEVALUE('PlannedValue',$,IFCREAL(7812.5),$);
#6675=IFCPROPERTYSINGLEVALUE('PVWeight',$,IFCREAL(0.0625),$);
#6676=IFCPROPERTYSINGLEVALUE('ElementsInTask',$,IFCINTEGER(16),$);
#6677=IFCPROPERTYSINGLEVALUE('Baseline_Tag',$,IFCLABEL('BL_2026-04'),$);
#6678=IFCPROPERTYSET('3xekbT9_z408aAV_KIlq95',#6,'Pset_5D',$,(#6663,#6664,#6665,#6666,#6667,#6668,#6669,#6670,#6671,#6672,#6673,#6674,#6675,#6676,#6677));
#6679=IFCRELDEFINESBYPROPERTIES('10aeOtSiTBO92QShEJPq35',#6,$,$,(#1455),#6678);
#6680=IFCPROPERTYSINGLEVALUE('WBS_Level1',$,IFCLABEL('CONSTRUCTION'),$);
#6681=IFCPROPERTYSINGLEVALUE('WBS_Level2',$,IFCLABEL('LEVEL-2'),$);
#6682=IFCPROPERTYSINGLEVALUE('WBS_Level4',$,IFCLABEL('PKG-COLUMNS-L2'),$);
#6683=IFCPROPERTYSINGLEVALUE('P6_ActivityID',$,IFCLABEL('A006'),$);
#6684=IFCPROPERTYSINGLEVALUE('P6_TaskName',$,IFCLABEL('Level 2 \X2\2013\X0\ RC Columns'),$);
#6685=IFCPROPERTYSINGLEVALUE('PlannedStart',$,IFCLABEL('2027-02-01'),$);
#6686=IFCPROPERTYSINGLEVALUE('PlannedFinish',$,IFCLABEL('2027-02-28'),$);
#6687=IFCPROPERTYSINGLEVALUE('Element_Mark',$,IFCLABEL('COL-B1-L2'),$);
#6688=IFCPROPERTYSINGLEVALUE('CostCode_1',$,IFCLABEL('CBS-002'),$);
#6689=IFCPROPERTYSINGLEVALUE('CostCode_2',$,IFCLABEL('CBS-005'),$);
#6690=IFCPROPERTYSINGLEVALUE('UOM',$,IFCLABEL('m\X2\00B3\X0\'),$);
#6691=IFCPROPERTYSINGLEVALUE('PlannedValue',$,IFCREAL(7812.5),$);
#6692=IFCPROPERTYSINGLEVALUE('PVWeight',$,IFCREAL(0.0625),$);
#6693=IFCPROPERTYSINGLEVALUE('ElementsInTask',$,IFCINTEGER(16),$);
#6694=IFCPROPERTYSINGLEVALUE('Baseline_Tag',$,IFCLABEL('BL_2026-04'),$);
#6695=IFCPROPERTYSET('0yDuh8dqL6c8V88V9Jiyrr',#6,'Pset_5D',$,(#6680,#6681,#6682,#6683,#6684,#6685,#6686,#6687,#6688,#6689,#6690,#6691,#6692,#6693,#6694));
#6696=IFCRELDEFINESBYPROPERTIES('3Lt8lk1Tz9ABu6eDETQ2Vi',#6,$,$,(#1483),#6695);
#6697=IFCPROPERTYSINGLEVALUE('WBS_Level1',$,IFCLABEL('CONSTRUCTION'),$);
#6698=IFCPROPERTYSINGLEVALUE('WBS_Level2',$,IFCLABEL('LEVEL-2'),$);
#6699=IFCPROPERTYSINGLEVALUE('WBS_Level4',$,IFCLABEL('PKG-COLUMNS-L2'),$);
#6700=IFCPROPERTYSINGLEVALUE('P6_ActivityID',$,IFCLABEL('A006'),$);
#6701=IFCPROPERTYSINGLEVALUE('P6_TaskName',$,IFCLABEL('Level 2 \X2\2013\X0\ RC Columns'),$);
#6702=IFCPROPERTYSINGLEVALUE('PlannedStart',$,IFCLABEL('2027-02-01'),$);
#6703=IFCPROPERTYSINGLEVALUE('PlannedFinish',$,IFCLABEL('2027-02-28'),$);
#6704=IFCPROPERTYSINGLEVALUE('Element_Mark',$,IFCLABEL('COL-B2-L2'),$);
#6705=IFCPROPERTYSINGLEVALUE('CostCode_1',$,IFCLABEL('CBS-002'),$);
#6706=IFCPROPERTYSINGLEVALUE('CostCode_2',$,IFCLABEL('CBS-005'),$);
#6707=IFCPROPERTYSINGLEVALUE('UOM',$,IFCLABEL('m\X2\00B3\X0\'),$);
#6708=IFCPROPERTYSINGLEVALUE('PlannedValue',$,IFCREAL(7812.5),$);
#6709=IFCPROPERTYSINGLEVALUE('PVWeight',$,IFCREAL(0.0625),$);
#6710=IFCPROPERTYSINGLEVALUE('ElementsInTask',$,IFCINTEGER(16),$);
#6711=IFCPROPERTYSINGLEVALUE('Baseline_Tag',$,IFCLABEL('BL_2026-04'),$);
#6712=IFCPROPERTYSET('1A2TiRVpb6TeqjKtgFWXua',#6,'Pset_5D',$,(#6697,#6698,#6699,#6700,#6701,#6702,#6703,#6704,#6705,#6706,#6707,#6708,#6709,#6710,#6711));
#6713=IFCRELDEFINESBYPROPERTIES('1AQowaOSf96PxAfxWw_bd$',#6,$,$,(#1511),#6712);
#6714=IFCPROPERTYSINGLEVALUE('WBS_Level1',$,IFCLABEL('CONSTRUCTION'),$);
#6715=IFCPROPERTYSINGLEVALUE('WBS_Level2',$,IFCLABEL('LEVEL-2'),$);
#6716=IFCPROPERTYSINGLEVALUE('WBS_Level4',$,IFCLABEL('PKG-COLUMNS-L2'),$);
#6717=IFCPROPERTYSINGLEVALUE('P6_ActivityID',$,IFCLABEL('A006'),$);
#6718=IFCPROPERTYSINGLEVALUE('P6_TaskName',$,IFCLABEL('Level 2 \X2\2013\X0\ RC Columns'),$);
#6719=IFCPROPERTYSINGLEVALUE('PlannedStart',$,IFCLABEL('2027-02-01'),$);
#6720=IFCPROPERTYSINGLEVALUE('PlannedFinish',$,IFCLABEL('2027-02-28'),$);
#6721=IFCPROPERTYSINGLEVALUE('Element_Mark',$,IFCLABEL('COL-B3-L2'),$);
#6722=IFCPROPERTYSINGLEVALUE('CostCode_1',$,IFCLABEL('CBS-002'),$);
#6723=IFCPROPERTYSINGLEVALUE('CostCode_2',$,IFCLABEL('CBS-005'),$);
#6724=IFCPROPERTYSINGLEVALUE('UOM',$,IFCLABEL('m\X2\00B3\X0\'),$);
#6725=IFCPROPERTYSINGLEVALUE('PlannedValue',$,IFCREAL(7812.5),$);
#6726=IFCPROPERTYSINGLEVALUE('PVWeight',$,IFCREAL(0.0625),$);
#6727=IFCPROPERTYSINGLEVALUE('ElementsInTask',$,IFCINTEGER(16),$);
#6728=IFCPROPERTYSINGLEVALUE('Baseline_Tag',$,IFCLABEL('BL_2026-04'),$);
#6729=IFCPROPERTYSET('2NE5pLuDjAJvP6NlGsswAp',#6,'Pset_5D',$,(#6714,#6715,#6716,#6717,#6718,#6719,#6720,#6721,#6722,#6723,#6724,#6725,#6726,#6727,#6728));
#6730=IFCRELDEFINESBYPROPERTIES('3cnRW562f2hvrOyqbZL3_i',#6,$,$,(#1539),#6729);
#6731=IFCPROPERTYSINGLEVALUE('WBS_Level1',$,IFCLABEL('CONSTRUCTION'),$);
#6732=IFCPROPERTYSINGLEVALUE('WBS_Level2',$,IFCLABEL('LEVEL-2'),$);
#6733=IFCPROPERTYSINGLEVALUE('WBS_Level4',$,IFCLABEL('PKG-COLUMNS-L2'),$);
#6734=IFCPROPERTYSINGLEVALUE('P6_ActivityID',$,IFCLABEL('A006'),$);
#6735=IFCPROPERTYSINGLEVALUE('P6_TaskName',$,IFCLABEL('Level 2 \X2\2013\X0\ RC Columns'),$);
#6736=IFCPROPERTYSINGLEVALUE('PlannedStart',$,IFCLABEL('2027-02-01'),$);
#6737=IFCPROPERTYSINGLEVALUE('PlannedFinish',$,IFCLABEL('2027-02-28'),$);
#6738=IFCPROPERTYSINGLEVALUE('Element_Mark',$,IFCLABEL('COL-B4-L2'),$);
#6739=IFCPROPERTYSINGLEVALUE('CostCode_1',$,IFCLABEL('CBS-002'),$);
#6740=IFCPROPERTYSINGLEVALUE('CostCode_2',$,IFCLABEL('CBS-005'),$);
#6741=IFCPROPERTYSINGLEVALUE('UOM',$,IFCLABEL('m\X2\00B3\X0\'),$);
#6742=IFCPROPERTYSINGLEVALUE('PlannedValue',$,IFCREAL(7812.5),$);
#6743=IFCPROPERTYSINGLEVALUE('PVWeight',$,IFCREAL(0.0625),$);
#6744=IFCPROPERTYSINGLEVALUE('ElementsInTask',$,IFCINTEGER(16),$);
#6745=IFCPROPERTYSINGLEVALUE('Baseline_Tag',$,IFCLABEL('BL_2026-04'),$);
#6746=IFCPROPERTYSET('1yDIK6WXLEgxld4T1MFwr$',#6,'Pset_5D',$,(#6731,#6732,#6733,#6734,#6735,#6736,#6737,#6738,#6739,#6740,#6741,#6742,#6743,#6744,#6745));
#6747=IFCRELDEFINESBYPROPERTIES('1IsNaqEbjE9vn55XaAl1uZ',#6,$,$,(#1567),#6746);
#6748=IFCPROPERTYSINGLEVALUE('WBS_Level1',$,IFCLABEL('CONSTRUCTION'),$);
#6749=IFCPROPERTYSINGLEVALUE('WBS_Level2',$,IFCLABEL('LEVEL-2'),$);
#6750=IFCPROPERTYSINGLEVALUE('WBS_Level4',$,IFCLABEL('PKG-COLUMNS-L2'),$);
#6751=IFCPROPERTYSINGLEVALUE('P6_ActivityID',$,IFCLABEL('A006'),$);
#6752=IFCPROPERTYSINGLEVALUE('P6_TaskName',$,IFCLABEL('Level 2 \X2\2013\X0\ RC Columns'),$);
#6753=IFCPROPERTYSINGLEVALUE('PlannedStart',$,IFCLABEL('2027-02-01'),$);
#6754=IFCPROPERTYSINGLEVALUE('PlannedFinish',$,IFCLABEL('2027-02-28'),$);
#6755=IFCPROPERTYSINGLEVALUE('Element_Mark',$,IFCLABEL('COL-C1-L2'),$);
#6756=IFCPROPERTYSINGLEVALUE('CostCode_1',$,IFCLABEL('CBS-002'),$);
#6757=IFCPROPERTYSINGLEVALUE('CostCode_2',$,IFCLABEL('CBS-005'),$);
#6758=IFCPROPERTYSINGLEVALUE('UOM',$,IFCLABEL('m\X2\00B3\X0\'),$);
#6759=IFCPROPERTYSINGLEVALUE('PlannedValue',$,IFCREAL(7812.5),$);
#6760=IFCPROPERTYSINGLEVALUE('PVWeight',$,IFCREAL(0.0625),$);
#6761=IFCPROPERTYSINGLEVALUE('ElementsInTask',$,IFCINTEGER(16),$);
#6762=IFCPROPERTYSINGLEVALUE('Baseline_Tag',$,IFCLABEL('BL_2026-04'),$);
#6763=IFCPROPERTYSET('1cQo4A5Ez2yeioaYn$0DkJ',#6,'Pset_5D',$,(#6748,#6749,#6750,#6751,#6752,#6753,#6754,#6755,#6756,#6757,#6758,#6759,#6760,#6761,#6762));
#6764=IFCRELDEFINESBYPROPERTIES('0VX6XqSuXATvc7TvByEncI',#6,$,$,(#1595),#6763);
#6765=IFCPROPERTYSINGLEVALUE('WBS_Level1',$,IFCLABEL('CONSTRUCTION'),$);
#6766=IFCPROPERTYSINGLEVALUE('WBS_Level2',$,IFCLABEL('LEVEL-2'),$);
#6767=IFCPROPERTYSINGLEVALUE('WBS_Level4',$,IFCLABEL('PKG-COLUMNS-L2'),$);
#6768=IFCPROPERTYSINGLEVALUE('P6_ActivityID',$,IFCLABEL('A006'),$);
#6769=IFCPROPERTYSINGLEVALUE('P6_TaskName',$,IFCLABEL('Level 2 \X2\2013\X0\ RC Columns'),$);
#6770=IFCPROPERTYSINGLEVALUE('PlannedStart',$,IFCLABEL('2027-02-01'),$);
#6771=IFCPROPERTYSINGLEVALUE('PlannedFinish',$,IFCLABEL('2027-02-28'),$);
#6772=IFCPROPERTYSINGLEVALUE('Element_Mark',$,IFCLABEL('COL-C2-L2'),$);
#6773=IFCPROPERTYSINGLEVALUE('CostCode_1',$,IFCLABEL('CBS-002'),$);
#6774=IFCPROPERTYSINGLEVALUE('CostCode_2',$,IFCLABEL('CBS-005'),$);
#6775=IFCPROPERTYSINGLEVALUE('UOM',$,IFCLABEL('m\X2\00B3\X0\'),$);
#6776=IFCPROPERTYSINGLEVALUE('PlannedValue',$,IFCREAL(7812.5),$);
#6777=IFCPROPERTYSINGLEVALUE('PVWeight',$,IFCREAL(0.0625),$);
#6778=IFCPROPERTYSINGLEVALUE('ElementsInTask',$,IFCINTEGER(16),$);
#6779=IFCPROPERTYSINGLEVALUE('Baseline_Tag',$,IFCLABEL('BL_2026-04'),$);
#6780=IFCPROPERTYSET('0dQPpIs7D2PhdMqhjqAS8C',#6,'Pset_5D',$,(#6765,#6766,#6767,#6768,#6769,#6770,#6771,#6772,#6773,#6774,#6775,#6776,#6777,#6778,#6779));
#6781=IFCRELDEFINESBYPROPERTIES('1I5Qjdr6r7SQHLe1VdAUxS',#6,$,$,(#1623),#6780);
#6782=IFCPROPERTYSINGLEVALUE('WBS_Level1',$,IFCLABEL('CONSTRUCTION'),$);
#6783=IFCPROPERTYSINGLEVALUE('WBS_Level2',$,IFCLABEL('LEVEL-2'),$);
#6784=IFCPROPERTYSINGLEVALUE('WBS_Level4',$,IFCLABEL('PKG-COLUMNS-L2'),$);
#6785=IFCPROPERTYSINGLEVALUE('P6_ActivityID',$,IFCLABEL('A006'),$);
#6786=IFCPROPERTYSINGLEVALUE('P6_TaskName',$,IFCLABEL('Level 2 \X2\2013\X0\ RC Columns'),$);
#6787=IFCPROPERTYSINGLEVALUE('PlannedStart',$,IFCLABEL('2027-02-01'),$);
#6788=IFCPROPERTYSINGLEVALUE('PlannedFinish',$,IFCLABEL('2027-02-28'),$);
#6789=IFCPROPERTYSINGLEVALUE('Element_Mark',$,IFCLABEL('COL-C3-L2'),$);
#6790=IFCPROPERTYSINGLEVALUE('CostCode_1',$,IFCLABEL('CBS-002'),$);
#6791=IFCPROPERTYSINGLEVALUE('CostCode_2',$,IFCLABEL('CBS-005'),$);
#6792=IFCPROPERTYSINGLEVALUE('UOM',$,IFCLABEL('m\X2\00B3\X0\'),$);
#6793=IFCPROPERTYSINGLEVALUE('PlannedValue',$,IFCREAL(7812.5),$);
#6794=IFCPROPERTYSINGLEVALUE('PVWeight',$,IFCREAL(0.0625),$);
#6795=IFCPROPERTYSINGLEVALUE('ElementsInTask',$,IFCINTEGER(16),$);
#6796=IFCPROPERTYSINGLEVALUE('Baseline_Tag',$,IFCLABEL('BL_2026-04'),$);
#6797=IFCPROPERTYSET('1Q7t6ilTf5TPFKZXox49et',#6,'Pset_5D',$,(#6782,#6783,#6784,#6785,#6786,#6787,#6788,#6789,#6790,#6791,#6792,#6793,#6794,#6795,#6796));
#6798=IFCRELDEFINESBYPROPERTIES('1cYa6eJXDDsxKgQAfIDvlV',#6,$,$,(#1651),#6797);
#6799=IFCPROPERTYSINGLEVALUE('WBS_Level1',$,IFCLABEL('CONSTRUCTION'),$);
#6800=IFCPROPERTYSINGLEVALUE('WBS_Level2',$,IFCLABEL('LEVEL-2'),$);
#6801=IFCPROPERTYSINGLEVALUE('WBS_Level4',$,IFCLABEL('PKG-COLUMNS-L2'),$);
#6802=IFCPROPERTYSINGLEVALUE('P6_ActivityID',$,IFCLABEL('A006'),$);
#6803=IFCPROPERTYSINGLEVALUE('P6_TaskName',$,IFCLABEL('Level 2 \X2\2013\X0\ RC Columns'),$);
#6804=IFCPROPERTYSINGLEVALUE('PlannedStart',$,IFCLABEL('2027-02-01'),$);
#6805=IFCPROPERTYSINGLEVALUE('PlannedFinish',$,IFCLABEL('2027-02-28'),$);
#6806=IFCPROPERTYSINGLEVALUE('Element_Mark',$,IFCLABEL('COL-C4-L2'),$);
#6807=IFCPROPERTYSINGLEVALUE('CostCode_1',$,IFCLABEL('CBS-002'),$);
#6808=IFCPROPERTYSINGLEVALUE('CostCode_2',$,IFCLABEL('CBS-005'),$);
#6809=IFCPROPERTYSINGLEVALUE('UOM',$,IFCLABEL('m\X2\00B3\X0\'),$);
#6810=IFCPROPERTYSINGLEVALUE('PlannedValue',$,IFCREAL(7812.5),$);
#6811=IFCPROPERTYSINGLEVALUE('PVWeight',$,IFCREAL(0.0625),$);
#6812=IFCPROPERTYSINGLEVALUE('ElementsInTask',$,IFCINTEGER(16),$);
#6813=IFCPROPERTYSINGLEVALUE('Baseline_Tag',$,IFCLABEL('BL_2026-04'),$);
#6814=IFCPROPERTYSET('1_up$owK5AkPjvV4q_2$Eg',#6,'Pset_5D',$,(#6799,#6800,#6801,#6802,#6803,#6804,#6805,#6806,#6807,#6808,#6809,#6810,#6811,#6812,#6813));
#6815=IFCRELDEFINESBYPROPERTIES('2Qnm9vLOjBZv3o9tUbq_yg',#6,$,$,(#1679),#6814);
#6816=IFCPROPERTYSINGLEVALUE('WBS_Level1',$,IFCLABEL('CONSTRUCTION'),$);
#6817=IFCPROPERTYSINGLEVALUE('WBS_Level2',$,IFCLABEL('LEVEL-2'),$);
#6818=IFCPROPERTYSINGLEVALUE('WBS_Level4',$,IFCLABEL('PKG-COLUMNS-L2'),$);
#6819=IFCPROPERTYSINGLEVALUE('P6_ActivityID',$,IFCLABEL('A006'),$);
#6820=IFCPROPERTYSINGLEVALUE('P6_TaskName',$,IFCLABEL('Level 2 \X2\2013\X0\ RC Columns'),$);
#6821=IFCPROPERTYSINGLEVALUE('PlannedStart',$,IFCLABEL('2027-02-01'),$);
#6822=IFCPROPERTYSINGLEVALUE('PlannedFinish',$,IFCLABEL('2027-02-28'),$);
#6823=IFCPROPERTYSINGLEVALUE('Element_Mark',$,IFCLABEL('COL-D1-L2'),$);
#6824=IFCPROPERTYSINGLEVALUE('CostCode_1',$,IFCLABEL('CBS-002'),$);
#6825=IFCPROPERTYSINGLEVALUE('CostCode_2',$,IFCLABEL('CBS-005'),$);
#6826=IFCPROPERTYSINGLEVALUE('UOM',$,IFCLABEL('m\X2\00B3\X0\'),$);
#6827=IFCPROPERTYSINGLEVALUE('PlannedValue',$,IFCREAL(7812.5),$);
#6828=IFCPROPERTYSINGLEVALUE('PVWeight',$,IFCREAL(0.0625),$);
#6829=IFCPROPERTYSINGLEVALUE('ElementsInTask',$,IFCINTEGER(16),$);
#6830=IFCPROPERTYSINGLEVALUE('Baseline_Tag',$,IFCLABEL('BL_2026-04'),$);
#6831=IFCPROPERTYSET('2DqxeIl9PBw8H4TBnYCMIV',#6,'Pset_5D',$,(#6816,#6817,#6818,#6819,#6820,#6821,#6822,#6823,#6824,#6825,#6826,#6827,#6828,#6829,#6830));
#6832=IFCRELDEFINESBYPROPERTIES('2n19S_q1f8RfA$$97uMXtu',#6,$,$,(#1707),#6831);
#6833=IFCPROPERTYSINGLEVALUE('WBS_Level1',$,IFCLABEL('CONSTRUCTION'),$);
#6834=IFCPROPERTYSINGLEVALUE('WBS_Level2',$,IFCLABEL('LEVEL-2'),$);
#6835=IFCPROPERTYSINGLEVALUE('WBS_Level4',$,IFCLABEL('PKG-COLUMNS-L2'),$);
#6836=IFCPROPERTYSINGLEVALUE('P6_ActivityID',$,IFCLABEL('A006'),$);
#6837=IFCPROPERTYSINGLEVALUE('P6_TaskName',$,IFCLABEL('Level 2 \X2\2013\X0\ RC Columns'),$);
#6838=IFCPROPERTYSINGLEVALUE('PlannedStart',$,IFCLABEL('2027-02-01'),$);
#6839=IFCPROPERTYSINGLEVALUE('PlannedFinish',$,IFCLABEL('2027-02-28'),$);
#6840=IFCPROPERTYSINGLEVALUE('Element_Mark',$,IFCLABEL('COL-D2-L2'),$);
#6841=IFCPROPERTYSINGLEVALUE('CostCode_1',$,IFCLABEL('CBS-002'),$);
#6842=IFCPROPERTYSINGLEVALUE('CostCode_2',$,IFCLABEL('CBS-005'),$);
#6843=IFCPROPERTYSINGLEVALUE('UOM',$,IFCLABEL('m\X2\00B3\X0\'),$);
#6844=IFCPROPERTYSINGLEVALUE('PlannedValue',$,IFCREAL(7812.5),$);
#6845=IFCPROPERTYSINGLEVALUE('PVWeight',$,IFCREAL(0.0625),$);
#6846=IFCPROPERTYSINGLEVALUE('ElementsInTask',$,IFCINTEGER(16),$);
#6847=IFCPROPERTYSINGLEVALUE('Baseline_Tag',$,IFCLABEL('BL_2026-04'),$);
#6848=IFCPROPERTYSET('1ftcvcuA98DwM2wsqcuTz$',#6,'Pset_5D',$,(#6833,#6834,#6835,#6836,#6837,#6838,#6839,#6840,#6841,#6842,#6843,#6844,#6845,#6846,#6847));
#6849=IFCRELDEFINESBYPROPERTIES('0VuL6XGkP5MOfKICPYbMWA',#6,$,$,(#1735),#6848);
#6850=IFCPROPERTYSINGLEVALUE('WBS_Level1',$,IFCLABEL('CONSTRUCTION'),$);
#6851=IFCPROPERTYSINGLEVALUE('WBS_Level2',$,IFCLABEL('LEVEL-2'),$);
#6852=IFCPROPERTYSINGLEVALUE('WBS_Level4',$,IFCLABEL('PKG-COLUMNS-L2'),$);
#6853=IFCPROPERTYSINGLEVALUE('P6_ActivityID',$,IFCLABEL('A006'),$);
#6854=IFCPROPERTYSINGLEVALUE('P6_TaskName',$,IFCLABEL('Level 2 \X2\2013\X0\ RC Columns'),$);
#6855=IFCPROPERTYSINGLEVALUE('PlannedStart',$,IFCLABEL('2027-02-01'),$);
#6856=IFCPROPERTYSINGLEVALUE('PlannedFinish',$,IFCLABEL('2027-02-28'),$);
#6857=IFCPROPERTYSINGLEVALUE('Element_Mark',$,IFCLABEL('COL-D3-L2'),$);
#6858=IFCPROPERTYSINGLEVALUE('CostCode_1',$,IFCLABEL('CBS-002'),$);
#6859=IFCPROPERTYSINGLEVALUE('CostCode_2',$,IFCLABEL('CBS-005'),$);
#6860=IFCPROPERTYSINGLEVALUE('UOM',$,IFCLABEL('m\X2\00B3\X0\'),$);
#6861=IFCPROPERTYSINGLEVALUE('PlannedValue',$,IFCREAL(7812.5),$);
#6862=IFCPROPERTYSINGLEVALUE('PVWeight',$,IFCREAL(0.0625),$);
#6863=IFCPROPERTYSINGLEVALUE('ElementsInTask',$,IFCINTEGER(16),$);
#6864=IFCPROPERTYSINGLEVALUE('Baseline_Tag',$,IFCLABEL('BL_2026-04'),$);
#6865=IFCPROPERTYSET('1xI$2UcKz67xTfUI9Lng0c',#6,'Pset_5D',$,(#6850,#6851,#6852,#6853,#6854,#6855,#6856,#6857,#6858,#6859,#6860,#6861,#6862,#6863,#6864));
#6866=IFCRELDEFINESBYPROPERTIES('3cnAPVVVf7wA8y7C9xWMh2',#6,$,$,(#1763),#6865);
#6867=IFCPROPERTYSINGLEVALUE('WBS_Level1',$,IFCLABEL('CONSTRUCTION'),$);
#6868=IFCPROPERTYSINGLEVALUE('WBS_Level2',$,IFCLABEL('LEVEL-2'),$);
#6869=IFCPROPERTYSINGLEVALUE('WBS_Level4',$,IFCLABEL('PKG-COLUMNS-L2'),$);
#6870=IFCPROPERTYSINGLEVALUE('P6_ActivityID',$,IFCLABEL('A006'),$);
#6871=IFCPROPERTYSINGLEVALUE('P6_TaskName',$,IFCLABEL('Level 2 \X2\2013\X0\ RC Columns'),$);
#6872=IFCPROPERTYSINGLEVALUE('PlannedStart',$,IFCLABEL('2027-02-01'),$);
#6873=IFCPROPERTYSINGLEVALUE('PlannedFinish',$,IFCLABEL('2027-02-28'),$);
#6874=IFCPROPERTYSINGLEVALUE('Element_Mark',$,IFCLABEL('COL-D4-L2'),$);
#6875=IFCPROPERTYSINGLEVALUE('CostCode_1',$,IFCLABEL('CBS-002'),$);
#6876=IFCPROPERTYSINGLEVALUE('CostCode_2',$,IFCLABEL('CBS-005'),$);
#6877=IFCPROPERTYSINGLEVALUE('UOM',$,IFCLABEL('m\X2\00B3\X0\'),$);
#6878=IFCPROPERTYSINGLEVALUE('PlannedValue',$,IFCREAL(7812.5),$);
#6879=IFCPROPERTYSINGLEVALUE('PVWeight',$,IFCREAL(0.0625),$);
#6880=IFCPROPERTYSINGLEVALUE('ElementsInTask',$,IFCINTEGER(16),$);
#6881=IFCPROPERTYSINGLEVALUE('Baseline_Tag',$,IFCLABEL('BL_2026-04'),$);
#6882=IFCPROPERTYSET('3KMD$R0550lPDN6jkJUqCp',#6,'Pset_5D',$,(#6867,#6868,#6869,#6870,#6871,#6872,#6873,#6874,#6875,#6876,#6877,#6878,#6879,#6880,#6881));
#6883=IFCRELDEFINESBYPROPERTIES('22OWrHAR12Yf2Tr$NCSM9t',#6,$,$,(#1791),#6882);
#6884=IFCPROPERTYSINGLEVALUE('WBS_Level1',$,IFCLABEL('CONSTRUCTION'),$);
#6885=IFCPROPERTYSINGLEVALUE('WBS_Level2',$,IFCLABEL('SUBSTRUCTURE'),$);
#6886=IFCPROPERTYSINGLEVALUE('WBS_Level4',$,IFCLABEL('PKG-FOOTINGS'),$);
#6887=IFCPROPERTYSINGLEVALUE('P6_ActivityID',$,IFCLABEL('A001'),$);
#6888=IFCPROPERTYSINGLEVALUE('P6_TaskName',$,IFCLABEL('Substructure \X2\2013\X0\ Pad Footings'),$);
#6889=IFCPROPERTYSINGLEVALUE('PlannedStart',$,IFCLABEL('2026-06-01'),$);
#6890=IFCPROPERTYSINGLEVALUE('PlannedFinish',$,IFCLABEL('2026-07-15'),$);
#6891=IFCPROPERTYSINGLEVALUE('Element_Mark',$,IFCLABEL('FTG-A1'),$);
#6892=IFCPROPERTYSINGLEVALUE('CostCode_1',$,IFCLABEL('CBS-001'),$);
#6893=IFCPROPERTYSINGLEVALUE('CostCode_2',$,IFCLABEL('CBS-005'),$);
#6894=IFCPROPERTYSINGLEVALUE('UOM',$,IFCLABEL('m\X2\00B3\X0\'),$);
#6895=IFCPROPERTYSINGLEVALUE('PlannedValue',$,IFCREAL(18750.),$);
#6896=IFCPROPERTYSINGLEVALUE('PVWeight',$,IFCREAL(0.0625),$);
#6897=IFCPROPERTYSINGLEVALUE('ElementsInTask',$,IFCINTEGER(16),$);
#6898=IFCPROPERTYSINGLEVALUE('Baseline_Tag',$,IFCLABEL('BL_2026-04'),$);
#6899=IFCPROPERTYSET('0TAO3an954lONhy0Xt7t5S',#6,'Pset_5D',$,(#6884,#6885,#6886,#6887,#6888,#6889,#6890,#6891,#6892,#6893,#6894,#6895,#6896,#6897,#6898));
#6900=IFCRELDEFINESBYPROPERTIES('3OmE33$Yb9ah7KgSmbRYoY',#6,$,$,(#34),#6899);
#6901=IFCPROPERTYSINGLEVALUE('WBS_Level1',$,IFCLABEL('CONSTRUCTION'),$);
#6902=IFCPROPERTYSINGLEVALUE('WBS_Level2',$,IFCLABEL('SUBSTRUCTURE'),$);
#6903=IFCPROPERTYSINGLEVALUE('WBS_Level4',$,IFCLABEL('PKG-FOOTINGS'),$);
#6904=IFCPROPERTYSINGLEVALUE('P6_ActivityID',$,IFCLABEL('A001'),$);
#6905=IFCPROPERTYSINGLEVALUE('P6_TaskName',$,IFCLABEL('Substructure \X2\2013\X0\ Pad Footings'),$);
#6906=IFCPROPERTYSINGLEVALUE('PlannedStart',$,IFCLABEL('2026-06-01'),$);
#6907=IFCPROPERTYSINGLEVALUE('PlannedFinish',$,IFCLABEL('2026-07-15'),$);
#6908=IFCPROPERTYSINGLEVALUE('Element_Mark',$,IFCLABEL('FTG-A2'),$);
#6909=IFCPROPERTYSINGLEVALUE('CostCode_1',$,IFCLABEL('CBS-001'),$);
#6910=IFCPROPERTYSINGLEVALUE('CostCode_2',$,IFCLABEL('CBS-005'),$);
#6911=IFCPROPERTYSINGLEVALUE('UOM',$,IFCLABEL('m\X2\00B3\X0\'),$);
#6912=IFCPROPERTYSINGLEVALUE('PlannedValue',$,IFCREAL(18750.),$);
#6913=IFCPROPERTYSINGLEVALUE('PVWeight',$,IFCREAL(0.0625),$);
#6914=IFCPROPERTYSINGLEVALUE('ElementsInTask',$,IFCINTEGER(16),$);
#6915=IFCPROPERTYSINGLEVALUE('Baseline_Tag',$,IFCLABEL('BL_2026-04'),$);
#6916=IFCPROPERTYSET('3177liaan64B7yDfqAiUYN',#6,'Pset_5D',$,(#6901,#6902,#6903,#6904,#6905,#6906,#6907,#6908,#6909,#6910,#6911,#6912,#6913,#6914,#6915));
#6917=IFCRELDEFINESBYPROPERTIES('09PgFAnXX8V90I5c9N1IiP',#6,$,$,(#63),#6916);
#6918=IFCPROPERTYSINGLEVALUE('WBS_Level1',$,IFCLABEL('CONSTRUCTION'),$);
#6919=IFCPROPERTYSINGLEVALUE('WBS_Level2',$,IFCLABEL('SUBSTRUCTURE'),$);
#6920=IFCPROPERTYSINGLEVALUE('WBS_Level4',$,IFCLABEL('PKG-FOOTINGS'),$);
#6921=IFCPROPERTYSINGLEVALUE('P6_ActivityID',$,IFCLABEL('A001'),$);
#6922=IFCPROPERTYSINGLEVALUE('P6_TaskName',$,IFCLABEL('Substructure \X2\2013\X0\ Pad Footings'),$);
#6923=IFCPROPERTYSINGLEVALUE('PlannedStart',$,IFCLABEL('2026-06-01'),$);
#6924=IFCPROPERTYSINGLEVALUE('PlannedFinish',$,IFCLABEL('2026-07-15'),$);
#6925=IFCPROPERTYSINGLEVALUE('Element_Mark',$,IFCLABEL('FTG-A3'),$);
#6926=IFCPROPERTYSINGLEVALUE('CostCode_1',$,IFCLABEL('CBS-001'),$);
#6927=IFCPROPERTYSINGLEVALUE('CostCode_2',$,IFCLABEL('CBS-005'),$);
#6928=IFCPROPERTYSINGLEVALUE('UOM',$,IFCLABEL('m\X2\00B3\X0\'),$);
#6929=IFCPROPERTYSINGLEVALUE('PlannedValue',$,IFCREAL(18750.),$);
#6930=IFCPROPERTYSINGLEVALUE('PVWeight',$,IFCREAL(0.0625),$);
#6931=IFCPROPERTYSINGLEVALUE('ElementsInTask',$,IFCINTEGER(16),$);
#6932=IFCPROPERTYSINGLEVALUE('Baseline_Tag',$,IFCLABEL('BL_2026-04'),$);
#6933=IFCPROPERTYSET('0_gYnuySf8_htLHB2yuMRb',#6,'Pset_5D',$,(#6918,#6919,#6920,#6921,#6922,#6923,#6924,#6925,#6926,#6927,#6928,#6929,#6930,#6931,#6932));
#6934=IFCRELDEFINESBYPROPERTIES('2xSFEXpQ1E_gHhMNbmzd42',#6,$,$,(#90),#6933);
#6935=IFCPROPERTYSINGLEVALUE('WBS_Level1',$,IFCLABEL('CONSTRUCTION'),$);
#6936=IFCPROPERTYSINGLEVALUE('WBS_Level2',$,IFCLABEL('SUBSTRUCTURE'),$);
#6937=IFCPROPERTYSINGLEVALUE('WBS_Level4',$,IFCLABEL('PKG-FOOTINGS'),$);
#6938=IFCPROPERTYSINGLEVALUE('P6_ActivityID',$,IFCLABEL('A001'),$);
#6939=IFCPROPERTYSINGLEVALUE('P6_TaskName',$,IFCLABEL('Substructure \X2\2013\X0\ Pad Footings'),$);
#6940=IFCPROPERTYSINGLEVALUE('PlannedStart',$,IFCLABEL('2026-06-01'),$);
#6941=IFCPROPERTYSINGLEVALUE('PlannedFinish',$,IFCLABEL('2026-07-15'),$);
#6942=IFCPROPERTYSINGLEVALUE('Element_Mark',$,IFCLABEL('FTG-A4'),$);
#6943=IFCPROPERTYSINGLEVALUE('CostCode_1',$,IFCLABEL('CBS-001'),$);
#6944=IFCPROPERTYSINGLEVALUE('CostCode_2',$,IFCLABEL('CBS-005'),$);
#6945=IFCPROPERTYSINGLEVALUE('UOM',$,IFCLABEL('m\X2\00B3\X0\'),$);
#6946=IFCPROPERTYSINGLEVALUE('PlannedValue',$,IFCREAL(18750.),$);
#6947=IFCPROPERTYSINGLEVALUE('PVWeight',$,IFCREAL(0.0625),$);
#6948=IFCPROPERTYSINGLEVALUE('ElementsInTask',$,IFCINTEGER(16),$);
#6949=IFCPROPERTYSINGLEVALUE('Baseline_Tag',$,IFCLABEL('BL_2026-04'),$);
#6950=IFCPROPERTYSET('0_Wvdnxx52wRSHO4EFQgFR',#6,'Pset_5D',$,(#6935,#6936,#6937,#6938,#6939,#6940,#6941,#6942,#6943,#6944,#6945,#6946,#6947,#6948,#6949));
#6951=IFCRELDEFINESBYPROPERTIES('3pbv$4CFXA2BrGkkDejjVz',#6,$,$,(#117),#6950);
#6952=IFCPROPERTYSINGLEVALUE('WBS_Level1',$,IFCLABEL('CONSTRUCTION'),$);
#6953=IFCPROPERTYSINGLEVALUE('WBS_Level2',$,IFCLABEL('SUBSTRUCTURE'),$);
#6954=IFCPROPERTYSINGLEVALUE('WBS_Level4',$,IFCLABEL('PKG-FOOTINGS'),$);
#6955=IFCPROPERTYSINGLEVALUE('P6_ActivityID',$,IFCLABEL('A001'),$);
#6956=IFCPROPERTYSINGLEVALUE('P6_TaskName',$,IFCLABEL('Substructure \X2\2013\X0\ Pad Footings'),$);
#6957=IFCPROPERTYSINGLEVALUE('PlannedStart',$,IFCLABEL('2026-06-01'),$);
#6958=IFCPROPERTYSINGLEVALUE('PlannedFinish',$,IFCLABEL('2026-07-15'),$);
#6959=IFCPROPERTYSINGLEVALUE('Element_Mark',$,IFCLABEL('FTG-B1'),$);
#6960=IFCPROPERTYSINGLEVALUE('CostCode_1',$,IFCLABEL('CBS-001'),$);
#6961=IFCPROPERTYSINGLEVALUE('CostCode_2',$,IFCLABEL('CBS-005'),$);
#6962=IFCPROPERTYSINGLEVALUE('UOM',$,IFCLABEL('m\X2\00B3\X0\'),$);
#6963=IFCPROPERTYSINGLEVALUE('PlannedValue',$,IFCREAL(18750.),$);
#6964=IFCPROPERTYSINGLEVALUE('PVWeight',$,IFCREAL(0.0625),$);
#6965=IFCPROPERTYSINGLEVALUE('ElementsInTask',$,IFCINTEGER(16),$);
#6966=IFCPROPERTYSINGLEVALUE('Baseline_Tag',$,IFCLABEL('BL_2026-04'),$);
#6967=IFCPROPERTYSET('16Z_Dfj050r8C$MLnpfCLS',#6,'Pset_5D',$,(#6952,#6953,#6954,#6955,#6956,#6957,#6958,#6959,#6960,#6961,#6962,#6963,#6964,#6965,#6966));
#6968=IFCRELDEFINESBYPROPERTIES('3tPDoLp9jEiBsrdth63R$I',#6,$,$,(#144),#6967);
#6969=IFCPROPERTYSINGLEVALUE('WBS_Level1',$,IFCLABEL('CONSTRUCTION'),$);
#6970=IFCPROPERTYSINGLEVALUE('WBS_Level2',$,IFCLABEL('SUBSTRUCTURE'),$);
#6971=IFCPROPERTYSINGLEVALUE('WBS_Level4',$,IFCLABEL('PKG-FOOTINGS'),$);
#6972=IFCPROPERTYSINGLEVALUE('P6_ActivityID',$,IFCLABEL('A001'),$);
#6973=IFCPROPERTYSINGLEVALUE('P6_TaskName',$,IFCLABEL('Substructure \X2\2013\X0\ Pad Footings'),$);
#6974=IFCPROPERTYSINGLEVALUE('PlannedStart',$,IFCLABEL('2026-06-01'),$);
#6975=IFCPROPERTYSINGLEVALUE('PlannedFinish',$,IFCLABEL('2026-07-15'),$);
#6976=IFCPROPERTYSINGLEVALUE('Element_Mark',$,IFCLABEL('FTG-B2'),$);
#6977=IFCPROPERTYSINGLEVALUE('CostCode_1',$,IFCLABEL('CBS-001'),$);
#6978=IFCPROPERTYSINGLEVALUE('CostCode_2',$,IFCLABEL('CBS-005'),$);
#6979=IFCPROPERTYSINGLEVALUE('UOM',$,IFCLABEL('m\X2\00B3\X0\'),$);
#6980=IFCPROPERTYSINGLEVALUE('PlannedValue',$,IFCREAL(18750.),$);
#6981=IFCPROPERTYSINGLEVALUE('PVWeight',$,IFCREAL(0.0625),$);
#6982=IFCPROPERTYSINGLEVALUE('ElementsInTask',$,IFCINTEGER(16),$);
#6983=IFCPROPERTYSINGLEVALUE('Baseline_Tag',$,IFCLABEL('BL_2026-04'),$);
#6984=IFCPROPERTYSET('2fJ0vEoqD3LAuY$uGjADzs',#6,'Pset_5D',$,(#6969,#6970,#6971,#6972,#6973,#6974,#6975,#6976,#6977,#6978,#6979,#6980,#6981,#6982,#6983));
#6985=IFCRELDEFINESBYPROPERTIES('2En6iZZav4zBdNApCVeaSI',#6,$,$,(#171),#6984);
#6986=IFCPROPERTYSINGLEVALUE('WBS_Level1',$,IFCLABEL('CONSTRUCTION'),$);
#6987=IFCPROPERTYSINGLEVALUE('WBS_Level2',$,IFCLABEL('SUBSTRUCTURE'),$);
#6988=IFCPROPERTYSINGLEVALUE('WBS_Level4',$,IFCLABEL('PKG-FOOTINGS'),$);
#6989=IFCPROPERTYSINGLEVALUE('P6_ActivityID',$,IFCLABEL('A001'),$);
#6990=IFCPROPERTYSINGLEVALUE('P6_TaskName',$,IFCLABEL('Substructure \X2\2013\X0\ Pad Footings'),$);
#6991=IFCPROPERTYSINGLEVALUE('PlannedStart',$,IFCLABEL('2026-06-01'),$);
#6992=IFCPROPERTYSINGLEVALUE('PlannedFinish',$,IFCLABEL('2026-07-15'),$);
#6993=IFCPROPERTYSINGLEVALUE('Element_Mark',$,IFCLABEL('FTG-B3'),$);
#6994=IFCPROPERTYSINGLEVALUE('CostCode_1',$,IFCLABEL('CBS-001'),$);
#6995=IFCPROPERTYSINGLEVALUE('CostCode_2',$,IFCLABEL('CBS-005'),$);
#6996=IFCPROPERTYSINGLEVALUE('UOM',$,IFCLABEL('m\X2\00B3\X0\'),$);
#6997=IFCPROPERTYSINGLEVALUE('PlannedValue',$,IFCREAL(18750.),$);
#6998=IFCPROPERTYSINGLEVALUE('PVWeight',$,IFCREAL(0.0625),$);
#6999=IFCPROPERTYSINGLEVALUE('ElementsInTask',$,IFCINTEGER(16),$);
#7000=IFCPROPERTYSINGLEVALUE('Baseline_Tag',$,IFCLABEL('BL_2026-04'),$);
#7001=IFCPROPERTYSET('14zJ0IZTD0AQgmIQ5pwGpT',#6,'Pset_5D',$,(#6986,#6987,#6988,#6989,#6990,#6991,#6992,#6993,#6994,#6995,#6996,#6997,#6998,#6999,#7000));
#7002=IFCRELDEFINESBYPROPERTIES('3tDt0bdHTDMvpq7wd2fxtB',#6,$,$,(#198),#7001);
#7003=IFCPROPERTYSINGLEVALUE('WBS_Level1',$,IFCLABEL('CONSTRUCTION'),$);
#7004=IFCPROPERTYSINGLEVALUE('WBS_Level2',$,IFCLABEL('SUBSTRUCTURE'),$);
#7005=IFCPROPERTYSINGLEVALUE('WBS_Level4',$,IFCLABEL('PKG-FOOTINGS'),$);
#7006=IFCPROPERTYSINGLEVALUE('P6_ActivityID',$,IFCLABEL('A001'),$);
#7007=IFCPROPERTYSINGLEVALUE('P6_TaskName',$,IFCLABEL('Substructure \X2\2013\X0\ Pad Footings'),$);
#7008=IFCPROPERTYSINGLEVALUE('PlannedStart',$,IFCLABEL('2026-06-01'),$);
#7009=IFCPROPERTYSINGLEVALUE('PlannedFinish',$,IFCLABEL('2026-07-15'),$);
#7010=IFCPROPERTYSINGLEVALUE('Element_Mark',$,IFCLABEL('FTG-B4'),$);
#7011=IFCPROPERTYSINGLEVALUE('CostCode_1',$,IFCLABEL('CBS-001'),$);
#7012=IFCPROPERTYSINGLEVALUE('CostCode_2',$,IFCLABEL('CBS-005'),$);
#7013=IFCPROPERTYSINGLEVALUE('UOM',$,IFCLABEL('m\X2\00B3\X0\'),$);
#7014=IFCPROPERTYSINGLEVALUE('PlannedValue',$,IFCREAL(18750.),$);
#7015=IFCPROPERTYSINGLEVALUE('PVWeight',$,IFCREAL(0.0625),$);
#7016=IFCPROPERTYSINGLEVALUE('ElementsInTask',$,IFCINTEGER(16),$);
#7017=IFCPROPERTYSINGLEVALUE('Baseline_Tag',$,IFCLABEL('BL_2026-04'),$);
#7018=IFCPROPERTYSET('3IvI_Fy796wRcPwiiTULP4',#6,'Pset_5D',$,(#7003,#7004,#7005,#7006,#7007,#7008,#7009,#7010,#7011,#7012,#7013,#7014,#7015,#7016,#7017));
#7019=IFCRELDEFINESBYPROPERTIES('2YmwYx$Uz4dhlYqO5jVLEg',#6,$,$,(#225),#7018);
#7020=IFCPROPERTYSINGLEVALUE('WBS_Level1',$,IFCLABEL('CONSTRUCTION'),$);
#7021=IFCPROPERTYSINGLEVALUE('WBS_Level2',$,IFCLABEL('SUBSTRUCTURE'),$);
#7022=IFCPROPERTYSINGLEVALUE('WBS_Level4',$,IFCLABEL('PKG-FOOTINGS'),$);
#7023=IFCPROPERTYSINGLEVALUE('P6_ActivityID',$,IFCLABEL('A001'),$);
#7024=IFCPROPERTYSINGLEVALUE('P6_TaskName',$,IFCLABEL('Substructure \X2\2013\X0\ Pad Footings'),$);
#7025=IFCPROPERTYSINGLEVALUE('PlannedStart',$,IFCLABEL('2026-06-01'),$);
#7026=IFCPROPERTYSINGLEVALUE('PlannedFinish',$,IFCLABEL('2026-07-15'),$);
#7027=IFCPROPERTYSINGLEVALUE('Element_Mark',$,IFCLABEL('FTG-C1'),$);
#7028=IFCPROPERTYSINGLEVALUE('CostCode_1',$,IFCLABEL('CBS-001'),$);
#7029=IFCPROPERTYSINGLEVALUE('CostCode_2',$,IFCLABEL('CBS-005'),$);
#7030=IFCPROPERTYSINGLEVALUE('UOM',$,IFCLABEL('m\X2\00B3\X0\'),$);
#7031=IFCPROPERTYSINGLEVALUE('PlannedValue',$,IFCREAL(18750.),$);
#7032=IFCPROPERTYSINGLEVALUE('PVWeight',$,IFCREAL(0.0625),$);
#7033=IFCPROPERTYSINGLEVALUE('ElementsInTask',$,IFCINTEGER(16),$);
#7034=IFCPROPERTYSINGLEVALUE('Baseline_Tag',$,IFCLABEL('BL_2026-04'),$);
#7035=IFCPROPERTYSET('0Zs48GwgX62QdVEWUDEbll',#6,'Pset_5D',$,(#7020,#7021,#7022,#7023,#7024,#7025,#7026,#7027,#7028,#7029,#7030,#7031,#7032,#7033,#7034));
#7036=IFCRELDEFINESBYPROPERTIES('1pdkWjhCvEWOyuiccO1jB7',#6,$,$,(#252),#7035);
#7037=IFCPROPERTYSINGLEVALUE('WBS_Level1',$,IFCLABEL('CONSTRUCTION'),$);
#7038=IFCPROPERTYSINGLEVALUE('WBS_Level2',$,IFCLABEL('SUBSTRUCTURE'),$);
#7039=IFCPROPERTYSINGLEVALUE('WBS_Level4',$,IFCLABEL('PKG-FOOTINGS'),$);
#7040=IFCPROPERTYSINGLEVALUE('P6_ActivityID',$,IFCLABEL('A001'),$);
#7041=IFCPROPERTYSINGLEVALUE('P6_TaskName',$,IFCLABEL('Substructure \X2\2013\X0\ Pad Footings'),$);
#7042=IFCPROPERTYSINGLEVALUE('PlannedStart',$,IFCLABEL('2026-06-01'),$);
#7043=IFCPROPERTYSINGLEVALUE('PlannedFinish',$,IFCLABEL('2026-07-15'),$);
#7044=IFCPROPERTYSINGLEVALUE('Element_Mark',$,IFCLABEL('FTG-C2'),$);
#7045=IFCPROPERTYSINGLEVALUE('CostCode_1',$,IFCLABEL('CBS-001'),$);
#7046=IFCPROPERTYSINGLEVALUE('CostCode_2',$,IFCLABEL('CBS-005'),$);
#7047=IFCPROPERTYSINGLEVALUE('UOM',$,IFCLABEL('m\X2\00B3\X0\'),$);
#7048=IFCPROPERTYSINGLEVALUE('PlannedValue',$,IFCREAL(18750.),$);
#7049=IFCPROPERTYSINGLEVALUE('PVWeight',$,IFCREAL(0.0625),$);
#7050=IFCPROPERTYSINGLEVALUE('ElementsInTask',$,IFCINTEGER(16),$);
#7051=IFCPROPERTYSINGLEVALUE('Baseline_Tag',$,IFCLABEL('BL_2026-04'),$);
#7052=IFCPROPERTYSET('29jeHWprL648dDReRyHzUl',#6,'Pset_5D',$,(#7037,#7038,#7039,#7040,#7041,#7042,#7043,#7044,#7045,#7046,#7047,#7048,#7049,#7050,#7051));
#7053=IFCRELDEFINESBYPROPERTIES('1jO_umLwPCwf0wRlLXFfn4',#6,$,$,(#279),#7052);
#7054=IFCPROPERTYSINGLEVALUE('WBS_Level1',$,IFCLABEL('CONSTRUCTION'),$);
#7055=IFCPROPERTYSINGLEVALUE('WBS_Level2',$,IFCLABEL('SUBSTRUCTURE'),$);
#7056=IFCPROPERTYSINGLEVALUE('WBS_Level4',$,IFCLABEL('PKG-FOOTINGS'),$);
#7057=IFCPROPERTYSINGLEVALUE('P6_ActivityID',$,IFCLABEL('A001'),$);
#7058=IFCPROPERTYSINGLEVALUE('P6_TaskName',$,IFCLABEL('Substructure \X2\2013\X0\ Pad Footings'),$);
#7059=IFCPROPERTYSINGLEVALUE('PlannedStart',$,IFCLABEL('2026-06-01'),$);
#7060=IFCPROPERTYSINGLEVALUE('PlannedFinish',$,IFCLABEL('2026-07-15'),$);
#7061=IFCPROPERTYSINGLEVALUE('Element_Mark',$,IFCLABEL('FTG-C3'),$);
#7062=IFCPROPERTYSINGLEVALUE('CostCode_1',$,IFCLABEL('CBS-001'),$);
#7063=IFCPROPERTYSINGLEVALUE('CostCode_2',$,IFCLABEL('CBS-005'),$);
#7064=IFCPROPERTYSINGLEVALUE('UOM',$,IFCLABEL('m\X2\00B3\X0\'),$);
#7065=IFCPROPERTYSINGLEVALUE('PlannedValue',$,IFCREAL(18750.),$);
#7066=IFCPROPERTYSINGLEVALUE('PVWeight',$,IFCREAL(0.0625),$);
#7067=IFCPROPERTYSINGLEVALUE('ElementsInTask',$,IFCINTEGER(16),$);
#7068=IFCPROPERTYSINGLEVALUE('Baseline_Tag',$,IFCLABEL('BL_2026-04'),$);
#7069=IFCPROPERTYSET('3WS$qvpTf9lfDaWUxWgqko',#6,'Pset_5D',$,(#7054,#7055,#7056,#7057,#7058,#7059,#7060,#7061,#7062,#7063,#7064,#7065,#7066,#7067,#7068));
#7070=IFCRELDEFINESBYPROPERTIES('1x8PXEGkH62w2pMkHtwYvr',#6,$,$,(#306),#7069);
#7071=IFCPROPERTYSINGLEVALUE('WBS_Level1',$,IFCLABEL('CONSTRUCTION'),$);
#7072=IFCPROPERTYSINGLEVALUE('WBS_Level2',$,IFCLABEL('SUBSTRUCTURE'),$);
#7073=IFCPROPERTYSINGLEVALUE('WBS_Level4',$,IFCLABEL('PKG-FOOTINGS'),$);
#7074=IFCPROPERTYSINGLEVALUE('P6_ActivityID',$,IFCLABEL('A001'),$);
#7075=IFCPROPERTYSINGLEVALUE('P6_TaskName',$,IFCLABEL('Substructure \X2\2013\X0\ Pad Footings'),$);
#7076=IFCPROPERTYSINGLEVALUE('PlannedStart',$,IFCLABEL('2026-06-01'),$);
#7077=IFCPROPERTYSINGLEVALUE('PlannedFinish',$,IFCLABEL('2026-07-15'),$);
#7078=IFCPROPERTYSINGLEVALUE('Element_Mark',$,IFCLABEL('FTG-C4'),$);
#7079=IFCPROPERTYSINGLEVALUE('CostCode_1',$,IFCLABEL('CBS-001'),$);
#7080=IFCPROPERTYSINGLEVALUE('CostCode_2',$,IFCLABEL('CBS-005'),$);
#7081=IFCPROPERTYSINGLEVALUE('UOM',$,IFCLABEL('m\X2\00B3\X0\'),$);
#7082=IFCPROPERTYSINGLEVALUE('PlannedValue',$,IFCREAL(18750.),$);
#7083=IFCPROPERTYSINGLEVALUE('PVWeight',$,IFCREAL(0.0625),$);
#7084=IFCPROPERTYSINGLEVALUE('ElementsInTask',$,IFCINTEGER(16),$);
#7085=IFCPROPERTYSINGLEVALUE('Baseline_Tag',$,IFCLABEL('BL_2026-04'),$);
#7086=IFCPROPERTYSET('03yTNw02v0HhvxfXCMmJZM',#6,'Pset_5D',$,(#7071,#7072,#7073,#7074,#7075,#7076,#7077,#7078,#7079,#7080,#7081,#7082,#7083,#7084,#7085));
#7087=IFCRELDEFINESBYPROPERTIES('26SXUBvCT6lhTr1vN4imrf',#6,$,$,(#333),#7086);
#7088=IFCPROPERTYSINGLEVALUE('WBS_Level1',$,IFCLABEL('CONSTRUCTION'),$);
#7089=IFCPROPERTYSINGLEVALUE('WBS_Level2',$,IFCLABEL('SUBSTRUCTURE'),$);
#7090=IFCPROPERTYSINGLEVALUE('WBS_Level4',$,IFCLABEL('PKG-FOOTINGS'),$);
#7091=IFCPROPERTYSINGLEVALUE('P6_ActivityID',$,IFCLABEL('A001'),$);
#7092=IFCPROPERTYSINGLEVALUE('P6_TaskName',$,IFCLABEL('Substructure \X2\2013\X0\ Pad Footings'),$);
#7093=IFCPROPERTYSINGLEVALUE('PlannedStart',$,IFCLABEL('2026-06-01'),$);
#7094=IFCPROPERTYSINGLEVALUE('PlannedFinish',$,IFCLABEL('2026-07-15'),$);
#7095=IFCPROPERTYSINGLEVALUE('Element_Mark',$,IFCLABEL('FTG-D1'),$);
#7096=IFCPROPERTYSINGLEVALUE('CostCode_1',$,IFCLABEL('CBS-001'),$);
#7097=IFCPROPERTYSINGLEVALUE('CostCode_2',$,IFCLABEL('CBS-005'),$);
#7098=IFCPROPERTYSINGLEVALUE('UOM',$,IFCLABEL('m\X2\00B3\X0\'),$);
#7099=IFCPROPERTYSINGLEVALUE('PlannedValue',$,IFCREAL(18750.),$);
#7100=IFCPROPERTYSINGLEVALUE('PVWeight',$,IFCREAL(0.0625),$);
#7101=IFCPROPERTYSINGLEVALUE('ElementsInTask',$,IFCINTEGER(16),$);
#7102=IFCPROPERTYSINGLEVALUE('Baseline_Tag',$,IFCLABEL('BL_2026-04'),$);
#7103=IFCPROPERTYSET('2vZfhroMT64ARUZySGHdRN',#6,'Pset_5D',$,(#7088,#7089,#7090,#7091,#7092,#7093,#7094,#7095,#7096,#7097,#7098,#7099,#7100,#7101,#7102));
#7104=IFCRELDEFINESBYPROPERTIES('0L7cSiuF18f8mjh66hSkfn',#6,$,$,(#360),#7103);
#7105=IFCPROPERTYSINGLEVALUE('WBS_Level1',$,IFCLABEL('CONSTRUCTION'),$);
#7106=IFCPROPERTYSINGLEVALUE('WBS_Level2',$,IFCLABEL('SUBSTRUCTURE'),$);
#7107=IFCPROPERTYSINGLEVALUE('WBS_Level4',$,IFCLABEL('PKG-FOOTINGS'),$);
#7108=IFCPROPERTYSINGLEVALUE('P6_ActivityID',$,IFCLABEL('A001'),$);
#7109=IFCPROPERTYSINGLEVALUE('P6_TaskName',$,IFCLABEL('Substructure \X2\2013\X0\ Pad Footings'),$);
#7110=IFCPROPERTYSINGLEVALUE('PlannedStart',$,IFCLABEL('2026-06-01'),$);
#7111=IFCPROPERTYSINGLEVALUE('PlannedFinish',$,IFCLABEL('2026-07-15'),$);
#7112=IFCPROPERTYSINGLEVALUE('Element_Mark',$,IFCLABEL('FTG-D2'),$);
#7113=IFCPROPERTYSINGLEVALUE('CostCode_1',$,IFCLABEL('CBS-001'),$);
#7114=IFCPROPERTYSINGLEVALUE('CostCode_2',$,IFCLABEL('CBS-005'),$);
#7115=IFCPROPERTYSINGLEVALUE('UOM',$,IFCLABEL('m\X2\00B3\X0\'),$);
#7116=IFCPROPERTYSINGLEVALUE('PlannedValue',$,IFCREAL(18750.),$);
#7117=IFCPROPERTYSINGLEVALUE('PVWeight',$,IFCREAL(0.0625),$);
#7118=IFCPROPERTYSINGLEVALUE('ElementsInTask',$,IFCINTEGER(16),$);
#7119=IFCPROPERTYSINGLEVALUE('Baseline_Tag',$,IFCLABEL('BL_2026-04'),$);
#7120=IFCPROPERTYSET('1roAGQxDbANAVhROA1sesR',#6,'Pset_5D',$,(#7105,#7106,#7107,#7108,#7109,#7110,#7111,#7112,#7113,#7114,#7115,#7116,#7117,#7118,#7119));
#7121=IFCRELDEFINESBYPROPERTIES('0V3Qgg$0LAWA$RctbdNy2B',#6,$,$,(#387),#7120);
#7122=IFCPROPERTYSINGLEVALUE('WBS_Level1',$,IFCLABEL('CONSTRUCTION'),$);
#7123=IFCPROPERTYSINGLEVALUE('WBS_Level2',$,IFCLABEL('SUBSTRUCTURE'),$);
#7124=IFCPROPERTYSINGLEVALUE('WBS_Level4',$,IFCLABEL('PKG-FOOTINGS'),$);
#7125=IFCPROPERTYSINGLEVALUE('P6_ActivityID',$,IFCLABEL('A001'),$);
#7126=IFCPROPERTYSINGLEVALUE('P6_TaskName',$,IFCLABEL('Substructure \X2\2013\X0\ Pad Footings'),$);
#7127=IFCPROPERTYSINGLEVALUE('PlannedStart',$,IFCLABEL('2026-06-01'),$);
#7128=IFCPROPERTYSINGLEVALUE('PlannedFinish',$,IFCLABEL('2026-07-15'),$);
#7129=IFCPROPERTYSINGLEVALUE('Element_Mark',$,IFCLABEL('FTG-D3'),$);
#7130=IFCPROPERTYSINGLEVALUE('CostCode_1',$,IFCLABEL('CBS-001'),$);
#7131=IFCPROPERTYSINGLEVALUE('CostCode_2',$,IFCLABEL('CBS-005'),$);
#7132=IFCPROPERTYSINGLEVALUE('UOM',$,IFCLABEL('m\X2\00B3\X0\'),$);
#7133=IFCPROPERTYSINGLEVALUE('PlannedValue',$,IFCREAL(18750.),$);
#7134=IFCPROPERTYSINGLEVALUE('PVWeight',$,IFCREAL(0.0625),$);
#7135=IFCPROPERTYSINGLEVALUE('ElementsInTask',$,IFCINTEGER(16),$);
#7136=IFCPROPERTYSINGLEVALUE('Baseline_Tag',$,IFCLABEL('BL_2026-04'),$);
#7137=IFCPROPERTYSET('2vlgPeFUf83f9MZZz0Shn2',#6,'Pset_5D',$,(#7122,#7123,#7124,#7125,#7126,#7127,#7128,#7129,#7130,#7131,#7132,#7133,#7134,#7135,#7136));
#7138=IFCRELDEFINESBYPROPERTIES('0cuRwHGkP8tuGycTRRsNfN',#6,$,$,(#414),#7137);
#7139=IFCPROPERTYSINGLEVALUE('WBS_Level1',$,IFCLABEL('CONSTRUCTION'),$);
#7140=IFCPROPERTYSINGLEVALUE('WBS_Level2',$,IFCLABEL('SUBSTRUCTURE'),$);
#7141=IFCPROPERTYSINGLEVALUE('WBS_Level4',$,IFCLABEL('PKG-FOOTINGS'),$);
#7142=IFCPROPERTYSINGLEVALUE('P6_ActivityID',$,IFCLABEL('A001'),$);
#7143=IFCPROPERTYSINGLEVALUE('P6_TaskName',$,IFCLABEL('Substructure \X2\2013\X0\ Pad Footings'),$);
#7144=IFCPROPERTYSINGLEVALUE('PlannedStart',$,IFCLABEL('2026-06-01'),$);
#7145=IFCPROPERTYSINGLEVALUE('PlannedFinish',$,IFCLABEL('2026-07-15'),$);
#7146=IFCPROPERTYSINGLEVALUE('Element_Mark',$,IFCLABEL('FTG-D4'),$);
#7147=IFCPROPERTYSINGLEVALUE('CostCode_1',$,IFCLABEL('CBS-001'),$);
#7148=IFCPROPERTYSINGLEVALUE('CostCode_2',$,IFCLABEL('CBS-005'),$);
#7149=IFCPROPERTYSINGLEVALUE('UOM',$,IFCLABEL('m\X2\00B3\X0\'),$);
#7150=IFCPROPERTYSINGLEVALUE('PlannedValue',$,IFCREAL(18750.),$);
#7151=IFCPROPERTYSINGLEVALUE('PVWeight',$,IFCREAL(0.0625),$);
#7152=IFCPROPERTYSINGLEVALUE('ElementsInTask',$,IFCINTEGER(16),$);
#7153=IFCPROPERTYSINGLEVALUE('Baseline_Tag',$,IFCLABEL('BL_2026-04'),$);
#7154=IFCPROPERTYSET('1ywatyWNfCMh73M_bGJivO',#6,'Pset_5D',$,(#7139,#7140,#7141,#7142,#7143,#7144,#7145,#7146,#7147,#7148,#7149,#7150,#7151,#7152,#7153));
#7155=IFCRELDEFINESBYPROPERTIES('3LSMGYnbj9Wguk2Hmuceak',#6,$,$,(#441),#7154);
#7156=IFCPROPERTYSINGLEVALUE('WBS_Level1',$,IFCLABEL('CONSTRUCTION'),$);
#7157=IFCPROPERTYSINGLEVALUE('WBS_Level2',$,IFCLABEL('GROUND-FLOOR'),$);
#7158=IFCPROPERTYSINGLEVALUE('WBS_Level4',$,IFCLABEL('PKG-FRAME-GF'),$);
#7159=IFCPROPERTYSINGLEVALUE('P6_ActivityID',$,IFCLABEL('A003'),$);
#7160=IFCPROPERTYSINGLEVALUE('P6_TaskName',$,IFCLABEL('Ground Floor \X2\2013\X0\ RC Beams and Slab'),$);
#7161=IFCPROPERTYSINGLEVALUE('PlannedStart',$,IFCLABEL('2026-09-01'),$);
#7162=IFCPROPERTYSINGLEVALUE('PlannedFinish',$,IFCLABEL('2026-10-31'),$);
#7163=IFCPROPERTYSINGLEVALUE('Element_Mark',$,IFCLABEL('SL-A1B2-GF'),$);
#7164=IFCPROPERTYSINGLEVALUE('CostCode_1',$,IFCLABEL('CBS-003'),$);
#7165=IFCPROPERTYSINGLEVALUE('CostCode_2',$,IFCLABEL('CBS-004'),$);
#7166=IFCPROPERTYSINGLEVALUE('UOM',$,IFCLABEL('m\X2\00B3\X0\'),$);
#7167=IFCPROPERTYSINGLEVALUE('PlannedValue',$,IFCREAL(12121.209999999999),$);
#7168=IFCPROPERTYSINGLEVALUE('PVWeight',$,IFCREAL(0.030303),$);
#7169=IFCPROPERTYSINGLEVALUE('ElementsInTask',$,IFCINTEGER(33),$);
#7170=IFCPROPERTYSINGLEVALUE('Baseline_Tag',$,IFCLABEL('BL_2026-04'),$);
#7171=IFCPROPERTYSET('39w5fDKaP7weMZzW$qDyvW',#6,'Pset_5D',$,(#7156,#7157,#7158,#7159,#7160,#7161,#7162,#7163,#7164,#7165,#7166,#7167,#7168,#7169,#7170));
#7172=IFCRELDEFINESBYPROPERTIES('0EOny1kIX2je0vQfx8VRAO',#6,$,$,(#3837),#7171);
#7173=IFCPROPERTYSINGLEVALUE('WBS_Level1',$,IFCLABEL('CONSTRUCTION'),$);
#7174=IFCPROPERTYSINGLEVALUE('WBS_Level2',$,IFCLABEL('GROUND-FLOOR'),$);
#7175=IFCPROPERTYSINGLEVALUE('WBS_Level4',$,IFCLABEL('PKG-FRAME-GF'),$);
#7176=IFCPROPERTYSINGLEVALUE('P6_ActivityID',$,IFCLABEL('A003'),$);
#7177=IFCPROPERTYSINGLEVALUE('P6_TaskName',$,IFCLABEL('Ground Floor \X2\2013\X0\ RC Beams and Slab'),$);
#7178=IFCPROPERTYSINGLEVALUE('PlannedStart',$,IFCLABEL('2026-09-01'),$);
#7179=IFCPROPERTYSINGLEVALUE('PlannedFinish',$,IFCLABEL('2026-10-31'),$);
#7180=IFCPROPERTYSINGLEVALUE('Element_Mark',$,IFCLABEL('SL-A2B3-GF'),$);
#7181=IFCPROPERTYSINGLEVALUE('CostCode_1',$,IFCLABEL('CBS-003'),$);
#7182=IFCPROPERTYSINGLEVALUE('CostCode_2',$,IFCLABEL('CBS-004'),$);
#7183=IFCPROPERTYSINGLEVALUE('UOM',$,IFCLABEL('m\X2\00B3\X0\'),$);
#7184=IFCPROPERTYSINGLEVALUE('PlannedValue',$,IFCREAL(12121.209999999999),$);
#7185=IFCPROPERTYSINGLEVALUE('PVWeight',$,IFCREAL(0.030303),$);
#7186=IFCPROPERTYSINGLEVALUE('ElementsInTask',$,IFCINTEGER(33),$);
#7187=IFCPROPERTYSINGLEVALUE('Baseline_Tag',$,IFCLABEL('BL_2026-04'),$);
#7188=IFCPROPERTYSET('2lk6yM7d95PBbnQmxd2qGn',#6,'Pset_5D',$,(#7173,#7174,#7175,#7176,#7177,#7178,#7179,#7180,#7181,#7182,#7183,#7184,#7185,#7186,#7187));
#7189=IFCRELDEFINESBYPROPERTIES('2DfxZVBcj0vvlMrpBb8HH7',#6,$,$,(#3865),#7188);
#7190=IFCPROPERTYSINGLEVALUE('WBS_Level1',$,IFCLABEL('CONSTRUCTION'),$);
#7191=IFCPROPERTYSINGLEVALUE('WBS_Level2',$,IFCLABEL('GROUND-FLOOR'),$);
#7192=IFCPROPERTYSINGLEVALUE('WBS_Level4',$,IFCLABEL('PKG-FRAME-GF'),$);
#7193=IFCPROPERTYSINGLEVALUE('P6_ActivityID',$,IFCLABEL('A003'),$);
#7194=IFCPROPERTYSINGLEVALUE('P6_TaskName',$,IFCLABEL('Ground Floor \X2\2013\X0\ RC Beams and Slab'),$);
#7195=IFCPROPERTYSINGLEVALUE('PlannedStart',$,IFCLABEL('2026-09-01'),$);
#7196=IFCPROPERTYSINGLEVALUE('PlannedFinish',$,IFCLABEL('2026-10-31'),$);
#7197=IFCPROPERTYSINGLEVALUE('Element_Mark',$,IFCLABEL('SL-A3B4-GF'),$);
#7198=IFCPROPERTYSINGLEVALUE('CostCode_1',$,IFCLABEL('CBS-003'),$);
#7199=IFCPROPERTYSINGLEVALUE('CostCode_2',$,IFCLABEL('CBS-004'),$);
#7200=IFCPROPERTYSINGLEVALUE('UOM',$,IFCLABEL('m\X2\00B3\X0\'),$);
#7201=IFCPROPERTYSINGLEVALUE('PlannedValue',$,IFCREAL(12121.209999999999),$);
#7202=IFCPROPERTYSINGLEVALUE('PVWeight',$,IFCREAL(0.030303),$);
#7203=IFCPROPERTYSINGLEVALUE('ElementsInTask',$,IFCINTEGER(33),$);
#7204=IFCPROPERTYSINGLEVALUE('Baseline_Tag',$,IFCLABEL('BL_2026-04'),$);
#7205=IFCPROPERTYSET('003Z7AEUTCpfnaw2f9TQxi',#6,'Pset_5D',$,(#7190,#7191,#7192,#7193,#7194,#7195,#7196,#7197,#7198,#7199,#7200,#7201,#7202,#7203,#7204));
#7206=IFCRELDEFINESBYPROPERTIES('08AcmyKbHDqxRIEPv0eC6o',#6,$,$,(#3893),#7205);
#7207=IFCPROPERTYSINGLEVALUE('WBS_Level1',$,IFCLABEL('CONSTRUCTION'),$);
#7208=IFCPROPERTYSINGLEVALUE('WBS_Level2',$,IFCLABEL('GROUND-FLOOR'),$);
#7209=IFCPROPERTYSINGLEVALUE('WBS_Level4',$,IFCLABEL('PKG-FRAME-GF'),$);
#7210=IFCPROPERTYSINGLEVALUE('P6_ActivityID',$,IFCLABEL('A003'),$);
#7211=IFCPROPERTYSINGLEVALUE('P6_TaskName',$,IFCLABEL('Ground Floor \X2\2013\X0\ RC Beams and Slab'),$);
#7212=IFCPROPERTYSINGLEVALUE('PlannedStart',$,IFCLABEL('2026-09-01'),$);
#7213=IFCPROPERTYSINGLEVALUE('PlannedFinish',$,IFCLABEL('2026-10-31'),$);
#7214=IFCPROPERTYSINGLEVALUE('Element_Mark',$,IFCLABEL('SL-B1C2-GF'),$);
#7215=IFCPROPERTYSINGLEVALUE('CostCode_1',$,IFCLABEL('CBS-003'),$);
#7216=IFCPROPERTYSINGLEVALUE('CostCode_2',$,IFCLABEL('CBS-004'),$);
#7217=IFCPROPERTYSINGLEVALUE('UOM',$,IFCLABEL('m\X2\00B3\X0\'),$);
#7218=IFCPROPERTYSINGLEVALUE('PlannedValue',$,IFCREAL(12121.209999999999),$);
#7219=IFCPROPERTYSINGLEVALUE('PVWeight',$,IFCREAL(0.030303),$);
#7220=IFCPROPERTYSINGLEVALUE('ElementsInTask',$,IFCINTEGER(33),$);
#7221=IFCPROPERTYSINGLEVALUE('Baseline_Tag',$,IFCLABEL('BL_2026-04'),$);
#7222=IFCPROPERTYSET('2LI4yQY4r7Bf4w5QJPyuF9',#6,'Pset_5D',$,(#7207,#7208,#7209,#7210,#7211,#7212,#7213,#7214,#7215,#7216,#7217,#7218,#7219,#7220,#7221));
#7223=IFCRELDEFINESBYPROPERTIES('1S$UZQybPBaQKla3vV1HI0',#6,$,$,(#3921),#7222);
#7224=IFCPROPERTYSINGLEVALUE('WBS_Level1',$,IFCLABEL('CONSTRUCTION'),$);
#7225=IFCPROPERTYSINGLEVALUE('WBS_Level2',$,IFCLABEL('GROUND-FLOOR'),$);
#7226=IFCPROPERTYSINGLEVALUE('WBS_Level4',$,IFCLABEL('PKG-FRAME-GF'),$);
#7227=IFCPROPERTYSINGLEVALUE('P6_ActivityID',$,IFCLABEL('A003'),$);
#7228=IFCPROPERTYSINGLEVALUE('P6_TaskName',$,IFCLABEL('Ground Floor \X2\2013\X0\ RC Beams and Slab'),$);
#7229=IFCPROPERTYSINGLEVALUE('PlannedStart',$,IFCLABEL('2026-09-01'),$);
#7230=IFCPROPERTYSINGLEVALUE('PlannedFinish',$,IFCLABEL('2026-10-31'),$);
#7231=IFCPROPERTYSINGLEVALUE('Element_Mark',$,IFCLABEL('SL-B2C3-GF'),$);
#7232=IFCPROPERTYSINGLEVALUE('CostCode_1',$,IFCLABEL('CBS-003'),$);
#7233=IFCPROPERTYSINGLEVALUE('CostCode_2',$,IFCLABEL('CBS-004'),$);
#7234=IFCPROPERTYSINGLEVALUE('UOM',$,IFCLABEL('m\X2\00B3\X0\'),$);
#7235=IFCPROPERTYSINGLEVALUE('PlannedValue',$,IFCREAL(12121.209999999999),$);
#7236=IFCPROPERTYSINGLEVALUE('PVWeight',$,IFCREAL(0.030303),$);
#7237=IFCPROPERTYSINGLEVALUE('ElementsInTask',$,IFCINTEGER(33),$);
#7238=IFCPROPERTYSINGLEVALUE('Baseline_Tag',$,IFCLABEL('BL_2026-04'),$);
#7239=IFCPROPERTYSET('3tbsWc_pL0DOwHBUc8FD3u',#6,'Pset_5D',$,(#7224,#7225,#7226,#7227,#7228,#7229,#7230,#7231,#7232,#7233,#7234,#7235,#7236,#7237,#7238));
#7240=IFCRELDEFINESBYPROPERTIES('3OptKV9enCgg491L4IIyiK',#6,$,$,(#3949),#7239);
#7241=IFCPROPERTYSINGLEVALUE('WBS_Level1',$,IFCLABEL('CONSTRUCTION'),$);
#7242=IFCPROPERTYSINGLEVALUE('WBS_Level2',$,IFCLABEL('GROUND-FLOOR'),$);
#7243=IFCPROPERTYSINGLEVALUE('WBS_Level4',$,IFCLABEL('PKG-FRAME-GF'),$);
#7244=IFCPROPERTYSINGLEVALUE('P6_ActivityID',$,IFCLABEL('A003'),$);
#7245=IFCPROPERTYSINGLEVALUE('P6_TaskName',$,IFCLABEL('Ground Floor \X2\2013\X0\ RC Beams and Slab'),$);
#7246=IFCPROPERTYSINGLEVALUE('PlannedStart',$,IFCLABEL('2026-09-01'),$);
#7247=IFCPROPERTYSINGLEVALUE('PlannedFinish',$,IFCLABEL('2026-10-31'),$);
#7248=IFCPROPERTYSINGLEVALUE('Element_Mark',$,IFCLABEL('SL-B3C4-GF'),$);
#7249=IFCPROPERTYSINGLEVALUE('CostCode_1',$,IFCLABEL('CBS-003'),$);
#7250=IFCPROPERTYSINGLEVALUE('CostCode_2',$,IFCLABEL('CBS-004'),$);
#7251=IFCPROPERTYSINGLEVALUE('UOM',$,IFCLABEL('m\X2\00B3\X0\'),$);
#7252=IFCPROPERTYSINGLEVALUE('PlannedValue',$,IFCREAL(12121.209999999999),$);
#7253=IFCPROPERTYSINGLEVALUE('PVWeight',$,IFCREAL(0.030303),$);
#7254=IFCPROPERTYSINGLEVALUE('ElementsInTask',$,IFCINTEGER(33),$);
#7255=IFCPROPERTYSINGLEVALUE('Baseline_Tag',$,IFCLABEL('BL_2026-04'),$);
#7256=IFCPROPERTYSET('0BUDNiDavBJeWudaOvhHLO',#6,'Pset_5D',$,(#7241,#7242,#7243,#7244,#7245,#7246,#7247,#7248,#7249,#7250,#7251,#7252,#7253,#7254,#7255));
#7257=IFCRELDEFINESBYPROPERTIES('3WMv6JWCP3yPS87S5D$Zn2',#6,$,$,(#3977),#7256);
#7258=IFCPROPERTYSINGLEVALUE('WBS_Level1',$,IFCLABEL('CONSTRUCTION'),$);
#7259=IFCPROPERTYSINGLEVALUE('WBS_Level2',$,IFCLABEL('GROUND-FLOOR'),$);
#7260=IFCPROPERTYSINGLEVALUE('WBS_Level4',$,IFCLABEL('PKG-FRAME-GF'),$);
#7261=IFCPROPERTYSINGLEVALUE('P6_ActivityID',$,IFCLABEL('A003'),$);
#7262=IFCPROPERTYSINGLEVALUE('P6_TaskName',$,IFCLABEL('Ground Floor \X2\2013\X0\ RC Beams and Slab'),$);
#7263=IFCPROPERTYSINGLEVALUE('PlannedStart',$,IFCLABEL('2026-09-01'),$);
#7264=IFCPROPERTYSINGLEVALUE('PlannedFinish',$,IFCLABEL('2026-10-31'),$);
#7265=IFCPROPERTYSINGLEVALUE('Element_Mark',$,IFCLABEL('SL-C1D2-GF'),$);
#7266=IFCPROPERTYSINGLEVALUE('CostCode_1',$,IFCLABEL('CBS-003'),$);
#7267=IFCPROPERTYSINGLEVALUE('CostCode_2',$,IFCLABEL('CBS-004'),$);
#7268=IFCPROPERTYSINGLEVALUE('UOM',$,IFCLABEL('m\X2\00B3\X0\'),$);
#7269=IFCPROPERTYSINGLEVALUE('PlannedValue',$,IFCREAL(12121.209999999999),$);
#7270=IFCPROPERTYSINGLEVALUE('PVWeight',$,IFCREAL(0.030303),$);
#7271=IFCPROPERTYSINGLEVALUE('ElementsInTask',$,IFCINTEGER(33),$);
#7272=IFCPROPERTYSINGLEVALUE('Baseline_Tag',$,IFCLABEL('BL_2026-04'),$);
#7273=IFCPROPERTYSET('1XUm5p63D2MhiB$TC6LTpg',#6,'Pset_5D',$,(#7258,#7259,#7260,#7261,#7262,#7263,#7264,#7265,#7266,#7267,#7268,#7269,#7270,#7271,#7272));
#7274=IFCRELDEFINESBYPROPERTIES('2APmp9KGz2ifMDZJZu$NWU',#6,$,$,(#4005),#7273);
#7275=IFCPROPERTYSINGLEVALUE('WBS_Level1',$,IFCLABEL('CONSTRUCTION'),$);
#7276=IFCPROPERTYSINGLEVALUE('WBS_Level2',$,IFCLABEL('GROUND-FLOOR'),$);
#7277=IFCPROPERTYSINGLEVALUE('WBS_Level4',$,IFCLABEL('PKG-FRAME-GF'),$);
#7278=IFCPROPERTYSINGLEVALUE('P6_ActivityID',$,IFCLABEL('A003'),$);
#7279=IFCPROPERTYSINGLEVALUE('P6_TaskName',$,IFCLABEL('Ground Floor \X2\2013\X0\ RC Beams and Slab'),$);
#7280=IFCPROPERTYSINGLEVALUE('PlannedStart',$,IFCLABEL('2026-09-01'),$);
#7281=IFCPROPERTYSINGLEVALUE('PlannedFinish',$,IFCLABEL('2026-10-31'),$);
#7282=IFCPROPERTYSINGLEVALUE('Element_Mark',$,IFCLABEL('SL-C2D3-GF'),$);
#7283=IFCPROPERTYSINGLEVALUE('CostCode_1',$,IFCLABEL('CBS-003'),$);
#7284=IFCPROPERTYSINGLEVALUE('CostCode_2',$,IFCLABEL('CBS-004'),$);
#7285=IFCPROPERTYSINGLEVALUE('UOM',$,IFCLABEL('m\X2\00B3\X0\'),$);
#7286=IFCPROPERTYSINGLEVALUE('PlannedValue',$,IFCREAL(12121.209999999999),$);
#7287=IFCPROPERTYSINGLEVALUE('PVWeight',$,IFCREAL(0.030303),$);
#7288=IFCPROPERTYSINGLEVALUE('ElementsInTask',$,IFCINTEGER(33),$);
#7289=IFCPROPERTYSINGLEVALUE('Baseline_Tag',$,IFCLABEL('BL_2026-04'),$);
#7290=IFCPROPERTYSET('002sqkZtr5URA3qI4SRjyn',#6,'Pset_5D',$,(#7275,#7276,#7277,#7278,#7279,#7280,#7281,#7282,#7283,#7284,#7285,#7286,#7287,#7288,#7289));
#7291=IFCRELDEFINESBYPROPERTIES('3tSMk0i4f5zhIZhnad$zc4',#6,$,$,(#4033),#7290);
#7292=IFCPROPERTYSINGLEVALUE('WBS_Level1',$,IFCLABEL('CONSTRUCTION'),$);
#7293=IFCPROPERTYSINGLEVALUE('WBS_Level2',$,IFCLABEL('GROUND-FLOOR'),$);
#7294=IFCPROPERTYSINGLEVALUE('WBS_Level4',$,IFCLABEL('PKG-FRAME-GF'),$);
#7295=IFCPROPERTYSINGLEVALUE('P6_ActivityID',$,IFCLABEL('A003'),$);
#7296=IFCPROPERTYSINGLEVALUE('P6_TaskName',$,IFCLABEL('Ground Floor \X2\2013\X0\ RC Beams and Slab'),$);
#7297=IFCPROPERTYSINGLEVALUE('PlannedStart',$,IFCLABEL('2026-09-01'),$);
#7298=IFCPROPERTYSINGLEVALUE('PlannedFinish',$,IFCLABEL('2026-10-31'),$);
#7299=IFCPROPERTYSINGLEVALUE('Element_Mark',$,IFCLABEL('SL-C3D4-GF'),$);
#7300=IFCPROPERTYSINGLEVALUE('CostCode_1',$,IFCLABEL('CBS-003'),$);
#7301=IFCPROPERTYSINGLEVALUE('CostCode_2',$,IFCLABEL('CBS-004'),$);
#7302=IFCPROPERTYSINGLEVALUE('UOM',$,IFCLABEL('m\X2\00B3\X0\'),$);
#7303=IFCPROPERTYSINGLEVALUE('PlannedValue',$,IFCREAL(12121.209999999999),$);
#7304=IFCPROPERTYSINGLEVALUE('PVWeight',$,IFCREAL(0.030303),$);
#7305=IFCPROPERTYSINGLEVALUE('ElementsInTask',$,IFCINTEGER(33),$);
#7306=IFCPROPERTYSINGLEVALUE('Baseline_Tag',$,IFCLABEL('BL_2026-04'),$);
#7307=IFCPROPERTYSET('1LUXdPv9vDzOs9dcuBY2Hr',#6,'Pset_5D',$,(#7292,#7293,#7294,#7295,#7296,#7297,#7298,#7299,#7300,#7301,#7302,#7303,#7304,#7305,#7306));
#7308=IFCRELDEFINESBYPROPERTIES('1kJjgAJOr4bhK_60zOIcdx',#6,$,$,(#4061),#7307);
#7309=IFCPROPERTYSINGLEVALUE('WBS_Level1',$,IFCLABEL('CONSTRUCTION'),$);
#7310=IFCPROPERTYSINGLEVALUE('WBS_Level2',$,IFCLABEL('LEVEL-1'),$);
#7311=IFCPROPERTYSINGLEVALUE('WBS_Level4',$,IFCLABEL('PKG-FRAME-L1'),$);
#7312=IFCPROPERTYSINGLEVALUE('P6_ActivityID',$,IFCLABEL('A005'),$);
#7313=IFCPROPERTYSINGLEVALUE('P6_TaskName',$,IFCLABEL('Level 1 \X2\2013\X0\ RC Beams and Slab'),$);
#7314=IFCPROPERTYSINGLEVALUE('PlannedStart',$,IFCLABEL('2026-12-01'),$);
#7315=IFCPROPERTYSINGLEVALUE('PlannedFinish',$,IFCLABEL('2027-01-31'),$);
#7316=IFCPROPERTYSINGLEVALUE('Element_Mark',$,IFCLABEL('SL-A1B2-L1'),$);
#7317=IFCPROPERTYSINGLEVALUE('CostCode_1',$,IFCLABEL('CBS-003'),$);
#7318=IFCPROPERTYSINGLEVALUE('CostCode_2',$,IFCLABEL('CBS-004'),$);
#7319=IFCPROPERTYSINGLEVALUE('UOM',$,IFCLABEL('m\X2\00B3\X0\'),$);
#7320=IFCPROPERTYSINGLEVALUE('PlannedValue',$,IFCREAL(10757.58),$);
#7321=IFCPROPERTYSINGLEVALUE('PVWeight',$,IFCREAL(0.030303),$);
#7322=IFCPROPERTYSINGLEVALUE('ElementsInTask',$,IFCINTEGER(33),$);
#7323=IFCPROPERTYSINGLEVALUE('Baseline_Tag',$,IFCLABEL('BL_2026-04'),$);
#7324=IFCPROPERTYSET('3A4V_9hQT31PT1urqaPm5p',#6,'Pset_5D',$,(#7309,#7310,#7311,#7312,#7313,#7314,#7315,#7316,#7317,#7318,#7319,#7320,#7321,#7322,#7323));
#7325=IFCRELDEFINESBYPROPERTIES('1irVW9huz7fgS7WY6Dkb9B',#6,$,$,(#4089),#7324);
#7326=IFCPROPERTYSINGLEVALUE('WBS_Level1',$,IFCLABEL('CONSTRUCTION'),$);
#7327=IFCPROPERTYSINGLEVALUE('WBS_Level2',$,IFCLABEL('LEVEL-1'),$);
#7328=IFCPROPERTYSINGLEVALUE('WBS_Level4',$,IFCLABEL('PKG-FRAME-L1'),$);
#7329=IFCPROPERTYSINGLEVALUE('P6_ActivityID',$,IFCLABEL('A005'),$);
#7330=IFCPROPERTYSINGLEVALUE('P6_TaskName',$,IFCLABEL('Level 1 \X2\2013\X0\ RC Beams and Slab'),$);
#7331=IFCPROPERTYSINGLEVALUE('PlannedStart',$,IFCLABEL('2026-12-01'),$);
#7332=IFCPROPERTYSINGLEVALUE('PlannedFinish',$,IFCLABEL('2027-01-31'),$);
#7333=IFCPROPERTYSINGLEVALUE('Element_Mark',$,IFCLABEL('SL-A2B3-L1'),$);
#7334=IFCPROPERTYSINGLEVALUE('CostCode_1',$,IFCLABEL('CBS-003'),$);
#7335=IFCPROPERTYSINGLEVALUE('CostCode_2',$,IFCLABEL('CBS-004'),$);
#7336=IFCPROPERTYSINGLEVALUE('UOM',$,IFCLABEL('m\X2\00B3\X0\'),$);
#7337=IFCPROPERTYSINGLEVALUE('PlannedValue',$,IFCREAL(10757.58),$);
#7338=IFCPROPERTYSINGLEVALUE('PVWeight',$,IFCREAL(0.030303),$);
#7339=IFCPROPERTYSINGLEVALUE('ElementsInTask',$,IFCINTEGER(33),$);
#7340=IFCPROPERTYSINGLEVALUE('Baseline_Tag',$,IFCLABEL('BL_2026-04'),$);
#7341=IFCPROPERTYSET('2xmTZKI_9FV91ZyJkLysIG',#6,'Pset_5D',$,(#7326,#7327,#7328,#7329,#7330,#7331,#7332,#7333,#7334,#7335,#7336,#7337,#7338,#7339,#7340));
#7342=IFCRELDEFINESBYPROPERTIES('1G4L5f$TDCAAu3qKNK4nWS',#6,$,$,(#4117),#7341);
#7343=IFCPROPERTYSINGLEVALUE('WBS_Level1',$,IFCLABEL('CONSTRUCTION'),$);
#7344=IFCPROPERTYSINGLEVALUE('WBS_Level2',$,IFCLABEL('LEVEL-1'),$);
#7345=IFCPROPERTYSINGLEVALUE('WBS_Level4',$,IFCLABEL('PKG-FRAME-L1'),$);
#7346=IFCPROPERTYSINGLEVALUE('P6_ActivityID',$,IFCLABEL('A005'),$);
#7347=IFCPROPERTYSINGLEVALUE('P6_TaskName',$,IFCLABEL('Level 1 \X2\2013\X0\ RC Beams and Slab'),$);
#7348=IFCPROPERTYSINGLEVALUE('PlannedStart',$,IFCLABEL('2026-12-01'),$);
#7349=IFCPROPERTYSINGLEVALUE('PlannedFinish',$,IFCLABEL('2027-01-31'),$);
#7350=IFCPROPERTYSINGLEVALUE('Element_Mark',$,IFCLABEL('SL-A3B4-L1'),$);
#7351=IFCPROPERTYSINGLEVALUE('CostCode_1',$,IFCLABEL('CBS-003'),$);
#7352=IFCPROPERTYSINGLEVALUE('CostCode_2',$,IFCLABEL('CBS-004'),$);
#7353=IFCPROPERTYSINGLEVALUE('UOM',$,IFCLABEL('m\X2\00B3\X0\'),$);
#7354=IFCPROPERTYSINGLEVALUE('PlannedValue',$,IFCREAL(10757.58),$);
#7355=IFCPROPERTYSINGLEVALUE('PVWeight',$,IFCREAL(0.030303),$);
#7356=IFCPROPERTYSINGLEVALUE('ElementsInTask',$,IFCINTEGER(33),$);
#7357=IFCPROPERTYSINGLEVALUE('Baseline_Tag',$,IFCLABEL('BL_2026-04'),$);
#7358=IFCPROPERTYSET('0mifv836HC4f1rbcQvg2wJ',#6,'Pset_5D',$,(#7343,#7344,#7345,#7346,#7347,#7348,#7349,#7350,#7351,#7352,#7353,#7354,#7355,#7356,#7357));
#7359=IFCRELDEFINESBYPROPERTIES('3gpEjTGeX7MwPo2cCq0SmB',#6,$,$,(#4145),#7358);
#7360=IFCPROPERTYSINGLEVALUE('WBS_Level1',$,IFCLABEL('CONSTRUCTION'),$);
#7361=IFCPROPERTYSINGLEVALUE('WBS_Level2',$,IFCLABEL('LEVEL-1'),$);
#7362=IFCPROPERTYSINGLEVALUE('WBS_Level4',$,IFCLABEL('PKG-FRAME-L1'),$);
#7363=IFCPROPERTYSINGLEVALUE('P6_ActivityID',$,IFCLABEL('A005'),$);
#7364=IFCPROPERTYSINGLEVALUE('P6_TaskName',$,IFCLABEL('Level 1 \X2\2013\X0\ RC Beams and Slab'),$);
#7365=IFCPROPERTYSINGLEVALUE('PlannedStart',$,IFCLABEL('2026-12-01'),$);
#7366=IFCPROPERTYSINGLEVALUE('PlannedFinish',$,IFCLABEL('2027-01-31'),$);
#7367=IFCPROPERTYSINGLEVALUE('Element_Mark',$,IFCLABEL('SL-B1C2-L1'),$);
#7368=IFCPROPERTYSINGLEVALUE('CostCode_1',$,IFCLABEL('CBS-003'),$);
#7369=IFCPROPERTYSINGLEVALUE('CostCode_2',$,IFCLABEL('CBS-004'),$);
#7370=IFCPROPERTYSINGLEVALUE('UOM',$,IFCLABEL('m\X2\00B3\X0\'),$);
#7371=IFCPROPERTYSINGLEVALUE('PlannedValue',$,IFCREAL(10757.58),$);
#7372=IFCPROPERTYSINGLEVALUE('PVWeight',$,IFCREAL(0.030303),$);
#7373=IFCPROPERTYSINGLEVALUE('ElementsInTask',$,IFCINTEGER(33),$);
#7374=IFCPROPERTYSINGLEVALUE('Baseline_Tag',$,IFCLABEL('BL_2026-04'),$);
#7375=IFCPROPERTYSET('3vChTXwzXFght5UoVrzxgv',#6,'Pset_5D',$,(#7360,#7361,#7362,#7363,#7364,#7365,#7366,#7367,#7368,#7369,#7370,#7371,#7372,#7373,#7374));
#7376=IFCRELDEFINESBYPROPERTIES('16yCWLTa95SeQy4oxHrPDv',#6,$,$,(#4173),#7375);
#7377=IFCPROPERTYSINGLEVALUE('WBS_Level1',$,IFCLABEL('CONSTRUCTION'),$);
#7378=IFCPROPERTYSINGLEVALUE('WBS_Level2',$,IFCLABEL('LEVEL-1'),$);
#7379=IFCPROPERTYSINGLEVALUE('WBS_Level4',$,IFCLABEL('PKG-FRAME-L1'),$);
#7380=IFCPROPERTYSINGLEVALUE('P6_ActivityID',$,IFCLABEL('A005'),$);
#7381=IFCPROPERTYSINGLEVALUE('P6_TaskName',$,IFCLABEL('Level 1 \X2\2013\X0\ RC Beams and Slab'),$);
#7382=IFCPROPERTYSINGLEVALUE('PlannedStart',$,IFCLABEL('2026-12-01'),$);
#7383=IFCPROPERTYSINGLEVALUE('PlannedFinish',$,IFCLABEL('2027-01-31'),$);
#7384=IFCPROPERTYSINGLEVALUE('Element_Mark',$,IFCLABEL('SL-B2C3-L1'),$);
#7385=IFCPROPERTYSINGLEVALUE('CostCode_1',$,IFCLABEL('CBS-003'),$);
#7386=IFCPROPERTYSINGLEVALUE('CostCode_2',$,IFCLABEL('CBS-004'),$);
#7387=IFCPROPERTYSINGLEVALUE('UOM',$,IFCLABEL('m\X2\00B3\X0\'),$);
#7388=IFCPROPERTYSINGLEVALUE('PlannedValue',$,IFCREAL(10757.58),$);
#7389=IFCPROPERTYSINGLEVALUE('PVWeight',$,IFCREAL(0.030303),$);
#7390=IFCPROPERTYSINGLEVALUE('ElementsInTask',$,IFCINTEGER(33),$);
#7391=IFCPROPERTYSINGLEVALUE('Baseline_Tag',$,IFCLABEL('BL_2026-04'),$);
#7392=IFCPROPERTYSET('1UihDQu0n8CxZ74jB5NUIC',#6,'Pset_5D',$,(#7377,#7378,#7379,#7380,#7381,#7382,#7383,#7384,#7385,#7386,#7387,#7388,#7389,#7390,#7391));
#7393=IFCRELDEFINESBYPROPERTIES('265mC314rEHvheKgsoGQWa',#6,$,$,(#4201),#7392);
#7394=IFCPROPERTYSINGLEVALUE('WBS_Level1',$,IFCLABEL('CONSTRUCTION'),$);
#7395=IFCPROPERTYSINGLEVALUE('WBS_Level2',$,IFCLABEL('LEVEL-1'),$);
#7396=IFCPROPERTYSINGLEVALUE('WBS_Level4',$,IFCLABEL('PKG-FRAME-L1'),$);
#7397=IFCPROPERTYSINGLEVALUE('P6_ActivityID',$,IFCLABEL('A005'),$);
#7398=IFCPROPERTYSINGLEVALUE('P6_TaskName',$,IFCLABEL('Level 1 \X2\2013\X0\ RC Beams and Slab'),$);
#7399=IFCPROPERTYSINGLEVALUE('PlannedStart',$,IFCLABEL('2026-12-01'),$);
#7400=IFCPROPERTYSINGLEVALUE('PlannedFinish',$,IFCLABEL('2027-01-31'),$);
#7401=IFCPROPERTYSINGLEVALUE('Element_Mark',$,IFCLABEL('SL-B3C4-L1'),$);
#7402=IFCPROPERTYSINGLEVALUE('CostCode_1',$,IFCLABEL('CBS-003'),$);
#7403=IFCPROPERTYSINGLEVALUE('CostCode_2',$,IFCLABEL('CBS-004'),$);
#7404=IFCPROPERTYSINGLEVALUE('UOM',$,IFCLABEL('m\X2\00B3\X0\'),$);
#7405=IFCPROPERTYSINGLEVALUE('PlannedValue',$,IFCREAL(10757.58),$);
#7406=IFCPROPERTYSINGLEVALUE('PVWeight',$,IFCREAL(0.030303),$);
#7407=IFCPROPERTYSINGLEVALUE('ElementsInTask',$,IFCINTEGER(33),$);
#7408=IFCPROPERTYSINGLEVALUE('Baseline_Tag',$,IFCLABEL('BL_2026-04'),$);
#7409=IFCPROPERTYSET('1g0As7VPn5vA3NaeONb22O',#6,'Pset_5D',$,(#7394,#7395,#7396,#7397,#7398,#7399,#7400,#7401,#7402,#7403,#7404,#7405,#7406,#7407,#7408));
#7410=IFCRELDEFINESBYPROPERTIES('1OSILQLUvCKfaWthCoMUd6',#6,$,$,(#4229),#7409);
#7411=IFCPROPERTYSINGLEVALUE('WBS_Level1',$,IFCLABEL('CONSTRUCTION'),$);
#7412=IFCPROPERTYSINGLEVALUE('WBS_Level2',$,IFCLABEL('LEVEL-1'),$);
#7413=IFCPROPERTYSINGLEVALUE('WBS_Level4',$,IFCLABEL('PKG-FRAME-L1'),$);
#7414=IFCPROPERTYSINGLEVALUE('P6_ActivityID',$,IFCLABEL('A005'),$);
#7415=IFCPROPERTYSINGLEVALUE('P6_TaskName',$,IFCLABEL('Level 1 \X2\2013\X0\ RC Beams and Slab'),$);
#7416=IFCPROPERTYSINGLEVALUE('PlannedStart',$,IFCLABEL('2026-12-01'),$);
#7417=IFCPROPERTYSINGLEVALUE('PlannedFinish',$,IFCLABEL('2027-01-31'),$);
#7418=IFCPROPERTYSINGLEVALUE('Element_Mark',$,IFCLABEL('SL-C1D2-L1'),$);
#7419=IFCPROPERTYSINGLEVALUE('CostCode_1',$,IFCLABEL('CBS-003'),$);
#7420=IFCPROPERTYSINGLEVALUE('CostCode_2',$,IFCLABEL('CBS-004'),$);
#7421=IFCPROPERTYSINGLEVALUE('UOM',$,IFCLABEL('m\X2\00B3\X0\'),$);
#7422=IFCPROPERTYSINGLEVALUE('PlannedValue',$,IFCREAL(10757.58),$);
#7423=IFCPROPERTYSINGLEVALUE('PVWeight',$,IFCREAL(0.030303),$);
#7424=IFCPROPERTYSINGLEVALUE('ElementsInTask',$,IFCINTEGER(33),$);
#7425=IFCPROPERTYSINGLEVALUE('Baseline_Tag',$,IFCLABEL('BL_2026-04'),$);
#7426=IFCPROPERTYSET('1dMRhsiNr9TQ9A5MGDniUG',#6,'Pset_5D',$,(#7411,#7412,#7413,#7414,#7415,#7416,#7417,#7418,#7419,#7420,#7421,#7422,#7423,#7424,#7425));
#7427=IFCRELDEFINESBYPROPERTIES('1$Lkau8sr6ZOd1QJflqu2o',#6,$,$,(#4257),#7426);
#7428=IFCPROPERTYSINGLEVALUE('WBS_Level1',$,IFCLABEL('CONSTRUCTION'),$);
#7429=IFCPROPERTYSINGLEVALUE('WBS_Level2',$,IFCLABEL('LEVEL-1'),$);
#7430=IFCPROPERTYSINGLEVALUE('WBS_Level4',$,IFCLABEL('PKG-FRAME-L1'),$);
#7431=IFCPROPERTYSINGLEVALUE('P6_ActivityID',$,IFCLABEL('A005'),$);
#7432=IFCPROPERTYSINGLEVALUE('P6_TaskName',$,IFCLABEL('Level 1 \X2\2013\X0\ RC Beams and Slab'),$);
#7433=IFCPROPERTYSINGLEVALUE('PlannedStart',$,IFCLABEL('2026-12-01'),$);
#7434=IFCPROPERTYSINGLEVALUE('PlannedFinish',$,IFCLABEL('2027-01-31'),$);
#7435=IFCPROPERTYSINGLEVALUE('Element_Mark',$,IFCLABEL('SL-C2D3-L1'),$);
#7436=IFCPROPERTYSINGLEVALUE('CostCode_1',$,IFCLABEL('CBS-003'),$);
#7437=IFCPROPERTYSINGLEVALUE('CostCode_2',$,IFCLABEL('CBS-004'),$);
#7438=IFCPROPERTYSINGLEVALUE('UOM',$,IFCLABEL('m\X2\00B3\X0\'),$);
#7439=IFCPROPERTYSINGLEVALUE('PlannedValue',$,IFCREAL(10757.58),$);
#7440=IFCPROPERTYSINGLEVALUE('PVWeight',$,IFCREAL(0.030303),$);
#7441=IFCPROPERTYSINGLEVALUE('ElementsInTask',$,IFCINTEGER(33),$);
#7442=IFCPROPERTYSINGLEVALUE('Baseline_Tag',$,IFCLABEL('BL_2026-04'),$);
#7443=IFCPROPERTYSET('2x_R2KOQv8PQeOMO7N$$G8',#6,'Pset_5D',$,(#7428,#7429,#7430,#7431,#7432,#7433,#7434,#7435,#7436,#7437,#7438,#7439,#7440,#7441,#7442));
#7444=IFCRELDEFINESBYPROPERTIES('07cT$fafjC4QIG72l5rhF3',#6,$,$,(#4285),#7443);
#7445=IFCPROPERTYSINGLEVALUE('WBS_Level1',$,IFCLABEL('CONSTRUCTION'),$);
#7446=IFCPROPERTYSINGLEVALUE('WBS_Level2',$,IFCLABEL('LEVEL-1'),$);
#7447=IFCPROPERTYSINGLEVALUE('WBS_Level4',$,IFCLABEL('PKG-FRAME-L1'),$);
#7448=IFCPROPERTYSINGLEVALUE('P6_ActivityID',$,IFCLABEL('A005'),$);
#7449=IFCPROPERTYSINGLEVALUE('P6_TaskName',$,IFCLABEL('Level 1 \X2\2013\X0\ RC Beams and Slab'),$);
#7450=IFCPROPERTYSINGLEVALUE('PlannedStart',$,IFCLABEL('2026-12-01'),$);
#7451=IFCPROPERTYSINGLEVALUE('PlannedFinish',$,IFCLABEL('2027-01-31'),$);
#7452=IFCPROPERTYSINGLEVALUE('Element_Mark',$,IFCLABEL('SL-C3D4-L1'),$);
#7453=IFCPROPERTYSINGLEVALUE('CostCode_1',$,IFCLABEL('CBS-003'),$);
#7454=IFCPROPERTYSINGLEVALUE('CostCode_2',$,IFCLABEL('CBS-004'),$);
#7455=IFCPROPERTYSINGLEVALUE('UOM',$,IFCLABEL('m\X2\00B3\X0\'),$);
#7456=IFCPROPERTYSINGLEVALUE('PlannedValue',$,IFCREAL(10757.58),$);
#7457=IFCPROPERTYSINGLEVALUE('PVWeight',$,IFCREAL(0.030303),$);
#7458=IFCPROPERTYSINGLEVALUE('ElementsInTask',$,IFCINTEGER(33),$);
#7459=IFCPROPERTYSINGLEVALUE('Baseline_Tag',$,IFCLABEL('BL_2026-04'),$);
#7460=IFCPROPERTYSET('2au3ze0Yj6nO8WsawDSO2k',#6,'Pset_5D',$,(#7445,#7446,#7447,#7448,#7449,#7450,#7451,#7452,#7453,#7454,#7455,#7456,#7457,#7458,#7459));
#7461=IFCRELDEFINESBYPROPERTIES('3M_FWT1In87PaBSIO7tJV9',#6,$,$,(#4313),#7460);
#7462=IFCPROPERTYSINGLEVALUE('WBS_Level1',$,IFCLABEL('CONSTRUCTION'),$);
#7463=IFCPROPERTYSINGLEVALUE('WBS_Level2',$,IFCLABEL('LEVEL-2'),$);
#7464=IFCPROPERTYSINGLEVALUE('WBS_Level4',$,IFCLABEL('PKG-FRAME-L2'),$);
#7465=IFCPROPERTYSINGLEVALUE('P6_ActivityID',$,IFCLABEL('A007'),$);
#7466=IFCPROPERTYSINGLEVALUE('P6_TaskName',$,IFCLABEL('Level 2 \X2\2013\X0\ RC Beams and Roof Slab'),$);
#7467=IFCPROPERTYSINGLEVALUE('PlannedStart',$,IFCLABEL('2027-03-01'),$);
#7468=IFCPROPERTYSINGLEVALUE('PlannedFinish',$,IFCLABEL('2027-04-30'),$);
#7469=IFCPROPERTYSINGLEVALUE('Element_Mark',$,IFCLABEL('SL-A1B2-L2'),$);
#7470=IFCPROPERTYSINGLEVALUE('CostCode_1',$,IFCLABEL('CBS-003'),$);
#7471=IFCPROPERTYSINGLEVALUE('CostCode_2',$,IFCLABEL('CBS-004'),$);
#7472=IFCPROPERTYSINGLEVALUE('UOM',$,IFCLABEL('m\X2\00B3\X0\'),$);
#7473=IFCPROPERTYSINGLEVALUE('PlannedValue',$,IFCREAL(5833.3299999999999),$);
#7474=IFCPROPERTYSINGLEVALUE('PVWeight',$,IFCREAL(0.023810000000000001),$);
#7475=IFCPROPERTYSINGLEVALUE('ElementsInTask',$,IFCINTEGER(42),$);
#7476=IFCPROPERTYSINGLEVALUE('Baseline_Tag',$,IFCLABEL('BL_2026-04'),$);
#7477=IFCPROPERTYSET('290hKTysb8FOiaqLnupwKe',#6,'Pset_5D',$,(#7462,#7463,#7464,#7465,#7466,#7467,#7468,#7469,#7470,#7471,#7472,#7473,#7474,#7475,#7476));
#7478=IFCRELDEFINESBYPROPERTIES('3qFk3tAY91pwLPtV9XKzc_',#6,$,$,(#4341),#7477);
#7479=IFCPROPERTYSINGLEVALUE('WBS_Level1',$,IFCLABEL('CONSTRUCTION'),$);
#7480=IFCPROPERTYSINGLEVALUE('WBS_Level2',$,IFCLABEL('LEVEL-2'),$);
#7481=IFCPROPERTYSINGLEVALUE('WBS_Level4',$,IFCLABEL('PKG-FRAME-L2'),$);
#7482=IFCPROPERTYSINGLEVALUE('P6_ActivityID',$,IFCLABEL('A007'),$);
#7483=IFCPROPERTYSINGLEVALUE('P6_TaskName',$,IFCLABEL('Level 2 \X2\2013\X0\ RC Beams and Roof Slab'),$);
#7484=IFCPROPERTYSINGLEVALUE('PlannedStart',$,IFCLABEL('2027-03-01'),$);
#7485=IFCPROPERTYSINGLEVALUE('PlannedFinish',$,IFCLABEL('2027-04-30'),$);
#7486=IFCPROPERTYSINGLEVALUE('Element_Mark',$,IFCLABEL('SL-A2B3-L2'),$);
#7487=IFCPROPERTYSINGLEVALUE('CostCode_1',$,IFCLABEL('CBS-003'),$);
#7488=IFCPROPERTYSINGLEVALUE('CostCode_2',$,IFCLABEL('CBS-004'),$);
#7489=IFCPROPERTYSINGLEVALUE('UOM',$,IFCLABEL('m\X2\00B3\X0\'),$);
#7490=IFCPROPERTYSINGLEVALUE('PlannedValue',$,IFCREAL(5833.3299999999999),$);
#7491=IFCPROPERTYSINGLEVALUE('PVWeight',$,IFCREAL(0.023810000000000001),$);
#7492=IFCPROPERTYSINGLEVALUE('ElementsInTask',$,IFCINTEGER(42),$);
#7493=IFCPROPERTYSINGLEVALUE('Baseline_Tag',$,IFCLABEL('BL_2026-04'),$);
#7494=IFCPROPERTYSET('3UWrLKccnD1xmXScODcGF6',#6,'Pset_5D',$,(#7479,#7480,#7481,#7482,#7483,#7484,#7485,#7486,#7487,#7488,#7489,#7490,#7491,#7492,#7493));
#7495=IFCRELDEFINESBYPROPERTIES('2UMCltXoL0FPwHw881nzd7',#6,$,$,(#4369),#7494);
#7496=IFCPROPERTYSINGLEVALUE('WBS_Level1',$,IFCLABEL('CONSTRUCTION'),$);
#7497=IFCPROPERTYSINGLEVALUE('WBS_Level2',$,IFCLABEL('LEVEL-2'),$);
#7498=IFCPROPERTYSINGLEVALUE('WBS_Level4',$,IFCLABEL('PKG-FRAME-L2'),$);
#7499=IFCPROPERTYSINGLEVALUE('P6_ActivityID',$,IFCLABEL('A007'),$);
#7500=IFCPROPERTYSINGLEVALUE('P6_TaskName',$,IFCLABEL('Level 2 \X2\2013\X0\ RC Beams and Roof Slab'),$);
#7501=IFCPROPERTYSINGLEVALUE('PlannedStart',$,IFCLABEL('2027-03-01'),$);
#7502=IFCPROPERTYSINGLEVALUE('PlannedFinish',$,IFCLABEL('2027-04-30'),$);
#7503=IFCPROPERTYSINGLEVALUE('Element_Mark',$,IFCLABEL('SL-A3B4-L2'),$);
#7504=IFCPROPERTYSINGLEVALUE('CostCode_1',$,IFCLABEL('CBS-003'),$);
#7505=IFCPROPERTYSINGLEVALUE('CostCode_2',$,IFCLABEL('CBS-004'),$);
#7506=IFCPROPERTYSINGLEVALUE('UOM',$,IFCLABEL('m\X2\00B3\X0\'),$);
#7507=IFCPROPERTYSINGLEVALUE('PlannedValue',$,IFCREAL(5833.3299999999999),$);
#7508=IFCPROPERTYSINGLEVALUE('PVWeight',$,IFCREAL(0.023810000000000001),$);
#7509=IFCPROPERTYSINGLEVALUE('ElementsInTask',$,IFCINTEGER(42),$);
#7510=IFCPROPERTYSINGLEVALUE('Baseline_Tag',$,IFCLABEL('BL_2026-04'),$);
#7511=IFCPROPERTYSET('0ArzMts9T0qR9l$UvZmvkZ',#6,'Pset_5D',$,(#7496,#7497,#7498,#7499,#7500,#7501,#7502,#7503,#7504,#7505,#7506,#7507,#7508,#7509,#7510));
#7512=IFCRELDEFINESBYPROPERTIES('0s9frWqcH35OROJ_Uxv78x',#6,$,$,(#4397),#7511);
#7513=IFCPROPERTYSINGLEVALUE('WBS_Level1',$,IFCLABEL('CONSTRUCTION'),$);
#7514=IFCPROPERTYSINGLEVALUE('WBS_Level2',$,IFCLABEL('LEVEL-2'),$);
#7515=IFCPROPERTYSINGLEVALUE('WBS_Level4',$,IFCLABEL('PKG-FRAME-L2'),$);
#7516=IFCPROPERTYSINGLEVALUE('P6_ActivityID',$,IFCLABEL('A007'),$);
#7517=IFCPROPERTYSINGLEVALUE('P6_TaskName',$,IFCLABEL('Level 2 \X2\2013\X0\ RC Beams and Roof Slab'),$);
#7518=IFCPROPERTYSINGLEVALUE('PlannedStart',$,IFCLABEL('2027-03-01'),$);
#7519=IFCPROPERTYSINGLEVALUE('PlannedFinish',$,IFCLABEL('2027-04-30'),$);
#7520=IFCPROPERTYSINGLEVALUE('Element_Mark',$,IFCLABEL('SL-B1C2-L2'),$);
#7521=IFCPROPERTYSINGLEVALUE('CostCode_1',$,IFCLABEL('CBS-003'),$);
#7522=IFCPROPERTYSINGLEVALUE('CostCode_2',$,IFCLABEL('CBS-004'),$);
#7523=IFCPROPERTYSINGLEVALUE('UOM',$,IFCLABEL('m\X2\00B3\X0\'),$);
#7524=IFCPROPERTYSINGLEVALUE('PlannedValue',$,IFCREAL(5833.3299999999999),$);
#7525=IFCPROPERTYSINGLEVALUE('PVWeight',$,IFCREAL(0.023810000000000001),$);
#7526=IFCPROPERTYSINGLEVALUE('ElementsInTask',$,IFCINTEGER(42),$);
#7527=IFCPROPERTYSINGLEVALUE('Baseline_Tag',$,IFCLABEL('BL_2026-04'),$);
#7528=IFCPROPERTYSET('0WuseOXSfEp8eKuoIOv7i0',#6,'Pset_5D',$,(#7513,#7514,#7515,#7516,#7517,#7518,#7519,#7520,#7521,#7522,#7523,#7524,#7525,#7526,#7527));
#7529=IFCRELDEFINESBYPROPERTIES('0ESx0nf4b4LgrnX6A5aaFy',#6,$,$,(#4425),#7528);
#7530=IFCPROPERTYSINGLEVALUE('WBS_Level1',$,IFCLABEL('CONSTRUCTION'),$);
#7531=IFCPROPERTYSINGLEVALUE('WBS_Level2',$,IFCLABEL('LEVEL-2'),$);
#7532=IFCPROPERTYSINGLEVALUE('WBS_Level4',$,IFCLABEL('PKG-FRAME-L2'),$);
#7533=IFCPROPERTYSINGLEVALUE('P6_ActivityID',$,IFCLABEL('A007'),$);
#7534=IFCPROPERTYSINGLEVALUE('P6_TaskName',$,IFCLABEL('Level 2 \X2\2013\X0\ RC Beams and Roof Slab'),$);
#7535=IFCPROPERTYSINGLEVALUE('PlannedStart',$,IFCLABEL('2027-03-01'),$);
#7536=IFCPROPERTYSINGLEVALUE('PlannedFinish',$,IFCLABEL('2027-04-30'),$);
#7537=IFCPROPERTYSINGLEVALUE('Element_Mark',$,IFCLABEL('SL-B2C3-L2'),$);
#7538=IFCPROPERTYSINGLEVALUE('CostCode_1',$,IFCLABEL('CBS-003'),$);
#7539=IFCPROPERTYSINGLEVALUE('CostCode_2',$,IFCLABEL('CBS-004'),$);
#7540=IFCPROPERTYSINGLEVALUE('UOM',$,IFCLABEL('m\X2\00B3\X0\'),$);
#7541=IFCPROPERTYSINGLEVALUE('PlannedValue',$,IFCREAL(5833.3299999999999),$);
#7542=IFCPROPERTYSINGLEVALUE('PVWeight',$,IFCREAL(0.023810000000000001),$);
#7543=IFCPROPERTYSINGLEVALUE('ElementsInTask',$,IFCINTEGER(42),$);
#7544=IFCPROPERTYSINGLEVALUE('Baseline_Tag',$,IFCLABEL('BL_2026-04'),$);
#7545=IFCPROPERTYSET('0PrtkTJbj47RNQgrBNFo7h',#6,'Pset_5D',$,(#7530,#7531,#7532,#7533,#7534,#7535,#7536,#7537,#7538,#7539,#7540,#7541,#7542,#7543,#7544));
#7546=IFCRELDEFINESBYPROPERTIES('2hMjNsm4L6qADlNyMQjcAp',#6,$,$,(#4453),#7545);
#7547=IFCPROPERTYSINGLEVALUE('WBS_Level1',$,IFCLABEL('CONSTRUCTION'),$);
#7548=IFCPROPERTYSINGLEVALUE('WBS_Level2',$,IFCLABEL('LEVEL-2'),$);
#7549=IFCPROPERTYSINGLEVALUE('WBS_Level4',$,IFCLABEL('PKG-FRAME-L2'),$);
#7550=IFCPROPERTYSINGLEVALUE('P6_ActivityID',$,IFCLABEL('A007'),$);
#7551=IFCPROPERTYSINGLEVALUE('P6_TaskName',$,IFCLABEL('Level 2 \X2\2013\X0\ RC Beams and Roof Slab'),$);
#7552=IFCPROPERTYSINGLEVALUE('PlannedStart',$,IFCLABEL('2027-03-01'),$);
#7553=IFCPROPERTYSINGLEVALUE('PlannedFinish',$,IFCLABEL('2027-04-30'),$);
#7554=IFCPROPERTYSINGLEVALUE('Element_Mark',$,IFCLABEL('SL-B3C4-L2'),$);
#7555=IFCPROPERTYSINGLEVALUE('CostCode_1',$,IFCLABEL('CBS-003'),$);
#7556=IFCPROPERTYSINGLEVALUE('CostCode_2',$,IFCLABEL('CBS-004'),$);
#7557=IFCPROPERTYSINGLEVALUE('UOM',$,IFCLABEL('m\X2\00B3\X0\'),$);
#7558=IFCPROPERTYSINGLEVALUE('PlannedValue',$,IFCREAL(5833.3299999999999),$);
#7559=IFCPROPERTYSINGLEVALUE('PVWeight',$,IFCREAL(0.023810000000000001),$);
#7560=IFCPROPERTYSINGLEVALUE('ElementsInTask',$,IFCINTEGER(42),$);
#7561=IFCPROPERTYSINGLEVALUE('Baseline_Tag',$,IFCLABEL('BL_2026-04'),$);
#7562=IFCPROPERTYSET('1WaTSVtif4TRLinFy8TC2d',#6,'Pset_5D',$,(#7547,#7548,#7549,#7550,#7551,#7552,#7553,#7554,#7555,#7556,#7557,#7558,#7559,#7560,#7561));
#7563=IFCRELDEFINESBYPROPERTIES('1oqvjXtBn6zwlZ$bBBlYXV',#6,$,$,(#4481),#7562);
#7564=IFCPROPERTYSINGLEVALUE('WBS_Level1',$,IFCLABEL('CONSTRUCTION'),$);
#7565=IFCPROPERTYSINGLEVALUE('WBS_Level2',$,IFCLABEL('LEVEL-2'),$);
#7566=IFCPROPERTYSINGLEVALUE('WBS_Level4',$,IFCLABEL('PKG-FRAME-L2'),$);
#7567=IFCPROPERTYSINGLEVALUE('P6_ActivityID',$,IFCLABEL('A007'),$);
#7568=IFCPROPERTYSINGLEVALUE('P6_TaskName',$,IFCLABEL('Level 2 \X2\2013\X0\ RC Beams and Roof Slab'),$);
#7569=IFCPROPERTYSINGLEVALUE('PlannedStart',$,IFCLABEL('2027-03-01'),$);
#7570=IFCPROPERTYSINGLEVALUE('PlannedFinish',$,IFCLABEL('2027-04-30'),$);
#7571=IFCPROPERTYSINGLEVALUE('Element_Mark',$,IFCLABEL('SL-C1D2-L2'),$);
#7572=IFCPROPERTYSINGLEVALUE('CostCode_1',$,IFCLABEL('CBS-003'),$);
#7573=IFCPROPERTYSINGLEVALUE('CostCode_2',$,IFCLABEL('CBS-004'),$);
#7574=IFCPROPERTYSINGLEVALUE('UOM',$,IFCLABEL('m\X2\00B3\X0\'),$);
#7575=IFCPROPERTYSINGLEVALUE('PlannedValue',$,IFCREAL(5833.3299999999999),$);
#7576=IFCPROPERTYSINGLEVALUE('PVWeight',$,IFCREAL(0.023810000000000001),$);
#7577=IFCPROPERTYSINGLEVALUE('ElementsInTask',$,IFCINTEGER(42),$);
#7578=IFCPROPERTYSINGLEVALUE('Baseline_Tag',$,IFCLABEL('BL_2026-04'),$);
#7579=IFCPROPERTYSET('1mLkomKHDCJAavWIVKxm6L',#6,'Pset_5D',$,(#7564,#7565,#7566,#7567,#7568,#7569,#7570,#7571,#7572,#7573,#7574,#7575,#7576,#7577,#7578));
#7580=IFCRELDEFINESBYPROPERTIES('2Z5kQqBhL56Qfrb5zuk5XR',#6,$,$,(#4509),#7579);
#7581=IFCPROPERTYSINGLEVALUE('WBS_Level1',$,IFCLABEL('CONSTRUCTION'),$);
#7582=IFCPROPERTYSINGLEVALUE('WBS_Level2',$,IFCLABEL('LEVEL-2'),$);
#7583=IFCPROPERTYSINGLEVALUE('WBS_Level4',$,IFCLABEL('PKG-FRAME-L2'),$);
#7584=IFCPROPERTYSINGLEVALUE('P6_ActivityID',$,IFCLABEL('A007'),$);
#7585=IFCPROPERTYSINGLEVALUE('P6_TaskName',$,IFCLABEL('Level 2 \X2\2013\X0\ RC Beams and Roof Slab'),$);
#7586=IFCPROPERTYSINGLEVALUE('PlannedStart',$,IFCLABEL('2027-03-01'),$);
#7587=IFCPROPERTYSINGLEVALUE('PlannedFinish',$,IFCLABEL('2027-04-30'),$);
#7588=IFCPROPERTYSINGLEVALUE('Element_Mark',$,IFCLABEL('SL-C2D3-L2'),$);
#7589=IFCPROPERTYSINGLEVALUE('CostCode_1',$,IFCLABEL('CBS-003'),$);
#7590=IFCPROPERTYSINGLEVALUE('CostCode_2',$,IFCLABEL('CBS-004'),$);
#7591=IFCPROPERTYSINGLEVALUE('UOM',$,IFCLABEL('m\X2\00B3\X0\'),$);
#7592=IFCPROPERTYSINGLEVALUE('PlannedValue',$,IFCREAL(5833.3299999999999),$);
#7593=IFCPROPERTYSINGLEVALUE('PVWeight',$,IFCREAL(0.023810000000000001),$);
#7594=IFCPROPERTYSINGLEVALUE('ElementsInTask',$,IFCINTEGER(42),$);
#7595=IFCPROPERTYSINGLEVALUE('Baseline_Tag',$,IFCLABEL('BL_2026-04'),$);
#7596=IFCPROPERTYSET('242OEGVbbCu8TOSClDtC$z',#6,'Pset_5D',$,(#7581,#7582,#7583,#7584,#7585,#7586,#7587,#7588,#7589,#7590,#7591,#7592,#7593,#7594,#7595));
#7597=IFCRELDEFINESBYPROPERTIES('1ahKxBFt58svHOdIOldSnK',#6,$,$,(#4537),#7596);
#7598=IFCPROPERTYSINGLEVALUE('WBS_Level1',$,IFCLABEL('CONSTRUCTION'),$);
#7599=IFCPROPERTYSINGLEVALUE('WBS_Level2',$,IFCLABEL('LEVEL-2'),$);
#7600=IFCPROPERTYSINGLEVALUE('WBS_Level4',$,IFCLABEL('PKG-FRAME-L2'),$);
#7601=IFCPROPERTYSINGLEVALUE('P6_ActivityID',$,IFCLABEL('A007'),$);
#7602=IFCPROPERTYSINGLEVALUE('P6_TaskName',$,IFCLABEL('Level 2 \X2\2013\X0\ RC Beams and Roof Slab'),$);
#7603=IFCPROPERTYSINGLEVALUE('PlannedStart',$,IFCLABEL('2027-03-01'),$);
#7604=IFCPROPERTYSINGLEVALUE('PlannedFinish',$,IFCLABEL('2027-04-30'),$);
#7605=IFCPROPERTYSINGLEVALUE('Element_Mark',$,IFCLABEL('SL-C3D4-L2'),$);
#7606=IFCPROPERTYSINGLEVALUE('CostCode_1',$,IFCLABEL('CBS-003'),$);
#7607=IFCPROPERTYSINGLEVALUE('CostCode_2',$,IFCLABEL('CBS-004'),$);
#7608=IFCPROPERTYSINGLEVALUE('UOM',$,IFCLABEL('m\X2\00B3\X0\'),$);
#7609=IFCPROPERTYSINGLEVALUE('PlannedValue',$,IFCREAL(5833.3299999999999),$);
#7610=IFCPROPERTYSINGLEVALUE('PVWeight',$,IFCREAL(0.023810000000000001),$);
#7611=IFCPROPERTYSINGLEVALUE('ElementsInTask',$,IFCINTEGER(42),$);
#7612=IFCPROPERTYSINGLEVALUE('Baseline_Tag',$,IFCLABEL('BL_2026-04'),$);
#7613=IFCPROPERTYSET('1ktudkvRX439j6DcJbHVHG',#6,'Pset_5D',$,(#7598,#7599,#7600,#7601,#7602,#7603,#7604,#7605,#7606,#7607,#7608,#7609,#7610,#7611,#7612));
#7614=IFCRELDEFINESBYPROPERTIES('1y7avNLQ56fQOzGkW1g7$M',#6,$,$,(#4565),#7613);
#7615=IFCPROPERTYSINGLEVALUE('WBS_Level1',$,IFCLABEL('CONSTRUCTION'),$);
#7616=IFCPROPERTYSINGLEVALUE('WBS_Level2',$,IFCLABEL('LEVEL-2'),$);
#7617=IFCPROPERTYSINGLEVALUE('WBS_Level4',$,IFCLABEL('PKG-FRAME-L2'),$);
#7618=IFCPROPERTYSINGLEVALUE('P6_ActivityID',$,IFCLABEL('A007'),$);
#7619=IFCPROPERTYSINGLEVALUE('P6_TaskName',$,IFCLABEL('Level 2 \X2\2013\X0\ RC Beams and Roof Slab'),$);
#7620=IFCPROPERTYSINGLEVALUE('PlannedStart',$,IFCLABEL('2027-03-01'),$);
#7621=IFCPROPERTYSINGLEVALUE('PlannedFinish',$,IFCLABEL('2027-04-30'),$);
#7622=IFCPROPERTYSINGLEVALUE('Element_Mark',$,IFCLABEL('ROOF-A1B2'),$);
#7623=IFCPROPERTYSINGLEVALUE('CostCode_1',$,IFCLABEL('CBS-003'),$);
#7624=IFCPROPERTYSINGLEVALUE('CostCode_2',$,IFCLABEL('CBS-004'),$);
#7625=IFCPROPERTYSINGLEVALUE('UOM',$,IFCLABEL('m\X2\00B3\X0\'),$);
#7626=IFCPROPERTYSINGLEVALUE('PlannedValue',$,IFCREAL(5833.3299999999999),$);
#7627=IFCPROPERTYSINGLEVALUE('PVWeight',$,IFCREAL(0.023810000000000001),$);
#7628=IFCPROPERTYSINGLEVALUE('ElementsInTask',$,IFCINTEGER(42),$);
#7629=IFCPROPERTYSINGLEVALUE('Baseline_Tag',$,IFCLABEL('BL_2026-04'),$);
#7630=IFCPROPERTYSET('2sGuP9t6rBZe91NIbSXfym',#6,'Pset_5D',$,(#7615,#7616,#7617,#7618,#7619,#7620,#7621,#7622,#7623,#7624,#7625,#7626,#7627,#7628,#7629));
#7631=IFCRELDEFINESBYPROPERTIES('3is8GrQ7v5CRVoVAnRgPdd',#6,$,$,(#4593),#7630);
#7632=IFCPROPERTYSINGLEVALUE('WBS_Level1',$,IFCLABEL('CONSTRUCTION'),$);
#7633=IFCPROPERTYSINGLEVALUE('WBS_Level2',$,IFCLABEL('LEVEL-2'),$);
#7634=IFCPROPERTYSINGLEVALUE('WBS_Level4',$,IFCLABEL('PKG-FRAME-L2'),$);
#7635=IFCPROPERTYSINGLEVALUE('P6_ActivityID',$,IFCLABEL('A007'),$);
#7636=IFCPROPERTYSINGLEVALUE('P6_TaskName',$,IFCLABEL('Level 2 \X2\2013\X0\ RC Beams and Roof Slab'),$);
#7637=IFCPROPERTYSINGLEVALUE('PlannedStart',$,IFCLABEL('2027-03-01'),$);
#7638=IFCPROPERTYSINGLEVALUE('PlannedFinish',$,IFCLABEL('2027-04-30'),$);
#7639=IFCPROPERTYSINGLEVALUE('Element_Mark',$,IFCLABEL('ROOF-A2B3'),$);
#7640=IFCPROPERTYSINGLEVALUE('CostCode_1',$,IFCLABEL('CBS-003'),$);
#7641=IFCPROPERTYSINGLEVALUE('CostCode_2',$,IFCLABEL('CBS-004'),$);
#7642=IFCPROPERTYSINGLEVALUE('UOM',$,IFCLABEL('m\X2\00B3\X0\'),$);
#7643=IFCPROPERTYSINGLEVALUE('PlannedValue',$,IFCREAL(5833.3299999999999),$);
#7644=IFCPROPERTYSINGLEVALUE('PVWeight',$,IFCREAL(0.023810000000000001),$);
#7645=IFCPROPERTYSINGLEVALUE('ElementsInTask',$,IFCINTEGER(42),$);
#7646=IFCPROPERTYSINGLEVALUE('Baseline_Tag',$,IFCLABEL('BL_2026-04'),$);
#7647=IFCPROPERTYSET('0R2nJEAlbDihRxOolbGqIM',#6,'Pset_5D',$,(#7632,#7633,#7634,#7635,#7636,#7637,#7638,#7639,#7640,#7641,#7642,#7643,#7644,#7645,#7646));
#7648=IFCRELDEFINESBYPROPERTIES('2k9gBRCPr2EfFk3Jnucn62',#6,$,$,(#4621),#7647);
#7649=IFCPROPERTYSINGLEVALUE('WBS_Level1',$,IFCLABEL('CONSTRUCTION'),$);
#7650=IFCPROPERTYSINGLEVALUE('WBS_Level2',$,IFCLABEL('LEVEL-2'),$);
#7651=IFCPROPERTYSINGLEVALUE('WBS_Level4',$,IFCLABEL('PKG-FRAME-L2'),$);
#7652=IFCPROPERTYSINGLEVALUE('P6_ActivityID',$,IFCLABEL('A007'),$);
#7653=IFCPROPERTYSINGLEVALUE('P6_TaskName',$,IFCLABEL('Level 2 \X2\2013\X0\ RC Beams and Roof Slab'),$);
#7654=IFCPROPERTYSINGLEVALUE('PlannedStart',$,IFCLABEL('2027-03-01'),$);
#7655=IFCPROPERTYSINGLEVALUE('PlannedFinish',$,IFCLABEL('2027-04-30'),$);
#7656=IFCPROPERTYSINGLEVALUE('Element_Mark',$,IFCLABEL('ROOF-A3B4'),$);
#7657=IFCPROPERTYSINGLEVALUE('CostCode_1',$,IFCLABEL('CBS-003'),$);
#7658=IFCPROPERTYSINGLEVALUE('CostCode_2',$,IFCLABEL('CBS-004'),$);
#7659=IFCPROPERTYSINGLEVALUE('UOM',$,IFCLABEL('m\X2\00B3\X0\'),$);
#7660=IFCPROPERTYSINGLEVALUE('PlannedValue',$,IFCREAL(5833.3299999999999),$);
#7661=IFCPROPERTYSINGLEVALUE('PVWeight',$,IFCREAL(0.023810000000000001),$);
#7662=IFCPROPERTYSINGLEVALUE('ElementsInTask',$,IFCINTEGER(42),$);
#7663=IFCPROPERTYSINGLEVALUE('Baseline_Tag',$,IFCLABEL('BL_2026-04'),$);
#7664=IFCPROPERTYSET('1GhBrD3h1EiwvC7RHXQDZd',#6,'Pset_5D',$,(#7649,#7650,#7651,#7652,#7653,#7654,#7655,#7656,#7657,#7658,#7659,#7660,#7661,#7662,#7663));
#7665=IFCRELDEFINESBYPROPERTIES('2b73oyt4D80gQQX17gZFo4',#6,$,$,(#4649),#7664);
#7666=IFCPROPERTYSINGLEVALUE('WBS_Level1',$,IFCLABEL('CONSTRUCTION'),$);
#7667=IFCPROPERTYSINGLEVALUE('WBS_Level2',$,IFCLABEL('LEVEL-2'),$);
#7668=IFCPROPERTYSINGLEVALUE('WBS_Level4',$,IFCLABEL('PKG-FRAME-L2'),$);
#7669=IFCPROPERTYSINGLEVALUE('P6_ActivityID',$,IFCLABEL('A007'),$);
#7670=IFCPROPERTYSINGLEVALUE('P6_TaskName',$,IFCLABEL('Level 2 \X2\2013\X0\ RC Beams and Roof Slab'),$);
#7671=IFCPROPERTYSINGLEVALUE('PlannedStart',$,IFCLABEL('2027-03-01'),$);
#7672=IFCPROPERTYSINGLEVALUE('PlannedFinish',$,IFCLABEL('2027-04-30'),$);
#7673=IFCPROPERTYSINGLEVALUE('Element_Mark',$,IFCLABEL('ROOF-B1C2'),$);
#7674=IFCPROPERTYSINGLEVALUE('CostCode_1',$,IFCLABEL('CBS-003'),$);
#7675=IFCPROPERTYSINGLEVALUE('CostCode_2',$,IFCLABEL('CBS-004'),$);
#7676=IFCPROPERTYSINGLEVALUE('UOM',$,IFCLABEL('m\X2\00B3\X0\'),$);
#7677=IFCPROPERTYSINGLEVALUE('PlannedValue',$,IFCREAL(5833.3299999999999),$);
#7678=IFCPROPERTYSINGLEVALUE('PVWeight',$,IFCREAL(0.023810000000000001),$);
#7679=IFCPROPERTYSINGLEVALUE('ElementsInTask',$,IFCINTEGER(42),$);
#7680=IFCPROPERTYSINGLEVALUE('Baseline_Tag',$,IFCLABEL('BL_2026-04'),$);
#7681=IFCPROPERTYSET('2uqI8$JZLCA9rr7aMk2ree',#6,'Pset_5D',$,(#7666,#7667,#7668,#7669,#7670,#7671,#7672,#7673,#7674,#7675,#7676,#7677,#7678,#7679,#7680));
#7682=IFCRELDEFINESBYPROPERTIES('1aulD3nBrFDB3WYntBMDfl',#6,$,$,(#4677),#7681);
#7683=IFCPROPERTYSINGLEVALUE('WBS_Level1',$,IFCLABEL('CONSTRUCTION'),$);
#7684=IFCPROPERTYSINGLEVALUE('WBS_Level2',$,IFCLABEL('LEVEL-2'),$);
#7685=IFCPROPERTYSINGLEVALUE('WBS_Level4',$,IFCLABEL('PKG-FRAME-L2'),$);
#7686=IFCPROPERTYSINGLEVALUE('P6_ActivityID',$,IFCLABEL('A007'),$);
#7687=IFCPROPERTYSINGLEVALUE('P6_TaskName',$,IFCLABEL('Level 2 \X2\2013\X0\ RC Beams and Roof Slab'),$);
#7688=IFCPROPERTYSINGLEVALUE('PlannedStart',$,IFCLABEL('2027-03-01'),$);
#7689=IFCPROPERTYSINGLEVALUE('PlannedFinish',$,IFCLABEL('2027-04-30'),$);
#7690=IFCPROPERTYSINGLEVALUE('Element_Mark',$,IFCLABEL('ROOF-B2C3'),$);
#7691=IFCPROPERTYSINGLEVALUE('CostCode_1',$,IFCLABEL('CBS-003'),$);
#7692=IFCPROPERTYSINGLEVALUE('CostCode_2',$,IFCLABEL('CBS-004'),$);
#7693=IFCPROPERTYSINGLEVALUE('UOM',$,IFCLABEL('m\X2\00B3\X0\'),$);
#7694=IFCPROPERTYSINGLEVALUE('PlannedValue',$,IFCREAL(5833.3299999999999),$);
#7695=IFCPROPERTYSINGLEVALUE('PVWeight',$,IFCREAL(0.023810000000000001),$);
#7696=IFCPROPERTYSINGLEVALUE('ElementsInTask',$,IFCINTEGER(42),$);
#7697=IFCPROPERTYSINGLEVALUE('Baseline_Tag',$,IFCLABEL('BL_2026-04'),$);
#7698=IFCPROPERTYSET('0gUHxdqub3jQhMroLOcy0J',#6,'Pset_5D',$,(#7683,#7684,#7685,#7686,#7687,#7688,#7689,#7690,#7691,#7692,#7693,#7694,#7695,#7696,#7697));
#7699=IFCRELDEFINESBYPROPERTIES('1A8uqhhQj65vnCLA2Xkci$',#6,$,$,(#4705),#7698);
#7700=IFCPROPERTYSINGLEVALUE('WBS_Level1',$,IFCLABEL('CONSTRUCTION'),$);
#7701=IFCPROPERTYSINGLEVALUE('WBS_Level2',$,IFCLABEL('LEVEL-2'),$);
#7702=IFCPROPERTYSINGLEVALUE('WBS_Level4',$,IFCLABEL('PKG-FRAME-L2'),$);
#7703=IFCPROPERTYSINGLEVALUE('P6_ActivityID',$,IFCLABEL('A007'),$);
#7704=IFCPROPERTYSINGLEVALUE('P6_TaskName',$,IFCLABEL('Level 2 \X2\2013\X0\ RC Beams and Roof Slab'),$);
#7705=IFCPROPERTYSINGLEVALUE('PlannedStart',$,IFCLABEL('2027-03-01'),$);
#7706=IFCPROPERTYSINGLEVALUE('PlannedFinish',$,IFCLABEL('2027-04-30'),$);
#7707=IFCPROPERTYSINGLEVALUE('Element_Mark',$,IFCLABEL('ROOF-B3C4'),$);
#7708=IFCPROPERTYSINGLEVALUE('CostCode_1',$,IFCLABEL('CBS-003'),$);
#7709=IFCPROPERTYSINGLEVALUE('CostCode_2',$,IFCLABEL('CBS-004'),$);
#7710=IFCPROPERTYSINGLEVALUE('UOM',$,IFCLABEL('m\X2\00B3\X0\'),$);
#7711=IFCPROPERTYSINGLEVALUE('PlannedValue',$,IFCREAL(5833.3299999999999),$);
#7712=IFCPROPERTYSINGLEVALUE('PVWeight',$,IFCREAL(0.023810000000000001),$);
#7713=IFCPROPERTYSINGLEVALUE('ElementsInTask',$,IFCINTEGER(42),$);
#7714=IFCPROPERTYSINGLEVALUE('Baseline_Tag',$,IFCLABEL('BL_2026-04'),$);
#7715=IFCPROPERTYSET('07zhVN6DD6yfFzkxesq7QE',#6,'Pset_5D',$,(#7700,#7701,#7702,#7703,#7704,#7705,#7706,#7707,#7708,#7709,#7710,#7711,#7712,#7713,#7714));
#7716=IFCRELDEFINESBYPROPERTIES('3QZDlwD8TB9uT0ofWf5gKx',#6,$,$,(#4733),#7715);
#7717=IFCPROPERTYSINGLEVALUE('WBS_Level1',$,IFCLABEL('CONSTRUCTION'),$);
#7718=IFCPROPERTYSINGLEVALUE('WBS_Level2',$,IFCLABEL('LEVEL-2'),$);
#7719=IFCPROPERTYSINGLEVALUE('WBS_Level4',$,IFCLABEL('PKG-FRAME-L2'),$);
#7720=IFCPROPERTYSINGLEVALUE('P6_ActivityID',$,IFCLABEL('A007'),$);
#7721=IFCPROPERTYSINGLEVALUE('P6_TaskName',$,IFCLABEL('Level 2 \X2\2013\X0\ RC Beams and Roof Slab'),$);
#7722=IFCPROPERTYSINGLEVALUE('PlannedStart',$,IFCLABEL('2027-03-01'),$);
#7723=IFCPROPERTYSINGLEVALUE('PlannedFinish',$,IFCLABEL('2027-04-30'),$);
#7724=IFCPROPERTYSINGLEVALUE('Element_Mark',$,IFCLABEL('ROOF-C1D2'),$);
#7725=IFCPROPERTYSINGLEVALUE('CostCode_1',$,IFCLABEL('CBS-003'),$);
#7726=IFCPROPERTYSINGLEVALUE('CostCode_2',$,IFCLABEL('CBS-004'),$);
#7727=IFCPROPERTYSINGLEVALUE('UOM',$,IFCLABEL('m\X2\00B3\X0\'),$);
#7728=IFCPROPERTYSINGLEVALUE('PlannedValue',$,IFCREAL(5833.3299999999999),$);
#7729=IFCPROPERTYSINGLEVALUE('PVWeight',$,IFCREAL(0.023810000000000001),$);
#7730=IFCPROPERTYSINGLEVALUE('ElementsInTask',$,IFCINTEGER(42),$);
#7731=IFCPROPERTYSINGLEVALUE('Baseline_Tag',$,IFCLABEL('BL_2026-04'),$);
#7732=IFCPROPERTYSET('1UT$ycAbLDmvT$tsqoduzS',#6,'Pset_5D',$,(#7717,#7718,#7719,#7720,#7721,#7722,#7723,#7724,#7725,#7726,#7727,#7728,#7729,#7730,#7731));
#7733=IFCRELDEFINESBYPROPERTIES('0v8u8rWDzAf8hN6Vc3KSN6',#6,$,$,(#4761),#7732);
#7734=IFCPROPERTYSINGLEVALUE('WBS_Level1',$,IFCLABEL('CONSTRUCTION'),$);
#7735=IFCPROPERTYSINGLEVALUE('WBS_Level2',$,IFCLABEL('LEVEL-2'),$);
#7736=IFCPROPERTYSINGLEVALUE('WBS_Level4',$,IFCLABEL('PKG-FRAME-L2'),$);
#7737=IFCPROPERTYSINGLEVALUE('P6_ActivityID',$,IFCLABEL('A007'),$);
#7738=IFCPROPERTYSINGLEVALUE('P6_TaskName',$,IFCLABEL('Level 2 \X2\2013\X0\ RC Beams and Roof Slab'),$);
#7739=IFCPROPERTYSINGLEVALUE('PlannedStart',$,IFCLABEL('2027-03-01'),$);
#7740=IFCPROPERTYSINGLEVALUE('PlannedFinish',$,IFCLABEL('2027-04-30'),$);
#7741=IFCPROPERTYSINGLEVALUE('Element_Mark',$,IFCLABEL('ROOF-C2D3'),$);
#7742=IFCPROPERTYSINGLEVALUE('CostCode_1',$,IFCLABEL('CBS-003'),$);
#7743=IFCPROPERTYSINGLEVALUE('CostCode_2',$,IFCLABEL('CBS-004'),$);
#7744=IFCPROPERTYSINGLEVALUE('UOM',$,IFCLABEL('m\X2\00B3\X0\'),$);
#7745=IFCPROPERTYSINGLEVALUE('PlannedValue',$,IFCREAL(5833.3299999999999),$);
#7746=IFCPROPERTYSINGLEVALUE('PVWeight',$,IFCREAL(0.023810000000000001),$);
#7747=IFCPROPERTYSINGLEVALUE('ElementsInTask',$,IFCINTEGER(42),$);
#7748=IFCPROPERTYSINGLEVALUE('Baseline_Tag',$,IFCLABEL('BL_2026-04'),$);
#7749=IFCPROPERTYSET('3IZjDdh3bANx$Gm71kipue',#6,'Pset_5D',$,(#7734,#7735,#7736,#7737,#7738,#7739,#7740,#7741,#7742,#7743,#7744,#7745,#7746,#7747,#7748));
#7750=IFCRELDEFINESBYPROPERTIES('2PdQ7cwznAeuqfe37tbBiW',#6,$,$,(#4789),#7749);
#7751=IFCPROPERTYSINGLEVALUE('WBS_Level1',$,IFCLABEL('CONSTRUCTION'),$);
#7752=IFCPROPERTYSINGLEVALUE('WBS_Level2',$,IFCLABEL('LEVEL-2'),$);
#7753=IFCPROPERTYSINGLEVALUE('WBS_Level4',$,IFCLABEL('PKG-FRAME-L2'),$);
#7754=IFCPROPERTYSINGLEVALUE('P6_ActivityID',$,IFCLABEL('A007'),$);
#7755=IFCPROPERTYSINGLEVALUE('P6_TaskName',$,IFCLABEL('Level 2 \X2\2013\X0\ RC Beams and Roof Slab'),$);
#7756=IFCPROPERTYSINGLEVALUE('PlannedStart',$,IFCLABEL('2027-03-01'),$);
#7757=IFCPROPERTYSINGLEVALUE('PlannedFinish',$,IFCLABEL('2027-04-30'),$);
#7758=IFCPROPERTYSINGLEVALUE('Element_Mark',$,IFCLABEL('ROOF-C3D4'),$);
#7759=IFCPROPERTYSINGLEVALUE('CostCode_1',$,IFCLABEL('CBS-003'),$);
#7760=IFCPROPERTYSINGLEVALUE('CostCode_2',$,IFCLABEL('CBS-004'),$);
#7761=IFCPROPERTYSINGLEVALUE('UOM',$,IFCLABEL('m\X2\00B3\X0\'),$);
#7762=IFCPROPERTYSINGLEVALUE('PlannedValue',$,IFCREAL(5833.3299999999999),$);
#7763=IFCPROPERTYSINGLEVALUE('PVWeight',$,IFCREAL(0.023810000000000001),$);
#7764=IFCPROPERTYSINGLEVALUE('ElementsInTask',$,IFCINTEGER(42),$);
#7765=IFCPROPERTYSINGLEVALUE('Baseline_Tag',$,IFCLABEL('BL_2026-04'),$);
#7766=IFCPROPERTYSET('2mVTv7fsz8jP9WhWHTGjwY',#6,'Pset_5D',$,(#7751,#7752,#7753,#7754,#7755,#7756,#7757,#7758,#7759,#7760,#7761,#7762,#7763,#7764,#7765));
#7767=IFCRELDEFINESBYPROPERTIES('0K867q2evFXvC_1WVziz4M',#6,$,$,(#4817),#7766);
ENDSEC;
END-ISO-10303-21;
