ISO-10303-21;
HEADER;
FILE_DESCRIPTION(('ViewDefinition[DesignTransferView]'),'2;1');
FILE_NAME('/dev/null','2026-05-03T10:37:45+12:00',(''),(''),'IfcOpenShell 0.8.5','IfcOpenShell 0.8.5','Nobody');
FILE_SCHEMA(('IFC2X3'));
ENDSEC;
DATA;
#1=IFCPERSON($,'Rodriguez','Andres',$,$,$,$,$);
#2=IFCORGANIZATION($,'5D-Demo',$,$,$);
#3=IFCPERSONANDORGANIZATION(#1,#2,$);
#4=IFCORGANIZATION($,'IfcOpenShell',$,$,$);
#5=IFCAPPLICATION(#4,'0.8.5','5D Demo Generator','5DDEMO');
#6=IFCOWNERHISTORY(#3,#5,.READWRITE.,.ADDED.,1777761465,#3,#5,1777761465);
#7=IFCPROJECT('1FWjccWRXBJPDCaDkerrxV',#6,'Office Frame 5D Demo',$,$,$,$,(#12),$);
#8=IFCCARTESIANPOINT((0.,0.,0.));
#9=IFCDIRECTION((0.,0.,1.));
#10=IFCDIRECTION((1.,0.,0.));
#11=IFCAXIS2PLACEMENT3D(#8,#9,#10);
#12=IFCGEOMETRICREPRESENTATIONCONTEXT($,'Model',3,1.0000000000000001E-05,#11,$);
#13=IFCGEOMETRICREPRESENTATIONSUBCONTEXT('Body','Model',*,*,*,*,#12,$,.MODEL_VIEW.,$);
#14=IFCOWNERHISTORY(#3,#5,.READWRITE.,.ADDED.,1777761465,#3,#5,1777761465);
#15=IFCSITE('1OnT55LLH5wPhf_hSsCPE8',#14,'Site',$,$,$,$,$,.ELEMENT.,$,$,$,$,$);
#16=IFCOWNERHISTORY(#3,#5,.READWRITE.,.ADDED.,1777761465,#3,#5,1777761465);
#17=IFCBUILDING('2bJvBq7hr97wldGP4Zsbv2',#16,'Office Building',$,$,$,$,$,.ELEMENT.,$,$,$);
#18=IFCOWNERHISTORY(#3,#5,.READWRITE.,.ADDED.,1777761465,#3,#5,1777761465);
#19=IFCRELAGGREGATES('0xFugFBAX7iu3vNFnFWvwW',#18,$,$,#7,(#15));
#20=IFCOWNERHISTORY(#3,#5,.READWRITE.,.ADDED.,1777761465,#3,#5,1777761465);
#21=IFCRELAGGREGATES('3NPVEJbk95K8KPzu_fV3KE',#20,$,$,#15,(#17));
#22=IFCOWNERHISTORY(#3,#5,.READWRITE.,.ADDED.,1777761465,#3,#5,1777761465);
#23=IFCBUILDINGSTOREY('1kaojUXW9Bc8MUttOV$aYB',#22,'SUBSTRUCTURE',$,$,$,$,$,.ELEMENT.,-0.59999999999999998);
#24=IFCOWNERHISTORY(#3,#5,.READWRITE.,.ADDED.,1777761465,#3,#5,1777761465);
#25=IFCBUILDINGSTOREY('23$g5$sNHFofD$0fezAnzU',#24,'GF',$,$,$,$,$,.ELEMENT.,0.);
#26=IFCOWNERHISTORY(#3,#5,.READWRITE.,.ADDED.,1777761465,#3,#5,1777761465);
#27=IFCBUILDINGSTOREY('0eMI1QPCv4gwaJvrai8RdQ',#26,'L1',$,$,$,$,$,.ELEMENT.,3.5);
#28=IFCOWNERHISTORY(#3,#5,.READWRITE.,.ADDED.,1777761465,#3,#5,1777761465);
#29=IFCBUILDINGSTOREY('3AlsHZtgPBh9yg_9Sw5UcZ',#28,'L2',$,$,$,$,$,.ELEMENT.,7.);
#30=IFCOWNERHISTORY(#3,#5,.READWRITE.,.ADDED.,1777761465,#3,#5,1777761465);
#31=IFCRELAGGREGATES('0$h57dPyf7U9$q_fTLjnci',#30,$,$,#17,(#29,#27,#25,#23));
#32=IFCRECTANGLEPROFILEDEF(.AREA.,$,$,1.2,1.2);
#33=IFCOWNERHISTORY(#3,#5,.READWRITE.,.MODIFIED.,1777761465,#3,#5,1777761465);
#34=IFCFOOTING('0M4TzOs293z9ob7590wdw8',#33,'FTG-A1',$,$,#61,#47,$,.PAD_FOOTING.);
#40=IFCCARTESIANPOINT((0.,0.,0.));
#41=IFCDIRECTION((0.,0.,1.));
#42=IFCDIRECTION((1.,0.,0.));
#43=IFCAXIS2PLACEMENT3D(#40,#41,#42);
#44=IFCDIRECTION((0.,0.,1.));
#45=IFCEXTRUDEDAREASOLID(#32,#43,#44,0.59999999999999998);
#46=IFCSHAPEREPRESENTATION(#13,'Body','SweptSolid',(#45));
#47=IFCPRODUCTDEFINITIONSHAPE($,$,(#46));
#48=IFCOWNERHISTORY(#3,#5,.READWRITE.,.ADDED.,1777761465,#3,#5,1777761465);
#49=IFCPROPERTYSET('31RLohpAPBnAuiydtdlAdi',#48,'Pset_ElementMark',$,(#52,#53,#54));
#50=IFCOWNERHISTORY(#3,#5,.READWRITE.,.ADDED.,1777761465,#3,#5,1777761465);
#51=IFCRELDEFINESBYPROPERTIES('07YLx6a5PAi9dXJunDmLDW',#50,$,$,(#34),#49);
#52=IFCPROPERTYSINGLEVALUE('Mark',$,IFCLABEL('FTG-A1'),$);
#53=IFCPROPERTYSINGLEVALUE('ElementType',$,IFCLABEL('Footing'),$);
#54=IFCPROPERTYSINGLEVALUE('GridRef',$,IFCLABEL('A1'),$);
#55=IFCOWNERHISTORY(#3,#5,.READWRITE.,.MODIFIED.,1777761465,#3,#5,1777761465);
#56=IFCRELCONTAINEDINSPATIALSTRUCTURE('2_wEvhWsT7NwbFuXtLrg0p',#55,$,$,(#63,#414,#333,#279,#34,#198,#144,#90,#117,#171,#225,#306,#252,#360,#387,#441),#23);
#57=IFCCARTESIANPOINT((0.,0.,-0.59999999999999998));
#58=IFCDIRECTION((0.,0.,1.));
#59=IFCDIRECTION((1.,0.,0.));
#60=IFCAXIS2PLACEMENT3D(#57,#58,#59);
#61=IFCLOCALPLACEMENT($,#60);
#62=IFCOWNERHISTORY(#3,#5,.READWRITE.,.MODIFIED.,1777761465,#3,#5,1777761465);
#63=IFCFOOTING('0KifDZHsn35fgmnfQRVXOM',#62,'FTG-A2',$,$,#88,#76,$,.PAD_FOOTING.);
#69=IFCCARTESIANPOINT((0.,0.,0.));
#70=IFCDIRECTION((0.,0.,1.));
#71=IFCDIRECTION((1.,0.,0.));
#72=IFCAXIS2PLACEMENT3D(#69,#70,#71);
#73=IFCDIRECTION((0.,0.,1.));
#74=IFCEXTRUDEDAREASOLID(#32,#72,#73,0.59999999999999998);
#75=IFCSHAPEREPRESENTATION(#13,'Body','SweptSolid',(#74));
#76=IFCPRODUCTDEFINITIONSHAPE($,$,(#75));
#77=IFCOWNERHISTORY(#3,#5,.READWRITE.,.ADDED.,1777761465,#3,#5,1777761465);
#78=IFCPROPERTYSET('2gLPbKV2X8lPq40$KmVfdY',#77,'Pset_ElementMark',$,(#81,#82,#83));
#79=IFCOWNERHISTORY(#3,#5,.READWRITE.,.ADDED.,1777761465,#3,#5,1777761465);
#80=IFCRELDEFINESBYPROPERTIES('1voD2x39D0VgkxkIeDkv_H',#79,$,$,(#63),#78);
#81=IFCPROPERTYSINGLEVALUE('Mark',$,IFCLABEL('FTG-A2'),$);
#82=IFCPROPERTYSINGLEVALUE('ElementType',$,IFCLABEL('Footing'),$);
#83=IFCPROPERTYSINGLEVALUE('GridRef',$,IFCLABEL('A2'),$);
#84=IFCCARTESIANPOINT((6.,0.,-0.59999999999999998));
#85=IFCDIRECTION((0.,0.,1.));
#86=IFCDIRECTION((1.,0.,0.));
#87=IFCAXIS2PLACEMENT3D(#84,#85,#86);
#88=IFCLOCALPLACEMENT($,#87);
#89=IFCOWNERHISTORY(#3,#5,.READWRITE.,.MODIFIED.,1777761465,#3,#5,1777761465);
#90=IFCFOOTING('00xd4dISzEAf$$8hNmJC06',#89,'FTG-A3',$,$,#115,#103,$,.PAD_FOOTING.);
#96=IFCCARTESIANPOINT((0.,0.,0.));
#97=IFCDIRECTION((0.,0.,1.));
#98=IFCDIRECTION((1.,0.,0.));
#99=IFCAXIS2PLACEMENT3D(#96,#97,#98);
#100=IFCDIRECTION((0.,0.,1.));
#101=IFCEXTRUDEDAREASOLID(#32,#99,#100,0.59999999999999998);
#102=IFCSHAPEREPRESENTATION(#13,'Body','SweptSolid',(#101));
#103=IFCPRODUCTDEFINITIONSHAPE($,$,(#102));
#104=IFCOWNERHISTORY(#3,#5,.READWRITE.,.ADDED.,1777761465,#3,#5,1777761465);
#105=IFCPROPERTYSET('3FQVd59vTAOwLC207iXk3F',#104,'Pset_ElementMark',$,(#108,#109,#110));
#106=IFCOWNERHISTORY(#3,#5,.READWRITE.,.ADDED.,1777761465,#3,#5,1777761465);
#107=IFCRELDEFINESBYPROPERTIES('1npKcIq0H5reKY_frCjgPo',#106,$,$,(#90),#105);
#108=IFCPROPERTYSINGLEVALUE('Mark',$,IFCLABEL('FTG-A3'),$);
#109=IFCPROPERTYSINGLEVALUE('ElementType',$,IFCLABEL('Footing'),$);
#110=IFCPROPERTYSINGLEVALUE('GridRef',$,IFCLABEL('A3'),$);
#111=IFCCARTESIANPOINT((12.,0.,-0.59999999999999998));
#112=IFCDIRECTION((0.,0.,1.));
#113=IFCDIRECTION((1.,0.,0.));
#114=IFCAXIS2PLACEMENT3D(#111,#112,#113);
#115=IFCLOCALPLACEMENT($,#114);
#116=IFCOWNERHISTORY(#3,#5,.READWRITE.,.MODIFIED.,1777761465,#3,#5,1777761465);
#117=IFCFOOTING('1UMNKYEd58nRT7mTe9Lw09',#116,'FTG-A4',$,$,#142,#130,$,.PAD_FOOTING.);
#123=IFCCARTESIANPOINT((0.,0.,0.));
#124=IFCDIRECTION((0.,0.,1.));
#125=IFCDIRECTION((1.,0.,0.));
#126=IFCAXIS2PLACEMENT3D(#123,#124,#125);
#127=IFCDIRECTION((0.,0.,1.));
#128=IFCEXTRUDEDAREASOLID(#32,#126,#127,0.59999999999999998);
#129=IFCSHAPEREPRESENTATION(#13,'Body','SweptSolid',(#128));
#130=IFCPRODUCTDEFINITIONSHAPE($,$,(#129));
#131=IFCOWNERHISTORY(#3,#5,.READWRITE.,.ADDED.,1777761465,#3,#5,1777761465);
#132=IFCPROPERTYSET('1svpuClW1CbAG7dsNtS8u2',#131,'Pset_ElementMark',$,(#135,#136,#137));
#133=IFCOWNERHISTORY(#3,#5,.READWRITE.,.ADDED.,1777761465,#3,#5,1777761465);
#134=IFCRELDEFINESBYPROPERTIES('1HClmwxRvB6uhD_lYW3GGb',#133,$,$,(#117),#132);
#135=IFCPROPERTYSINGLEVALUE('Mark',$,IFCLABEL('FTG-A4'),$);
#136=IFCPROPERTYSINGLEVALUE('ElementType',$,IFCLABEL('Footing'),$);
#137=IFCPROPERTYSINGLEVALUE('GridRef',$,IFCLABEL('A4'),$);
#138=IFCCARTESIANPOINT((18.,0.,-0.59999999999999998));
#139=IFCDIRECTION((0.,0.,1.));
#140=IFCDIRECTION((1.,0.,0.));
#141=IFCAXIS2PLACEMENT3D(#138,#139,#140);
#142=IFCLOCALPLACEMENT($,#141);
#143=IFCOWNERHISTORY(#3,#5,.READWRITE.,.MODIFIED.,1777761465,#3,#5,1777761465);
#144=IFCFOOTING('2IN9o5mJ5FVBBLBKpAQSqw',#143,'FTG-B1',$,$,#169,#157,$,.PAD_FOOTING.);
#150=IFCCARTESIANPOINT((0.,0.,0.));
#151=IFCDIRECTION((0.,0.,1.));
#152=IFCDIRECTION((1.,0.,0.));
#153=IFCAXIS2PLACEMENT3D(#150,#151,#152);
#154=IFCDIRECTION((0.,0.,1.));
#155=IFCEXTRUDEDAREASOLID(#32,#153,#154,0.59999999999999998);
#156=IFCSHAPEREPRESENTATION(#13,'Body','SweptSolid',(#155));
#157=IFCPRODUCTDEFINITIONSHAPE($,$,(#156));
#158=IFCOWNERHISTORY(#3,#5,.READWRITE.,.ADDED.,1777761465,#3,#5,1777761465);
#159=IFCPROPERTYSET('2Z$8ZrBqv8UQfY2t7OfF$R',#158,'Pset_ElementMark',$,(#162,#163,#164));
#160=IFCOWNERHISTORY(#3,#5,.READWRITE.,.ADDED.,1777761465,#3,#5,1777761465);
#161=IFCRELDEFINESBYPROPERTIES('1y0nIhArD4MQg7hJ74$835',#160,$,$,(#144),#159);
#162=IFCPROPERTYSINGLEVALUE('Mark',$,IFCLABEL('FTG-B1'),$);
#163=IFCPROPERTYSINGLEVALUE('ElementType',$,IFCLABEL('Footing'),$);
#164=IFCPROPERTYSINGLEVALUE('GridRef',$,IFCLABEL('B1'),$);
#165=IFCCARTESIANPOINT((0.,6.,-0.59999999999999998));
#166=IFCDIRECTION((0.,0.,1.));
#167=IFCDIRECTION((1.,0.,0.));
#168=IFCAXIS2PLACEMENT3D(#165,#166,#167);
#169=IFCLOCALPLACEMENT($,#168);
#170=IFCOWNERHISTORY(#3,#5,.READWRITE.,.MODIFIED.,1777761465,#3,#5,1777761465);
#171=IFCFOOTING('1u7giU9m92cwjSkNf9oolL',#170,'FTG-B2',$,$,#196,#184,$,.PAD_FOOTING.);
#177=IFCCARTESIANPOINT((0.,0.,0.));
#178=IFCDIRECTION((0.,0.,1.));
#179=IFCDIRECTION((1.,0.,0.));
#180=IFCAXIS2PLACEMENT3D(#177,#178,#179);
#181=IFCDIRECTION((0.,0.,1.));
#182=IFCEXTRUDEDAREASOLID(#32,#180,#181,0.59999999999999998);
#183=IFCSHAPEREPRESENTATION(#13,'Body','SweptSolid',(#182));
#184=IFCPRODUCTDEFINITIONSHAPE($,$,(#183));
#185=IFCOWNERHISTORY(#3,#5,.READWRITE.,.ADDED.,1777761465,#3,#5,1777761465);
#186=IFCPROPERTYSET('1reaMhxiD6dvmQIUp8Kjnn',#185,'Pset_ElementMark',$,(#189,#190,#191));
#187=IFCOWNERHISTORY(#3,#5,.READWRITE.,.ADDED.,1777761465,#3,#5,1777761465);
#188=IFCRELDEFINESBYPROPERTIES('2gaqDqiaTEEAeMsqJn7ibU',#187,$,$,(#171),#186);
#189=IFCPROPERTYSINGLEVALUE('Mark',$,IFCLABEL('FTG-B2'),$);
#190=IFCPROPERTYSINGLEVALUE('ElementType',$,IFCLABEL('Footing'),$);
#191=IFCPROPERTYSINGLEVALUE('GridRef',$,IFCLABEL('B2'),$);
#192=IFCCARTESIANPOINT((6.,6.,-0.59999999999999998));
#193=IFCDIRECTION((0.,0.,1.));
#194=IFCDIRECTION((1.,0.,0.));
#195=IFCAXIS2PLACEMENT3D(#192,#193,#194);
#196=IFCLOCALPLACEMENT($,#195);
#197=IFCOWNERHISTORY(#3,#5,.READWRITE.,.MODIFIED.,1777761465,#3,#5,1777761465);
#198=IFCFOOTING('241VhNrc1C_PG9fNRsIXRp',#197,'FTG-B3',$,$,#223,#211,$,.PAD_FOOTING.);
#204=IFCCARTESIANPOINT((0.,0.,0.));
#205=IFCDIRECTION((0.,0.,1.));
#206=IFCDIRECTION((1.,0.,0.));
#207=IFCAXIS2PLACEMENT3D(#204,#205,#206);
#208=IFCDIRECTION((0.,0.,1.));
#209=IFCEXTRUDEDAREASOLID(#32,#207,#208,0.59999999999999998);
#210=IFCSHAPEREPRESENTATION(#13,'Body','SweptSolid',(#209));
#211=IFCPRODUCTDEFINITIONSHAPE($,$,(#210));
#212=IFCOWNERHISTORY(#3,#5,.READWRITE.,.ADDED.,1777761465,#3,#5,1777761465);
#213=IFCPROPERTYSET('1nvSQrJKz1rPXpRWcrgp4Z',#212,'Pset_ElementMark',$,(#216,#217,#218));
#214=IFCOWNERHISTORY(#3,#5,.READWRITE.,.ADDED.,1777761465,#3,#5,1777761465);
#215=IFCRELDEFINESBYPROPERTIES('1PZ3QafqXA58NkdgzBkcWC',#214,$,$,(#198),#213);
#216=IFCPROPERTYSINGLEVALUE('Mark',$,IFCLABEL('FTG-B3'),$);
#217=IFCPROPERTYSINGLEVALUE('ElementType',$,IFCLABEL('Footing'),$);
#218=IFCPROPERTYSINGLEVALUE('GridRef',$,IFCLABEL('B3'),$);
#219=IFCCARTESIANPOINT((12.,6.,-0.59999999999999998));
#220=IFCDIRECTION((0.,0.,1.));
#221=IFCDIRECTION((1.,0.,0.));
#222=IFCAXIS2PLACEMENT3D(#219,#220,#221);
#223=IFCLOCALPLACEMENT($,#222);
#224=IFCOWNERHISTORY(#3,#5,.READWRITE.,.MODIFIED.,1777761465,#3,#5,1777761465);
#225=IFCFOOTING('0NcIu6RQ97leFxMNoKT7vo',#224,'FTG-B4',$,$,#250,#238,$,.PAD_FOOTING.);
#231=IFCCARTESIANPOINT((0.,0.,0.));
#232=IFCDIRECTION((0.,0.,1.));
#233=IFCDIRECTION((1.,0.,0.));
#234=IFCAXIS2PLACEMENT3D(#231,#232,#233);
#235=IFCDIRECTION((0.,0.,1.));
#236=IFCEXTRUDEDAREASOLID(#32,#234,#235,0.59999999999999998);
#237=IFCSHAPEREPRESENTATION(#13,'Body','SweptSolid',(#236));
#238=IFCPRODUCTDEFINITIONSHAPE($,$,(#237));
#239=IFCOWNERHISTORY(#3,#5,.READWRITE.,.ADDED.,1777761465,#3,#5,1777761465);
#240=IFCPROPERTYSET('3Avfb$ybH2gAQUVZDWMJhZ',#239,'Pset_ElementMark',$,(#243,#244,#245));
#241=IFCOWNERHISTORY(#3,#5,.READWRITE.,.ADDED.,1777761465,#3,#5,1777761465);
#242=IFCRELDEFINESBYPROPERTIES('3LdVkPqsv0Qx5ySzaZUIMq',#241,$,$,(#225),#240);
#243=IFCPROPERTYSINGLEVALUE('Mark',$,IFCLABEL('FTG-B4'),$);
#244=IFCPROPERTYSINGLEVALUE('ElementType',$,IFCLABEL('Footing'),$);
#245=IFCPROPERTYSINGLEVALUE('GridRef',$,IFCLABEL('B4'),$);
#246=IFCCARTESIANPOINT((18.,6.,-0.59999999999999998));
#247=IFCDIRECTION((0.,0.,1.));
#248=IFCDIRECTION((1.,0.,0.));
#249=IFCAXIS2PLACEMENT3D(#246,#247,#248);
#250=IFCLOCALPLACEMENT($,#249);
#251=IFCOWNERHISTORY(#3,#5,.READWRITE.,.MODIFIED.,1777761465,#3,#5,1777761465);
#252=IFCFOOTING('2QrC1ah3v22xxK_gHFzJhV',#251,'FTG-C1',$,$,#277,#265,$,.PAD_FOOTING.);
#258=IFCCARTESIANPOINT((0.,0.,0.));
#259=IFCDIRECTION((0.,0.,1.));
#260=IFCDIRECTION((1.,0.,0.));
#261=IFCAXIS2PLACEMENT3D(#258,#259,#260);
#262=IFCDIRECTION((0.,0.,1.));
#263=IFCEXTRUDEDAREASOLID(#32,#261,#262,0.59999999999999998);
#264=IFCSHAPEREPRESENTATION(#13,'Body','SweptSolid',(#263));
#265=IFCPRODUCTDEFINITIONSHAPE($,$,(#264));
#266=IFCOWNERHISTORY(#3,#5,.READWRITE.,.ADDED.,1777761465,#3,#5,1777761465);
#267=IFCPROPERTYSET('3RKOVhCET97hiyRxUVuQb7',#266,'Pset_ElementMark',$,(#270,#271,#272));
#268=IFCOWNERHISTORY(#3,#5,.READWRITE.,.ADDED.,1777761465,#3,#5,1777761465);
#269=IFCRELDEFINESBYPROPERTIES('3FefZ8OhvAxR9tlfuL8Enr',#268,$,$,(#252),#267);
#270=IFCPROPERTYSINGLEVALUE('Mark',$,IFCLABEL('FTG-C1'),$);
#271=IFCPROPERTYSINGLEVALUE('ElementType',$,IFCLABEL('Footing'),$);
#272=IFCPROPERTYSINGLEVALUE('GridRef',$,IFCLABEL('C1'),$);
#273=IFCCARTESIANPOINT((0.,12.,-0.59999999999999998));
#274=IFCDIRECTION((0.,0.,1.));
#275=IFCDIRECTION((1.,0.,0.));
#276=IFCAXIS2PLACEMENT3D(#273,#274,#275);
#277=IFCLOCALPLACEMENT($,#276);
#278=IFCOWNERHISTORY(#3,#5,.READWRITE.,.MODIFIED.,1777761465,#3,#5,1777761465);
#279=IFCFOOTING('3na6p3w7n06hKXsO03yIQZ',#278,'FTG-C2',$,$,#304,#292,$,.PAD_FOOTING.);
#285=IFCCARTESIANPOINT((0.,0.,0.));
#286=IFCDIRECTION((0.,0.,1.));
#287=IFCDIRECTION((1.,0.,0.));
#288=IFCAXIS2PLACEMENT3D(#285,#286,#287);
#289=IFCDIRECTION((0.,0.,1.));
#290=IFCEXTRUDEDAREASOLID(#32,#288,#289,0.59999999999999998);
#291=IFCSHAPEREPRESENTATION(#13,'Body','SweptSolid',(#290));
#292=IFCPRODUCTDEFINITIONSHAPE($,$,(#291));
#293=IFCOWNERHISTORY(#3,#5,.READWRITE.,.ADDED.,1777761465,#3,#5,1777761465);
#294=IFCPROPERTYSET('2zDqTSxwn3ux62fqDaU2aC',#293,'Pset_ElementMark',$,(#297,#298,#299));
#295=IFCOWNERHISTORY(#3,#5,.READWRITE.,.ADDED.,1777761465,#3,#5,1777761465);
#296=IFCRELDEFINESBYPROPERTIES('1k625NPUX6yQeKUm00ySYd',#295,$,$,(#279),#294);
#297=IFCPROPERTYSINGLEVALUE('Mark',$,IFCLABEL('FTG-C2'),$);
#298=IFCPROPERTYSINGLEVALUE('ElementType',$,IFCLABEL('Footing'),$);
#299=IFCPROPERTYSINGLEVALUE('GridRef',$,IFCLABEL('C2'),$);
#300=IFCCARTESIANPOINT((6.,12.,-0.59999999999999998));
#301=IFCDIRECTION((0.,0.,1.));
#302=IFCDIRECTION((1.,0.,0.));
#303=IFCAXIS2PLACEMENT3D(#300,#301,#302);
#304=IFCLOCALPLACEMENT($,#303);
#305=IFCOWNERHISTORY(#3,#5,.READWRITE.,.MODIFIED.,1777761465,#3,#5,1777761465);
#306=IFCFOOTING('16Shh2Vfn2xguHPE3fYgTy',#305,'FTG-C3',$,$,#331,#319,$,.PAD_FOOTING.);
#312=IFCCARTESIANPOINT((0.,0.,0.));
#313=IFCDIRECTION((0.,0.,1.));
#314=IFCDIRECTION((1.,0.,0.));
#315=IFCAXIS2PLACEMENT3D(#312,#313,#314);
#316=IFCDIRECTION((0.,0.,1.));
#317=IFCEXTRUDEDAREASOLID(#32,#315,#316,0.59999999999999998);
#318=IFCSHAPEREPRESENTATION(#13,'Body','SweptSolid',(#317));
#319=IFCPRODUCTDEFINITIONSHAPE($,$,(#318));
#320=IFCOWNERHISTORY(#3,#5,.READWRITE.,.ADDED.,1777761465,#3,#5,1777761465);
#321=IFCPROPERTYSET('3UGhluwbrAD8Mm_5k_7LAn',#320,'Pset_ElementMark',$,(#324,#325,#326));
#322=IFCOWNERHISTORY(#3,#5,.READWRITE.,.ADDED.,1777761465,#3,#5,1777761465);
#323=IFCRELDEFINESBYPROPERTIES('1d1$QOsy1918Bh5bpY_tL7',#322,$,$,(#306),#321);
#324=IFCPROPERTYSINGLEVALUE('Mark',$,IFCLABEL('FTG-C3'),$);
#325=IFCPROPERTYSINGLEVALUE('ElementType',$,IFCLABEL('Footing'),$);
#326=IFCPROPERTYSINGLEVALUE('GridRef',$,IFCLABEL('C3'),$);
#327=IFCCARTESIANPOINT((12.,12.,-0.59999999999999998));
#328=IFCDIRECTION((0.,0.,1.));
#329=IFCDIRECTION((1.,0.,0.));
#330=IFCAXIS2PLACEMENT3D(#327,#328,#329);
#331=IFCLOCALPLACEMENT($,#330);
#332=IFCOWNERHISTORY(#3,#5,.READWRITE.,.MODIFIED.,1777761465,#3,#5,1777761465);
#333=IFCFOOTING('2aW5Bjcc15eAuoihCh8bGQ',#332,'FTG-C4',$,$,#358,#346,$,.PAD_FOOTING.);
#339=IFCCARTESIANPOINT((0.,0.,0.));
#340=IFCDIRECTION((0.,0.,1.));
#341=IFCDIRECTION((1.,0.,0.));
#342=IFCAXIS2PLACEMENT3D(#339,#340,#341);
#343=IFCDIRECTION((0.,0.,1.));
#344=IFCEXTRUDEDAREASOLID(#32,#342,#343,0.59999999999999998);
#345=IFCSHAPEREPRESENTATION(#13,'Body','SweptSolid',(#344));
#346=IFCPRODUCTDEFINITIONSHAPE($,$,(#345));
#347=IFCOWNERHISTORY(#3,#5,.READWRITE.,.ADDED.,1777761465,#3,#5,1777761465);
#348=IFCPROPERTYSET('3kF1mmIXn4LPbnOpb84G8i',#347,'Pset_ElementMark',$,(#351,#352,#353));
#349=IFCOWNERHISTORY(#3,#5,.READWRITE.,.ADDED.,1777761465,#3,#5,1777761465);
#350=IFCRELDEFINESBYPROPERTIES('2Eq1Nf2ErCee$$4STkJBqN',#349,$,$,(#333),#348);
#351=IFCPROPERTYSINGLEVALUE('Mark',$,IFCLABEL('FTG-C4'),$);
#352=IFCPROPERTYSINGLEVALUE('ElementType',$,IFCLABEL('Footing'),$);
#353=IFCPROPERTYSINGLEVALUE('GridRef',$,IFCLABEL('C4'),$);
#354=IFCCARTESIANPOINT((18.,12.,-0.59999999999999998));
#355=IFCDIRECTION((0.,0.,1.));
#356=IFCDIRECTION((1.,0.,0.));
#357=IFCAXIS2PLACEMENT3D(#354,#355,#356);
#358=IFCLOCALPLACEMENT($,#357);
#359=IFCOWNERHISTORY(#3,#5,.READWRITE.,.MODIFIED.,1777761465,#3,#5,1777761465);
#360=IFCFOOTING('0JPv1QHwT2Sxpv724LWfsL',#359,'FTG-D1',$,$,#385,#373,$,.PAD_FOOTING.);
#366=IFCCARTESIANPOINT((0.,0.,0.));
#367=IFCDIRECTION((0.,0.,1.));
#368=IFCDIRECTION((1.,0.,0.));
#369=IFCAXIS2PLACEMENT3D(#366,#367,#368);
#370=IFCDIRECTION((0.,0.,1.));
#371=IFCEXTRUDEDAREASOLID(#32,#369,#370,0.59999999999999998);
#372=IFCSHAPEREPRESENTATION(#13,'Body','SweptSolid',(#371));
#373=IFCPRODUCTDEFINITIONSHAPE($,$,(#372));
#374=IFCOWNERHISTORY(#3,#5,.READWRITE.,.ADDED.,1777761465,#3,#5,1777761465);
#375=IFCPROPERTYSET('0vTzIkL$b6bO_1t8TCAsI0',#374,'Pset_ElementMark',$,(#378,#379,#380));
#376=IFCOWNERHISTORY(#3,#5,.READWRITE.,.ADDED.,1777761465,#3,#5,1777761465);
#377=IFCRELDEFINESBYPROPERTIES('1F6jU011TCk9w_MT_76_Qw',#376,$,$,(#360),#375);
#378=IFCPROPERTYSINGLEVALUE('Mark',$,IFCLABEL('FTG-D1'),$);
#379=IFCPROPERTYSINGLEVALUE('ElementType',$,IFCLABEL('Footing'),$);
#380=IFCPROPERTYSINGLEVALUE('GridRef',$,IFCLABEL('D1'),$);
#381=IFCCARTESIANPOINT((0.,18.,-0.59999999999999998));
#382=IFCDIRECTION((0.,0.,1.));
#383=IFCDIRECTION((1.,0.,0.));
#384=IFCAXIS2PLACEMENT3D(#381,#382,#383);
#385=IFCLOCALPLACEMENT($,#384);
#386=IFCOWNERHISTORY(#3,#5,.READWRITE.,.MODIFIED.,1777761465,#3,#5,1777761465);
#387=IFCFOOTING('0ZYssjPSvFxvnp8zrmMc8q',#386,'FTG-D2',$,$,#412,#400,$,.PAD_FOOTING.);
#393=IFCCARTESIANPOINT((0.,0.,0.));
#394=IFCDIRECTION((0.,0.,1.));
#395=IFCDIRECTION((1.,0.,0.));
#396=IFCAXIS2PLACEMENT3D(#393,#394,#395);
#397=IFCDIRECTION((0.,0.,1.));
#398=IFCEXTRUDEDAREASOLID(#32,#396,#397,0.59999999999999998);
#399=IFCSHAPEREPRESENTATION(#13,'Body','SweptSolid',(#398));
#400=IFCPRODUCTDEFINITIONSHAPE($,$,(#399));
#401=IFCOWNERHISTORY(#3,#5,.READWRITE.,.ADDED.,1777761465,#3,#5,1777761465);
#402=IFCPROPERTYSET('0LMLu6HLP1efwLSiyl86iM',#401,'Pset_ElementMark',$,(#405,#406,#407));
#403=IFCOWNERHISTORY(#3,#5,.READWRITE.,.ADDED.,1777761465,#3,#5,1777761465);
#404=IFCRELDEFINESBYPROPERTIES('2l6Hc5IjrAUPkuKaKaadaN',#403,$,$,(#387),#402);
#405=IFCPROPERTYSINGLEVALUE('Mark',$,IFCLABEL('FTG-D2'),$);
#406=IFCPROPERTYSINGLEVALUE('ElementType',$,IFCLABEL('Footing'),$);
#407=IFCPROPERTYSINGLEVALUE('GridRef',$,IFCLABEL('D2'),$);
#408=IFCCARTESIANPOINT((6.,18.,-0.59999999999999998));
#409=IFCDIRECTION((0.,0.,1.));
#410=IFCDIRECTION((1.,0.,0.));
#411=IFCAXIS2PLACEMENT3D(#408,#409,#410);
#412=IFCLOCALPLACEMENT($,#411);
#413=IFCOWNERHISTORY(#3,#5,.READWRITE.,.MODIFIED.,1777761465,#3,#5,1777761465);
#414=IFCFOOTING('1f22bNvOj8FgsCTlk0TMXP',#413,'FTG-D3',$,$,#439,#427,$,.PAD_FOOTING.);
#420=IFCCARTESIANPOINT((0.,0.,0.));
#421=IFCDIRECTION((0.,0.,1.));
#422=IFCDIRECTION((1.,0.,0.));
#423=IFCAXIS2PLACEMENT3D(#420,#421,#422);
#424=IFCDIRECTION((0.,0.,1.));
#425=IFCEXTRUDEDAREASOLID(#32,#423,#424,0.59999999999999998);
#426=IFCSHAPEREPRESENTATION(#13,'Body','SweptSolid',(#425));
#427=IFCPRODUCTDEFINITIONSHAPE($,$,(#426));
#428=IFCOWNERHISTORY(#3,#5,.READWRITE.,.ADDED.,1777761465,#3,#5,1777761465);
#429=IFCPROPERTYSET('1aVRG70yTDfhDYlg5_no4T',#428,'Pset_ElementMark',$,(#432,#433,#434));
#430=IFCOWNERHISTORY(#3,#5,.READWRITE.,.ADDED.,1777761465,#3,#5,1777761465);
#431=IFCRELDEFINESBYPROPERTIES('1D$7JOw255RO7jLswqrFXM',#430,$,$,(#414),#429);
#432=IFCPROPERTYSINGLEVALUE('Mark',$,IFCLABEL('FTG-D3'),$);
#433=IFCPROPERTYSINGLEVALUE('ElementType',$,IFCLABEL('Footing'),$);
#434=IFCPROPERTYSINGLEVALUE('GridRef',$,IFCLABEL('D3'),$);
#435=IFCCARTESIANPOINT((12.,18.,-0.59999999999999998));
#436=IFCDIRECTION((0.,0.,1.));
#437=IFCDIRECTION((1.,0.,0.));
#438=IFCAXIS2PLACEMENT3D(#435,#436,#437);
#439=IFCLOCALPLACEMENT($,#438);
#440=IFCOWNERHISTORY(#3,#5,.READWRITE.,.MODIFIED.,1777761465,#3,#5,1777761465);
#441=IFCFOOTING('33KJnv0w5Dn8EkKTQ8qg7O',#440,'FTG-D4',$,$,#466,#454,$,.PAD_FOOTING.);
#447=IFCCARTESIANPOINT((0.,0.,0.));
#448=IFCDIRECTION((0.,0.,1.));
#449=IFCDIRECTION((1.,0.,0.));
#450=IFCAXIS2PLACEMENT3D(#447,#448,#449);
#451=IFCDIRECTION((0.,0.,1.));
#452=IFCEXTRUDEDAREASOLID(#32,#450,#451,0.59999999999999998);
#453=IFCSHAPEREPRESENTATION(#13,'Body','SweptSolid',(#452));
#454=IFCPRODUCTDEFINITIONSHAPE($,$,(#453));
#455=IFCOWNERHISTORY(#3,#5,.READWRITE.,.ADDED.,1777761465,#3,#5,1777761465);
#456=IFCPROPERTYSET('27tQxvVNbEQOLutNlD5FZ2',#455,'Pset_ElementMark',$,(#459,#460,#461));
#457=IFCOWNERHISTORY(#3,#5,.READWRITE.,.ADDED.,1777761465,#3,#5,1777761465);
#458=IFCRELDEFINESBYPROPERTIES('2NDyUumr974h3cCITbNjay',#457,$,$,(#441),#456);
#459=IFCPROPERTYSINGLEVALUE('Mark',$,IFCLABEL('FTG-D4'),$);
#460=IFCPROPERTYSINGLEVALUE('ElementType',$,IFCLABEL('Footing'),$);
#461=IFCPROPERTYSINGLEVALUE('GridRef',$,IFCLABEL('D4'),$);
#462=IFCCARTESIANPOINT((18.,18.,-0.59999999999999998));
#463=IFCDIRECTION((0.,0.,1.));
#464=IFCDIRECTION((1.,0.,0.));
#465=IFCAXIS2PLACEMENT3D(#462,#463,#464);
#466=IFCLOCALPLACEMENT($,#465);
#467=IFCRECTANGLEPROFILEDEF(.AREA.,$,$,0.40000000000000002,0.40000000000000002);
#468=IFCOWNERHISTORY(#3,#5,.READWRITE.,.MODIFIED.,1777761465,#3,#5,1777761465);
#469=IFCCOLUMN('21ZHuxXjL7Ge2qF0kyhWBG',#468,'COL-A1-GF',$,$,#497,#482,$);
#475=IFCCARTESIANPOINT((0.,0.,0.));
#476=IFCDIRECTION((0.,0.,1.));
#477=IFCDIRECTION((1.,0.,0.));
#478=IFCAXIS2PLACEMENT3D(#475,#476,#477);
#479=IFCDIRECTION((0.,0.,1.));
#480=IFCEXTRUDEDAREASOLID(#467,#478,#479,3.5);
#481=IFCSHAPEREPRESENTATION(#13,'Body','SweptSolid',(#480));
#482=IFCPRODUCTDEFINITIONSHAPE($,$,(#481));
#483=IFCOWNERHISTORY(#3,#5,.READWRITE.,.ADDED.,1777761465,#3,#5,1777761465);
#484=IFCPROPERTYSET('27wWk4DgL9xw6ZDLQJ4lWi',#483,'Pset_ElementMark',$,(#487,#488,#489,#490));
#485=IFCOWNERHISTORY(#3,#5,.READWRITE.,.ADDED.,1777761465,#3,#5,1777761465);
#486=IFCRELDEFINESBYPROPERTIES('01sWHXAlX6s9NZmwa4FFkB',#485,$,$,(#469),#484);
#487=IFCPROPERTYSINGLEVALUE('Mark',$,IFCLABEL('COL-A1-GF'),$);
#488=IFCPROPERTYSINGLEVALUE('ElementType',$,IFCLABEL('Column'),$);
#489=IFCPROPERTYSINGLEVALUE('GridRef',$,IFCLABEL('A1'),$);
#490=IFCPROPERTYSINGLEVALUE('Level',$,IFCLABEL('GF'),$);
#491=IFCOWNERHISTORY(#3,#5,.READWRITE.,.MODIFIED.,1777761465,#3,#5,1777761465);
#492=IFCRELCONTAINEDINSPATIALSTRUCTURE('2kHyIiFTHCnxcQWJHoOi8w',#491,$,$,(#3893,#2240,#1932,#2044,#807,#2352,#1848,#499,#1960,#611,#2156,#4005,#527,#3921,#2464,#2072,#723,#835,#1876,#4033,#3837,#2268,#3949,#2380,#1988,#2184,#639,#2296,#555,#751,#863,#469,#4061,#2100,#3865,#3977,#2408,#1904,#2016,#667,#2212,#2324,#1820,#583,#779,#2128,#891,#2436,#695),#25);
#493=IFCCARTESIANPOINT((0.,0.,0.));
#494=IFCDIRECTION((0.,0.,1.));
#495=IFCDIRECTION((1.,0.,0.));
#496=IFCAXIS2PLACEMENT3D(#493,#494,#495);
#497=IFCLOCALPLACEMENT($,#496);
#498=IFCOWNERHISTORY(#3,#5,.READWRITE.,.MODIFIED.,1777761465,#3,#5,1777761465);
#499=IFCCOLUMN('1nx3r6hJ1FtfxgOCjdoTgf',#498,'COL-A2-GF',$,$,#525,#512,$);
#505=IFCCARTESIANPOINT((0.,0.,0.));
#506=IFCDIRECTION((0.,0.,1.));
#507=IFCDIRECTION((1.,0.,0.));
#508=IFCAXIS2PLACEMENT3D(#505,#506,#507);
#509=IFCDIRECTION((0.,0.,1.));
#510=IFCEXTRUDEDAREASOLID(#467,#508,#509,3.5);
#511=IFCSHAPEREPRESENTATION(#13,'Body','SweptSolid',(#510));
#512=IFCPRODUCTDEFINITIONSHAPE($,$,(#511));
#513=IFCOWNERHISTORY(#3,#5,.READWRITE.,.ADDED.,1777761465,#3,#5,1777761465);
#514=IFCPROPERTYSET('1YgvUMD_n8VAyYOW_7gLdq',#513,'Pset_ElementMark',$,(#517,#518,#519,#520));
#515=IFCOWNERHISTORY(#3,#5,.READWRITE.,.ADDED.,1777761465,#3,#5,1777761465);
#516=IFCRELDEFINESBYPROPERTIES('2Gs$biNUfDkQczalQqsUC4',#515,$,$,(#499),#514);
#517=IFCPROPERTYSINGLEVALUE('Mark',$,IFCLABEL('COL-A2-GF'),$);
#518=IFCPROPERTYSINGLEVALUE('ElementType',$,IFCLABEL('Column'),$);
#519=IFCPROPERTYSINGLEVALUE('GridRef',$,IFCLABEL('A2'),$);
#520=IFCPROPERTYSINGLEVALUE('Level',$,IFCLABEL('GF'),$);
#521=IFCCARTESIANPOINT((6.,0.,0.));
#522=IFCDIRECTION((0.,0.,1.));
#523=IFCDIRECTION((1.,0.,0.));
#524=IFCAXIS2PLACEMENT3D(#521,#522,#523);
#525=IFCLOCALPLACEMENT($,#524);
#526=IFCOWNERHISTORY(#3,#5,.READWRITE.,.MODIFIED.,1777761465,#3,#5,1777761465);
#527=IFCCOLUMN('04HcLmROj6NfMMJqnMoC7C',#526,'COL-A3-GF',$,$,#553,#540,$);
#533=IFCCARTESIANPOINT((0.,0.,0.));
#534=IFCDIRECTION((0.,0.,1.));
#535=IFCDIRECTION((1.,0.,0.));
#536=IFCAXIS2PLACEMENT3D(#533,#534,#535);
#537=IFCDIRECTION((0.,0.,1.));
#538=IFCEXTRUDEDAREASOLID(#467,#536,#537,3.5);
#539=IFCSHAPEREPRESENTATION(#13,'Body','SweptSolid',(#538));
#540=IFCPRODUCTDEFINITIONSHAPE($,$,(#539));
#541=IFCOWNERHISTORY(#3,#5,.READWRITE.,.ADDED.,1777761465,#3,#5,1777761465);
#542=IFCPROPERTYSET('0g7oorUw54kuHQA9Ir$nvP',#541,'Pset_ElementMark',$,(#545,#546,#547,#548));
#543=IFCOWNERHISTORY(#3,#5,.READWRITE.,.ADDED.,1777761465,#3,#5,1777761465);
#544=IFCRELDEFINESBYPROPERTIES('0X9wB5dSXBo8suDAIwQ0Sl',#543,$,$,(#527),#542);
#545=IFCPROPERTYSINGLEVALUE('Mark',$,IFCLABEL('COL-A3-GF'),$);
#546=IFCPROPERTYSINGLEVALUE('ElementType',$,IFCLABEL('Column'),$);
#547=IFCPROPERTYSINGLEVALUE('GridRef',$,IFCLABEL('A3'),$);
#548=IFCPROPERTYSINGLEVALUE('Level',$,IFCLABEL('GF'),$);
#549=IFCCARTESIANPOINT((12.,0.,0.));
#550=IFCDIRECTION((0.,0.,1.));
#551=IFCDIRECTION((1.,0.,0.));
#552=IFCAXIS2PLACEMENT3D(#549,#550,#551);
#553=IFCLOCALPLACEMENT($,#552);
#554=IFCOWNERHISTORY(#3,#5,.READWRITE.,.MODIFIED.,1777761465,#3,#5,1777761465);
#555=IFCCOLUMN('1Z1BRx0sT4HvqmfAKL8Oms',#554,'COL-A4-GF',$,$,#581,#568,$);
#561=IFCCARTESIANPOINT((0.,0.,0.));
#562=IFCDIRECTION((0.,0.,1.));
#563=IFCDIRECTION((1.,0.,0.));
#564=IFCAXIS2PLACEMENT3D(#561,#562,#563);
#565=IFCDIRECTION((0.,0.,1.));
#566=IFCEXTRUDEDAREASOLID(#467,#564,#565,3.5);
#567=IFCSHAPEREPRESENTATION(#13,'Body','SweptSolid',(#566));
#568=IFCPRODUCTDEFINITIONSHAPE($,$,(#567));
#569=IFCOWNERHISTORY(#3,#5,.READWRITE.,.ADDED.,1777761465,#3,#5,1777761465);
#570=IFCPROPERTYSET('1p3fQwJZr1Vv8JUHVmVUs2',#569,'Pset_ElementMark',$,(#573,#574,#575,#576));
#571=IFCOWNERHISTORY(#3,#5,.READWRITE.,.ADDED.,1777761465,#3,#5,1777761465);
#572=IFCRELDEFINESBYPROPERTIES('2AkH$xEYH2B8n1I6meEDuQ',#571,$,$,(#555),#570);
#573=IFCPROPERTYSINGLEVALUE('Mark',$,IFCLABEL('COL-A4-GF'),$);
#574=IFCPROPERTYSINGLEVALUE('ElementType',$,IFCLABEL('Column'),$);
#575=IFCPROPERTYSINGLEVALUE('GridRef',$,IFCLABEL('A4'),$);
#576=IFCPROPERTYSINGLEVALUE('Level',$,IFCLABEL('GF'),$);
#577=IFCCARTESIANPOINT((18.,0.,0.));
#578=IFCDIRECTION((0.,0.,1.));
#579=IFCDIRECTION((1.,0.,0.));
#580=IFCAXIS2PLACEMENT3D(#577,#578,#579);
#581=IFCLOCALPLACEMENT($,#580);
#582=IFCOWNERHISTORY(#3,#5,.READWRITE.,.MODIFIED.,1777761465,#3,#5,1777761465);
#583=IFCCOLUMN('0lBTldqij3q8cYy2LsQKWk',#582,'COL-B1-GF',$,$,#609,#596,$);
#589=IFCCARTESIANPOINT((0.,0.,0.));
#590=IFCDIRECTION((0.,0.,1.));
#591=IFCDIRECTION((1.,0.,0.));
#592=IFCAXIS2PLACEMENT3D(#589,#590,#591);
#593=IFCDIRECTION((0.,0.,1.));
#594=IFCEXTRUDEDAREASOLID(#467,#592,#593,3.5);
#595=IFCSHAPEREPRESENTATION(#13,'Body','SweptSolid',(#594));
#596=IFCPRODUCTDEFINITIONSHAPE($,$,(#595));
#597=IFCOWNERHISTORY(#3,#5,.READWRITE.,.ADDED.,1777761465,#3,#5,1777761465);
#598=IFCPROPERTYSET('3PPFf$sED4JeEZWHVstrzG',#597,'Pset_ElementMark',$,(#601,#602,#603,#604));
#599=IFCOWNERHISTORY(#3,#5,.READWRITE.,.ADDED.,1777761465,#3,#5,1777761465);
#600=IFCRELDEFINESBYPROPERTIES('3EmlhgwjL3Ivgzw8iERuQ8',#599,$,$,(#583),#598);
#601=IFCPROPERTYSINGLEVALUE('Mark',$,IFCLABEL('COL-B1-GF'),$);
#602=IFCPROPERTYSINGLEVALUE('ElementType',$,IFCLABEL('Column'),$);
#603=IFCPROPERTYSINGLEVALUE('GridRef',$,IFCLABEL('B1'),$);
#604=IFCPROPERTYSINGLEVALUE('Level',$,IFCLABEL('GF'),$);
#605=IFCCARTESIANPOINT((0.,6.,0.));
#606=IFCDIRECTION((0.,0.,1.));
#607=IFCDIRECTION((1.,0.,0.));
#608=IFCAXIS2PLACEMENT3D(#605,#606,#607);
#609=IFCLOCALPLACEMENT($,#608);
#610=IFCOWNERHISTORY(#3,#5,.READWRITE.,.MODIFIED.,1777761465,#3,#5,1777761465);
#611=IFCCOLUMN('3P61Ah7PDBxhCH5WQe$WOK',#610,'COL-B2-GF',$,$,#637,#624,$);
#617=IFCCARTESIANPOINT((0.,0.,0.));
#618=IFCDIRECTION((0.,0.,1.));
#619=IFCDIRECTION((1.,0.,0.));
#620=IFCAXIS2PLACEMENT3D(#617,#618,#619);
#621=IFCDIRECTION((0.,0.,1.));
#622=IFCEXTRUDEDAREASOLID(#467,#620,#621,3.5);
#623=IFCSHAPEREPRESENTATION(#13,'Body','SweptSolid',(#622));
#624=IFCPRODUCTDEFINITIONSHAPE($,$,(#623));
#625=IFCOWNERHISTORY(#3,#5,.READWRITE.,.ADDED.,1777761465,#3,#5,1777761465);
#626=IFCPROPERTYSET('1udnxUE9D1VvgqOArTKGf1',#625,'Pset_ElementMark',$,(#629,#630,#631,#632));
#627=IFCOWNERHISTORY(#3,#5,.READWRITE.,.ADDED.,1777761465,#3,#5,1777761465);
#628=IFCRELDEFINESBYPROPERTIES('3Bo_roqyL7wxRFY7wNU1oR',#627,$,$,(#611),#626);
#629=IFCPROPERTYSINGLEVALUE('Mark',$,IFCLABEL('COL-B2-GF'),$);
#630=IFCPROPERTYSINGLEVALUE('ElementType',$,IFCLABEL('Column'),$);
#631=IFCPROPERTYSINGLEVALUE('GridRef',$,IFCLABEL('B2'),$);
#632=IFCPROPERTYSINGLEVALUE('Level',$,IFCLABEL('GF'),$);
#633=IFCCARTESIANPOINT((6.,6.,0.));
#634=IFCDIRECTION((0.,0.,1.));
#635=IFCDIRECTION((1.,0.,0.));
#636=IFCAXIS2PLACEMENT3D(#633,#634,#635);
#637=IFCLOCALPLACEMENT($,#636);
#638=IFCOWNERHISTORY(#3,#5,.READWRITE.,.MODIFIED.,1777761465,#3,#5,1777761465);
#639=IFCCOLUMN('2EQSQlDjn2zxQIAKnLGaGI',#638,'COL-B3-GF',$,$,#665,#652,$);
#645=IFCCARTESIANPOINT((0.,0.,0.));
#646=IFCDIRECTION((0.,0.,1.));
#647=IFCDIRECTION((1.,0.,0.));
#648=IFCAXIS2PLACEMENT3D(#645,#646,#647);
#649=IFCDIRECTION((0.,0.,1.));
#650=IFCEXTRUDEDAREASOLID(#467,#648,#649,3.5);
#651=IFCSHAPEREPRESENTATION(#13,'Body','SweptSolid',(#650));
#652=IFCPRODUCTDEFINITIONSHAPE($,$,(#651));
#653=IFCOWNERHISTORY(#3,#5,.READWRITE.,.ADDED.,1777761465,#3,#5,1777761465);
#654=IFCPROPERTYSET('2YTX5Aj$X7DwasjC1rIXGS',#653,'Pset_ElementMark',$,(#657,#658,#659,#660));
#655=IFCOWNERHISTORY(#3,#5,.READWRITE.,.ADDED.,1777761465,#3,#5,1777761465);
#656=IFCRELDEFINESBYPROPERTIES('0LeaD3ncnF_enQLZGYrT18',#655,$,$,(#639),#654);
#657=IFCPROPERTYSINGLEVALUE('Mark',$,IFCLABEL('COL-B3-GF'),$);
#658=IFCPROPERTYSINGLEVALUE('ElementType',$,IFCLABEL('Column'),$);
#659=IFCPROPERTYSINGLEVALUE('GridRef',$,IFCLABEL('B3'),$);
#660=IFCPROPERTYSINGLEVALUE('Level',$,IFCLABEL('GF'),$);
#661=IFCCARTESIANPOINT((12.,6.,0.));
#662=IFCDIRECTION((0.,0.,1.));
#663=IFCDIRECTION((1.,0.,0.));
#664=IFCAXIS2PLACEMENT3D(#661,#662,#663);
#665=IFCLOCALPLACEMENT($,#664);
#666=IFCOWNERHISTORY(#3,#5,.READWRITE.,.MODIFIED.,1777761465,#3,#5,1777761465);
#667=IFCCOLUMN('2yt$hbiA11QhK8au7AeMGF',#666,'COL-B4-GF',$,$,#693,#680,$);
#673=IFCCARTESIANPOINT((0.,0.,0.));
#674=IFCDIRECTION((0.,0.,1.));
#675=IFCDIRECTION((1.,0.,0.));
#676=IFCAXIS2PLACEMENT3D(#673,#674,#675);
#677=IFCDIRECTION((0.,0.,1.));
#678=IFCEXTRUDEDAREASOLID(#467,#676,#677,3.5);
#679=IFCSHAPEREPRESENTATION(#13,'Body','SweptSolid',(#678));
#680=IFCPRODUCTDEFINITIONSHAPE($,$,(#679));
#681=IFCOWNERHISTORY(#3,#5,.READWRITE.,.ADDED.,1777761465,#3,#5,1777761465);
#682=IFCPROPERTYSET('1XfMPXn3b7oAQFFF_CFGDV',#681,'Pset_ElementMark',$,(#685,#686,#687,#688));
#683=IFCOWNERHISTORY(#3,#5,.READWRITE.,.ADDED.,1777761465,#3,#5,1777761465);
#684=IFCRELDEFINESBYPROPERTIES('0YV6dYByDA4gdXOuNgUrRL',#683,$,$,(#667),#682);
#685=IFCPROPERTYSINGLEVALUE('Mark',$,IFCLABEL('COL-B4-GF'),$);
#686=IFCPROPERTYSINGLEVALUE('ElementType',$,IFCLABEL('Column'),$);
#687=IFCPROPERTYSINGLEVALUE('GridRef',$,IFCLABEL('B4'),$);
#688=IFCPROPERTYSINGLEVALUE('Level',$,IFCLABEL('GF'),$);
#689=IFCCARTESIANPOINT((18.,6.,0.));
#690=IFCDIRECTION((0.,0.,1.));
#691=IFCDIRECTION((1.,0.,0.));
#692=IFCAXIS2PLACEMENT3D(#689,#690,#691);
#693=IFCLOCALPLACEMENT($,#692);
#694=IFCOWNERHISTORY(#3,#5,.READWRITE.,.MODIFIED.,1777761465,#3,#5,1777761465);
#695=IFCCOLUMN('3Pd9BNeBP6PA3hY__hFH$x',#694,'COL-C1-GF',$,$,#721,#708,$);
#701=IFCCARTESIANPOINT((0.,0.,0.));
#702=IFCDIRECTION((0.,0.,1.));
#703=IFCDIRECTION((1.,0.,0.));
#704=IFCAXIS2PLACEMENT3D(#701,#702,#703);
#705=IFCDIRECTION((0.,0.,1.));
#706=IFCEXTRUDEDAREASOLID(#467,#704,#705,3.5);
#707=IFCSHAPEREPRESENTATION(#13,'Body','SweptSolid',(#706));
#708=IFCPRODUCTDEFINITIONSHAPE($,$,(#707));
#709=IFCOWNERHISTORY(#3,#5,.READWRITE.,.ADDED.,1777761465,#3,#5,1777761465);
#710=IFCPROPERTYSET('3$IX_FMNfCxRJe5YPD0VOL',#709,'Pset_ElementMark',$,(#713,#714,#715,#716));
#711=IFCOWNERHISTORY(#3,#5,.READWRITE.,.ADDED.,1777761465,#3,#5,1777761465);
#712=IFCRELDEFINESBYPROPERTIES('0vW3xkMLPFievuFfQclHtv',#711,$,$,(#695),#710);
#713=IFCPROPERTYSINGLEVALUE('Mark',$,IFCLABEL('COL-C1-GF'),$);
#714=IFCPROPERTYSINGLEVALUE('ElementType',$,IFCLABEL('Column'),$);
#715=IFCPROPERTYSINGLEVALUE('GridRef',$,IFCLABEL('C1'),$);
#716=IFCPROPERTYSINGLEVALUE('Level',$,IFCLABEL('GF'),$);
#717=IFCCARTESIANPOINT((0.,12.,0.));
#718=IFCDIRECTION((0.,0.,1.));
#719=IFCDIRECTION((1.,0.,0.));
#720=IFCAXIS2PLACEMENT3D(#717,#718,#719);
#721=IFCLOCALPLACEMENT($,#720);
#722=IFCOWNERHISTORY(#3,#5,.READWRITE.,.MODIFIED.,1777761465,#3,#5,1777761465);
#723=IFCCOLUMN('0AP8Xp7lv7RxA9Gvb1ySaD',#722,'COL-C2-GF',$,$,#749,#736,$);
#729=IFCCARTESIANPOINT((0.,0.,0.));
#730=IFCDIRECTION((0.,0.,1.));
#731=IFCDIRECTION((1.,0.,0.));
#732=IFCAXIS2PLACEMENT3D(#729,#730,#731);
#733=IFCDIRECTION((0.,0.,1.));
#734=IFCEXTRUDEDAREASOLID(#467,#732,#733,3.5);
#735=IFCSHAPEREPRESENTATION(#13,'Body','SweptSolid',(#734));
#736=IFCPRODUCTDEFINITIONSHAPE($,$,(#735));
#737=IFCOWNERHISTORY(#3,#5,.READWRITE.,.ADDED.,1777761465,#3,#5,1777761465);
#738=IFCPROPERTYSET('3_B9ZV_qz2fg2iKjMyGh_O',#737,'Pset_ElementMark',$,(#741,#742,#743,#744));
#739=IFCOWNERHISTORY(#3,#5,.READWRITE.,.ADDED.,1777761465,#3,#5,1777761465);
#740=IFCRELDEFINESBYPROPERTIES('0IcSdz1gXBaACQnRm1cckn',#739,$,$,(#723),#738);
#741=IFCPROPERTYSINGLEVALUE('Mark',$,IFCLABEL('COL-C2-GF'),$);
#742=IFCPROPERTYSINGLEVALUE('ElementType',$,IFCLABEL('Column'),$);
#743=IFCPROPERTYSINGLEVALUE('GridRef',$,IFCLABEL('C2'),$);
#744=IFCPROPERTYSINGLEVALUE('Level',$,IFCLABEL('GF'),$);
#745=IFCCARTESIANPOINT((6.,12.,0.));
#746=IFCDIRECTION((0.,0.,1.));
#747=IFCDIRECTION((1.,0.,0.));
#748=IFCAXIS2PLACEMENT3D(#745,#746,#747);
#749=IFCLOCALPLACEMENT($,#748);
#750=IFCOWNERHISTORY(#3,#5,.READWRITE.,.MODIFIED.,1777761465,#3,#5,1777761465);
#751=IFCCOLUMN('3qOM0q7trFCOiwwqrwLdqt',#750,'COL-C3-GF',$,$,#777,#764,$);
#757=IFCCARTESIANPOINT((0.,0.,0.));
#758=IFCDIRECTION((0.,0.,1.));
#759=IFCDIRECTION((1.,0.,0.));
#760=IFCAXIS2PLACEMENT3D(#757,#758,#759);
#761=IFCDIRECTION((0.,0.,1.));
#762=IFCEXTRUDEDAREASOLID(#467,#760,#761,3.5);
#763=IFCSHAPEREPRESENTATION(#13,'Body','SweptSolid',(#762));
#764=IFCPRODUCTDEFINITIONSHAPE($,$,(#763));
#765=IFCOWNERHISTORY(#3,#5,.READWRITE.,.ADDED.,1777761465,#3,#5,1777761465);
#766=IFCPROPERTYSET('35D41DF7P3yP6VWx4ClHuT',#765,'Pset_ElementMark',$,(#769,#770,#771,#772));
#767=IFCOWNERHISTORY(#3,#5,.READWRITE.,.ADDED.,1777761465,#3,#5,1777761465);
#768=IFCRELDEFINESBYPROPERTIES('2AtCJWxRTAvBhHef$7I7dN',#767,$,$,(#751),#766);
#769=IFCPROPERTYSINGLEVALUE('Mark',$,IFCLABEL('COL-C3-GF'),$);
#770=IFCPROPERTYSINGLEVALUE('ElementType',$,IFCLABEL('Column'),$);
#771=IFCPROPERTYSINGLEVALUE('GridRef',$,IFCLABEL('C3'),$);
#772=IFCPROPERTYSINGLEVALUE('Level',$,IFCLABEL('GF'),$);
#773=IFCCARTESIANPOINT((12.,12.,0.));
#774=IFCDIRECTION((0.,0.,1.));
#775=IFCDIRECTION((1.,0.,0.));
#776=IFCAXIS2PLACEMENT3D(#773,#774,#775);
#777=IFCLOCALPLACEMENT($,#776);
#778=IFCOWNERHISTORY(#3,#5,.READWRITE.,.MODIFIED.,1777761465,#3,#5,1777761465);
#779=IFCCOLUMN('1s9aeZBAr9$OeTFbzsyFlc',#778,'COL-C4-GF',$,$,#805,#792,$);
#785=IFCCARTESIANPOINT((0.,0.,0.));
#786=IFCDIRECTION((0.,0.,1.));
#787=IFCDIRECTION((1.,0.,0.));
#788=IFCAXIS2PLACEMENT3D(#785,#786,#787);
#789=IFCDIRECTION((0.,0.,1.));
#790=IFCEXTRUDEDAREASOLID(#467,#788,#789,3.5);
#791=IFCSHAPEREPRESENTATION(#13,'Body','SweptSolid',(#790));
#792=IFCPRODUCTDEFINITIONSHAPE($,$,(#791));
#793=IFCOWNERHISTORY(#3,#5,.READWRITE.,.ADDED.,1777761465,#3,#5,1777761465);
#794=IFCPROPERTYSET('0WqBeX3j90dezLP8EUwgLJ',#793,'Pset_ElementMark',$,(#797,#798,#799,#800));
#795=IFCOWNERHISTORY(#3,#5,.READWRITE.,.ADDED.,1777761465,#3,#5,1777761465);
#796=IFCRELDEFINESBYPROPERTIES('1H1s8FDu52CPKrm_eUdXZv',#795,$,$,(#779),#794);
#797=IFCPROPERTYSINGLEVALUE('Mark',$,IFCLABEL('COL-C4-GF'),$);
#798=IFCPROPERTYSINGLEVALUE('ElementType',$,IFCLABEL('Column'),$);
#799=IFCPROPERTYSINGLEVALUE('GridRef',$,IFCLABEL('C4'),$);
#800=IFCPROPERTYSINGLEVALUE('Level',$,IFCLABEL('GF'),$);
#801=IFCCARTESIANPOINT((18.,12.,0.));
#802=IFCDIRECTION((0.,0.,1.));
#803=IFCDIRECTION((1.,0.,0.));
#804=IFCAXIS2PLACEMENT3D(#801,#802,#803);
#805=IFCLOCALPLACEMENT($,#804);
#806=IFCOWNERHISTORY(#3,#5,.READWRITE.,.MODIFIED.,1777761465,#3,#5,1777761465);
#807=IFCCOLUMN('0tLNfixzT9uuFS8omnVpwm',#806,'COL-D1-GF',$,$,#833,#820,$);
#813=IFCCARTESIANPOINT((0.,0.,0.));
#814=IFCDIRECTION((0.,0.,1.));
#815=IFCDIRECTION((1.,0.,0.));
#816=IFCAXIS2PLACEMENT3D(#813,#814,#815);
#817=IFCDIRECTION((0.,0.,1.));
#818=IFCEXTRUDEDAREASOLID(#467,#816,#817,3.5);
#819=IFCSHAPEREPRESENTATION(#13,'Body','SweptSolid',(#818));
#820=IFCPRODUCTDEFINITIONSHAPE($,$,(#819));
#821=IFCOWNERHISTORY(#3,#5,.READWRITE.,.ADDED.,1777761465,#3,#5,1777761465);
#822=IFCPROPERTYSET('2q4z7iYVP3RvNuzintc45X',#821,'Pset_ElementMark',$,(#825,#826,#827,#828));
#823=IFCOWNERHISTORY(#3,#5,.READWRITE.,.ADDED.,1777761465,#3,#5,1777761465);
#824=IFCRELDEFINESBYPROPERTIES('3j2B5$YXL3aAM1M3Y4gCVo',#823,$,$,(#807),#822);
#825=IFCPROPERTYSINGLEVALUE('Mark',$,IFCLABEL('COL-D1-GF'),$);
#826=IFCPROPERTYSINGLEVALUE('ElementType',$,IFCLABEL('Column'),$);
#827=IFCPROPERTYSINGLEVALUE('GridRef',$,IFCLABEL('D1'),$);
#828=IFCPROPERTYSINGLEVALUE('Level',$,IFCLABEL('GF'),$);
#829=IFCCARTESIANPOINT((0.,18.,0.));
#830=IFCDIRECTION((0.,0.,1.));
#831=IFCDIRECTION((1.,0.,0.));
#832=IFCAXIS2PLACEMENT3D(#829,#830,#831);
#833=IFCLOCALPLACEMENT($,#832);
#834=IFCOWNERHISTORY(#3,#5,.READWRITE.,.MODIFIED.,1777761465,#3,#5,1777761465);
#835=IFCCOLUMN('121PzKGun6JhDpdE59cx01',#834,'COL-D2-GF',$,$,#861,#848,$);
#841=IFCCARTESIANPOINT((0.,0.,0.));
#842=IFCDIRECTION((0.,0.,1.));
#843=IFCDIRECTION((1.,0.,0.));
#844=IFCAXIS2PLACEMENT3D(#841,#842,#843);
#845=IFCDIRECTION((0.,0.,1.));
#846=IFCEXTRUDEDAREASOLID(#467,#844,#845,3.5);
#847=IFCSHAPEREPRESENTATION(#13,'Body','SweptSolid',(#846));
#848=IFCPRODUCTDEFINITIONSHAPE($,$,(#847));
#849=IFCOWNERHISTORY(#3,#5,.READWRITE.,.ADDED.,1777761465,#3,#5,1777761465);
#850=IFCPROPERTYSET('24FkDpz1X90xqwgTTCS9LD',#849,'Pset_ElementMark',$,(#853,#854,#855,#856));
#851=IFCOWNERHISTORY(#3,#5,.READWRITE.,.ADDED.,1777761465,#3,#5,1777761465);
#852=IFCRELDEFINESBYPROPERTIES('18VfAyFv5FvvuYtYd9r10q',#851,$,$,(#835),#850);
#853=IFCPROPERTYSINGLEVALUE('Mark',$,IFCLABEL('COL-D2-GF'),$);
#854=IFCPROPERTYSINGLEVALUE('ElementType',$,IFCLABEL('Column'),$);
#855=IFCPROPERTYSINGLEVALUE('GridRef',$,IFCLABEL('D2'),$);
#856=IFCPROPERTYSINGLEVALUE('Level',$,IFCLABEL('GF'),$);
#857=IFCCARTESIANPOINT((6.,18.,0.));
#858=IFCDIRECTION((0.,0.,1.));
#859=IFCDIRECTION((1.,0.,0.));
#860=IFCAXIS2PLACEMENT3D(#857,#858,#859);
#861=IFCLOCALPLACEMENT($,#860);
#862=IFCOWNERHISTORY(#3,#5,.READWRITE.,.MODIFIED.,1777761465,#3,#5,1777761465);
#863=IFCCOLUMN('3snh5_jVX7RfMQ0kwyDPgx',#862,'COL-D3-GF',$,$,#889,#876,$);
#869=IFCCARTESIANPOINT((0.,0.,0.));
#870=IFCDIRECTION((0.,0.,1.));
#871=IFCDIRECTION((1.,0.,0.));
#872=IFCAXIS2PLACEMENT3D(#869,#870,#871);
#873=IFCDIRECTION((0.,0.,1.));
#874=IFCEXTRUDEDAREASOLID(#467,#872,#873,3.5);
#875=IFCSHAPEREPRESENTATION(#13,'Body','SweptSolid',(#874));
#876=IFCPRODUCTDEFINITIONSHAPE($,$,(#875));
#877=IFCOWNERHISTORY(#3,#5,.READWRITE.,.ADDED.,1777761465,#3,#5,1777761465);
#878=IFCPROPERTYSET('3ZhPzQkr91$uqnHFLdX_JD',#877,'Pset_ElementMark',$,(#881,#882,#883,#884));
#879=IFCOWNERHISTORY(#3,#5,.READWRITE.,.ADDED.,1777761465,#3,#5,1777761465);
#880=IFCRELDEFINESBYPROPERTIES('3Q6BBe8fD3dOAWe4xNwc_M',#879,$,$,(#863),#878);
#881=IFCPROPERTYSINGLEVALUE('Mark',$,IFCLABEL('COL-D3-GF'),$);
#882=IFCPROPERTYSINGLEVALUE('ElementType',$,IFCLABEL('Column'),$);
#883=IFCPROPERTYSINGLEVALUE('GridRef',$,IFCLABEL('D3'),$);
#884=IFCPROPERTYSINGLEVALUE('Level',$,IFCLABEL('GF'),$);
#885=IFCCARTESIANPOINT((12.,18.,0.));
#886=IFCDIRECTION((0.,0.,1.));
#887=IFCDIRECTION((1.,0.,0.));
#888=IFCAXIS2PLACEMENT3D(#885,#886,#887);
#889=IFCLOCALPLACEMENT($,#888);
#890=IFCOWNERHISTORY(#3,#5,.READWRITE.,.MODIFIED.,1777761465,#3,#5,1777761465);
#891=IFCCOLUMN('3NDaftLyLF49OAZqQOcYkb',#890,'COL-D4-GF',$,$,#917,#904,$);
#897=IFCCARTESIANPOINT((0.,0.,0.));
#898=IFCDIRECTION((0.,0.,1.));
#899=IFCDIRECTION((1.,0.,0.));
#900=IFCAXIS2PLACEMENT3D(#897,#898,#899);
#901=IFCDIRECTION((0.,0.,1.));
#902=IFCEXTRUDEDAREASOLID(#467,#900,#901,3.5);
#903=IFCSHAPEREPRESENTATION(#13,'Body','SweptSolid',(#902));
#904=IFCPRODUCTDEFINITIONSHAPE($,$,(#903));
#905=IFCOWNERHISTORY(#3,#5,.READWRITE.,.ADDED.,1777761465,#3,#5,1777761465);
#906=IFCPROPERTYSET('37eiPUtpH8mxgnO_59kNbg',#905,'Pset_ElementMark',$,(#909,#910,#911,#912));
#907=IFCOWNERHISTORY(#3,#5,.READWRITE.,.ADDED.,1777761465,#3,#5,1777761465);
#908=IFCRELDEFINESBYPROPERTIES('12gHyW1XbAwhuoPG68wBlS',#907,$,$,(#891),#906);
#909=IFCPROPERTYSINGLEVALUE('Mark',$,IFCLABEL('COL-D4-GF'),$);
#910=IFCPROPERTYSINGLEVALUE('ElementType',$,IFCLABEL('Column'),$);
#911=IFCPROPERTYSINGLEVALUE('GridRef',$,IFCLABEL('D4'),$);
#912=IFCPROPERTYSINGLEVALUE('Level',$,IFCLABEL('GF'),$);
#913=IFCCARTESIANPOINT((18.,18.,0.));
#914=IFCDIRECTION((0.,0.,1.));
#915=IFCDIRECTION((1.,0.,0.));
#916=IFCAXIS2PLACEMENT3D(#913,#914,#915);
#917=IFCLOCALPLACEMENT($,#916);
#918=IFCOWNERHISTORY(#3,#5,.READWRITE.,.MODIFIED.,1777761465,#3,#5,1777761465);
#919=IFCCOLUMN('2cp5OebMLCk8_9LtURDc5f',#918,'COL-A1-L1',$,$,#947,#932,$);
#925=IFCCARTESIANPOINT((0.,0.,0.));
#926=IFCDIRECTION((0.,0.,1.));
#927=IFCDIRECTION((1.,0.,0.));
#928=IFCAXIS2PLACEMENT3D(#925,#926,#927);
#929=IFCDIRECTION((0.,0.,1.));
#930=IFCEXTRUDEDAREASOLID(#467,#928,#929,3.5);
#931=IFCSHAPEREPRESENTATION(#13,'Body','SweptSolid',(#930));
#932=IFCPRODUCTDEFINITIONSHAPE($,$,(#931));
#933=IFCOWNERHISTORY(#3,#5,.READWRITE.,.ADDED.,1777761465,#3,#5,1777761465);
#934=IFCPROPERTYSET('2mgu7dSX9DCPX1ZyKwpSVC',#933,'Pset_ElementMark',$,(#937,#938,#939,#940));
#935=IFCOWNERHISTORY(#3,#5,.READWRITE.,.ADDED.,1777761465,#3,#5,1777761465);
#936=IFCRELDEFINESBYPROPERTIES('2mxZuX5qz3he_76sZgpm9i',#935,$,$,(#919),#934);
#937=IFCPROPERTYSINGLEVALUE('Mark',$,IFCLABEL('COL-A1-L1'),$);
#938=IFCPROPERTYSINGLEVALUE('ElementType',$,IFCLABEL('Column'),$);
#939=IFCPROPERTYSINGLEVALUE('GridRef',$,IFCLABEL('A1'),$);
#940=IFCPROPERTYSINGLEVALUE('Level',$,IFCLABEL('L1'),$);
#941=IFCOWNERHISTORY(#3,#5,.READWRITE.,.MODIFIED.,1777761465,#3,#5,1777761465);
#942=IFCRELCONTAINEDINSPATIALSTRUCTURE('1sJLhqtpD79wszbT9NeLZD',#941,$,$,(#2940,#2744,#1089,#1201,#1005,#1313,#4201,#4313,#2856,#3052,#4117,#2548,#4229,#2660,#2968,#1117,#919,#3080,#2772,#1229,#1033,#1145,#2576,#2884,#4145,#4257,#2688,#2800,#2996,#3108,#2492,#1341,#2604,#949,#2912,#4173,#1257,#2520,#2716,#2828,#1061,#4089,#1173,#2632,#977,#1285,#4285,#3024,#3136),#27);
#943=IFCCARTESIANPOINT((0.,0.,3.5));
#944=IFCDIRECTION((0.,0.,1.));
#945=IFCDIRECTION((1.,0.,0.));
#946=IFCAXIS2PLACEMENT3D(#943,#944,#945);
#947=IFCLOCALPLACEMENT($,#946);
#948=IFCOWNERHISTORY(#3,#5,.READWRITE.,.MODIFIED.,1777761465,#3,#5,1777761465);
#949=IFCCOLUMN('2w$X_YqRD8$uPixIcDqzLf',#948,'COL-A2-L1',$,$,#975,#962,$);
#955=IFCCARTESIANPOINT((0.,0.,0.));
#956=IFCDIRECTION((0.,0.,1.));
#957=IFCDIRECTION((1.,0.,0.));
#958=IFCAXIS2PLACEMENT3D(#955,#956,#957);
#959=IFCDIRECTION((0.,0.,1.));
#960=IFCEXTRUDEDAREASOLID(#467,#958,#959,3.5);
#961=IFCSHAPEREPRESENTATION(#13,'Body','SweptSolid',(#960));
#962=IFCPRODUCTDEFINITIONSHAPE($,$,(#961));
#963=IFCOWNERHISTORY(#3,#5,.READWRITE.,.ADDED.,1777761465,#3,#5,1777761465);
#964=IFCPROPERTYSET('1vQs$A5Oz9NxiYa_ZAAvoY',#963,'Pset_ElementMark',$,(#967,#968,#969,#970));
#965=IFCOWNERHISTORY(#3,#5,.READWRITE.,.ADDED.,1777761465,#3,#5,1777761465);
#966=IFCRELDEFINESBYPROPERTIES('3w6WYYuhTD3PNRemm$HKIj',#965,$,$,(#949),#964);
#967=IFCPROPERTYSINGLEVALUE('Mark',$,IFCLABEL('COL-A2-L1'),$);
#968=IFCPROPERTYSINGLEVALUE('ElementType',$,IFCLABEL('Column'),$);
#969=IFCPROPERTYSINGLEVALUE('GridRef',$,IFCLABEL('A2'),$);
#970=IFCPROPERTYSINGLEVALUE('Level',$,IFCLABEL('L1'),$);
#971=IFCCARTESIANPOINT((6.,0.,3.5));
#972=IFCDIRECTION((0.,0.,1.));
#973=IFCDIRECTION((1.,0.,0.));
#974=IFCAXIS2PLACEMENT3D(#971,#972,#973);
#975=IFCLOCALPLACEMENT($,#974);
#976=IFCOWNERHISTORY(#3,#5,.READWRITE.,.MODIFIED.,1777761465,#3,#5,1777761465);
#977=IFCCOLUMN('0Z6DRTkLT3582YddwXex96',#976,'COL-A3-L1',$,$,#1003,#990,$);
#983=IFCCARTESIANPOINT((0.,0.,0.));
#984=IFCDIRECTION((0.,0.,1.));
#985=IFCDIRECTION((1.,0.,0.));
#986=IFCAXIS2PLACEMENT3D(#983,#984,#985);
#987=IFCDIRECTION((0.,0.,1.));
#988=IFCEXTRUDEDAREASOLID(#467,#986,#987,3.5);
#989=IFCSHAPEREPRESENTATION(#13,'Body','SweptSolid',(#988));
#990=IFCPRODUCTDEFINITIONSHAPE($,$,(#989));
#991=IFCOWNERHISTORY(#3,#5,.READWRITE.,.ADDED.,1777761465,#3,#5,1777761465);
#992=IFCPROPERTYSET('36y16Dd$f4jgOZPzNN7Ts0',#991,'Pset_ElementMark',$,(#995,#996,#997,#998));
#993=IFCOWNERHISTORY(#3,#5,.READWRITE.,.ADDED.,1777761465,#3,#5,1777761465);
#994=IFCRELDEFINESBYPROPERTIES('2rOLkUvMr2ZP$KW9$MOliD',#993,$,$,(#977),#992);
#995=IFCPROPERTYSINGLEVALUE('Mark',$,IFCLABEL('COL-A3-L1'),$);
#996=IFCPROPERTYSINGLEVALUE('ElementType',$,IFCLABEL('Column'),$);
#997=IFCPROPERTYSINGLEVALUE('GridRef',$,IFCLABEL('A3'),$);
#998=IFCPROPERTYSINGLEVALUE('Level',$,IFCLABEL('L1'),$);
#999=IFCCARTESIANPOINT((12.,0.,3.5));
#1000=IFCDIRECTION((0.,0.,1.));
#1001=IFCDIRECTION((1.,0.,0.));
#1002=IFCAXIS2PLACEMENT3D(#999,#1000,#1001);
#1003=IFCLOCALPLACEMENT($,#1002);
#1004=IFCOWNERHISTORY(#3,#5,.READWRITE.,.MODIFIED.,1777761465,#3,#5,1777761465);
#1005=IFCCOLUMN('17rvXTIT57b8NdCQ9gu0qi',#1004,'COL-A4-L1',$,$,#1031,#1018,$);
#1011=IFCCARTESIANPOINT((0.,0.,0.));
#1012=IFCDIRECTION((0.,0.,1.));
#1013=IFCDIRECTION((1.,0.,0.));
#1014=IFCAXIS2PLACEMENT3D(#1011,#1012,#1013);
#1015=IFCDIRECTION((0.,0.,1.));
#1016=IFCEXTRUDEDAREASOLID(#467,#1014,#1015,3.5);
#1017=IFCSHAPEREPRESENTATION(#13,'Body','SweptSolid',(#1016));
#1018=IFCPRODUCTDEFINITIONSHAPE($,$,(#1017));
#1019=IFCOWNERHISTORY(#3,#5,.READWRITE.,.ADDED.,1777761465,#3,#5,1777761465);
#1020=IFCPROPERTYSET('3GbEwm5WbDURl4n4Zo7VDP',#1019,'Pset_ElementMark',$,(#1023,#1024,#1025,#1026));
#1021=IFCOWNERHISTORY(#3,#5,.READWRITE.,.ADDED.,1777761465,#3,#5,1777761465);
#1022=IFCRELDEFINESBYPROPERTIES('36Sr9b3nz05xpNpbhYxVTn',#1021,$,$,(#1005),#1020);
#1023=IFCPROPERTYSINGLEVALUE('Mark',$,IFCLABEL('COL-A4-L1'),$);
#1024=IFCPROPERTYSINGLEVALUE('ElementType',$,IFCLABEL('Column'),$);
#1025=IFCPROPERTYSINGLEVALUE('GridRef',$,IFCLABEL('A4'),$);
#1026=IFCPROPERTYSINGLEVALUE('Level',$,IFCLABEL('L1'),$);
#1027=IFCCARTESIANPOINT((18.,0.,3.5));
#1028=IFCDIRECTION((0.,0.,1.));
#1029=IFCDIRECTION((1.,0.,0.));
#1030=IFCAXIS2PLACEMENT3D(#1027,#1028,#1029);
#1031=IFCLOCALPLACEMENT($,#1030);
#1032=IFCOWNERHISTORY(#3,#5,.READWRITE.,.MODIFIED.,1777761465,#3,#5,1777761465);
#1033=IFCCOLUMN('0R4VxWbNvDdAwEiAcs5rtk',#1032,'COL-B1-L1',$,$,#1059,#1046,$);
#1039=IFCCARTESIANPOINT((0.,0.,0.));
#1040=IFCDIRECTION((0.,0.,1.));
#1041=IFCDIRECTION((1.,0.,0.));
#1042=IFCAXIS2PLACEMENT3D(#1039,#1040,#1041);
#1043=IFCDIRECTION((0.,0.,1.));
#1044=IFCEXTRUDEDAREASOLID(#467,#1042,#1043,3.5);
#1045=IFCSHAPEREPRESENTATION(#13,'Body','SweptSolid',(#1044));
#1046=IFCPRODUCTDEFINITIONSHAPE($,$,(#1045));
#1047=IFCOWNERHISTORY(#3,#5,.READWRITE.,.ADDED.,1777761465,#3,#5,1777761465);
#1048=IFCPROPERTYSET('2iwTjDS8123h5PmzRbqD1F',#1047,'Pset_ElementMark',$,(#1051,#1052,#1053,#1054));
#1049=IFCOWNERHISTORY(#3,#5,.READWRITE.,.ADDED.,1777761465,#3,#5,1777761465);
#1050=IFCRELDEFINESBYPROPERTIES('27BJDSt1f73wjLqconb5hy',#1049,$,$,(#1033),#1048);
#1051=IFCPROPERTYSINGLEVALUE('Mark',$,IFCLABEL('COL-B1-L1'),$);
#1052=IFCPROPERTYSINGLEVALUE('ElementType',$,IFCLABEL('Column'),$);
#1053=IFCPROPERTYSINGLEVALUE('GridRef',$,IFCLABEL('B1'),$);
#1054=IFCPROPERTYSINGLEVALUE('Level',$,IFCLABEL('L1'),$);
#1055=IFCCARTESIANPOINT((0.,6.,3.5));
#1056=IFCDIRECTION((0.,0.,1.));
#1057=IFCDIRECTION((1.,0.,0.));
#1058=IFCAXIS2PLACEMENT3D(#1055,#1056,#1057);
#1059=IFCLOCALPLACEMENT($,#1058);
#1060=IFCOWNERHISTORY(#3,#5,.READWRITE.,.MODIFIED.,1777761465,#3,#5,1777761465);
#1061=IFCCOLUMN('2vjw6i9zr0XOiFfSECbmYn',#1060,'COL-B2-L1',$,$,#1087,#1074,$);
#1067=IFCCARTESIANPOINT((0.,0.,0.));
#1068=IFCDIRECTION((0.,0.,1.));
#1069=IFCDIRECTION((1.,0.,0.));
#1070=IFCAXIS2PLACEMENT3D(#1067,#1068,#1069);
#1071=IFCDIRECTION((0.,0.,1.));
#1072=IFCEXTRUDEDAREASOLID(#467,#1070,#1071,3.5);
#1073=IFCSHAPEREPRESENTATION(#13,'Body','SweptSolid',(#1072));
#1074=IFCPRODUCTDEFINITIONSHAPE($,$,(#1073));
#1075=IFCOWNERHISTORY(#3,#5,.READWRITE.,.ADDED.,1777761465,#3,#5,1777761465);
#1076=IFCPROPERTYSET('0Qv2HtZvP4aR0a8nKbKsk7',#1075,'Pset_ElementMark',$,(#1079,#1080,#1081,#1082));
#1077=IFCOWNERHISTORY(#3,#5,.READWRITE.,.ADDED.,1777761465,#3,#5,1777761465);
#1078=IFCRELDEFINESBYPROPERTIES('3MwEReWlD2Eudbug5uS9vL',#1077,$,$,(#1061),#1076);
#1079=IFCPROPERTYSINGLEVALUE('Mark',$,IFCLABEL('COL-B2-L1'),$);
#1080=IFCPROPERTYSINGLEVALUE('ElementType',$,IFCLABEL('Column'),$);
#1081=IFCPROPERTYSINGLEVALUE('GridRef',$,IFCLABEL('B2'),$);
#1082=IFCPROPERTYSINGLEVALUE('Level',$,IFCLABEL('L1'),$);
#1083=IFCCARTESIANPOINT((6.,6.,3.5));
#1084=IFCDIRECTION((0.,0.,1.));
#1085=IFCDIRECTION((1.,0.,0.));
#1086=IFCAXIS2PLACEMENT3D(#1083,#1084,#1085);
#1087=IFCLOCALPLACEMENT($,#1086);
#1088=IFCOWNERHISTORY(#3,#5,.READWRITE.,.MODIFIED.,1777761465,#3,#5,1777761465);
#1089=IFCCOLUMN('3NHyTEgvfF6vax0FatpBe2',#1088,'COL-B3-L1',$,$,#1115,#1102,$);
#1095=IFCCARTESIANPOINT((0.,0.,0.));
#1096=IFCDIRECTION((0.,0.,1.));
#1097=IFCDIRECTION((1.,0.,0.));
#1098=IFCAXIS2PLACEMENT3D(#1095,#1096,#1097);
#1099=IFCDIRECTION((0.,0.,1.));
#1100=IFCEXTRUDEDAREASOLID(#467,#1098,#1099,3.5);
#1101=IFCSHAPEREPRESENTATION(#13,'Body','SweptSolid',(#1100));
#1102=IFCPRODUCTDEFINITIONSHAPE($,$,(#1101));
#1103=IFCOWNERHISTORY(#3,#5,.READWRITE.,.ADDED.,1777761465,#3,#5,1777761465);
#1104=IFCPROPERTYSET('1v$WobhB15$gxdyx8s_tlR',#1103,'Pset_ElementMark',$,(#1107,#1108,#1109,#1110));
#1105=IFCOWNERHISTORY(#3,#5,.READWRITE.,.ADDED.,1777761465,#3,#5,1777761465);
#1106=IFCRELDEFINESBYPROPERTIES('0Qs5xTqfz879WTj9k1V7N_',#1105,$,$,(#1089),#1104);
#1107=IFCPROPERTYSINGLEVALUE('Mark',$,IFCLABEL('COL-B3-L1'),$);
#1108=IFCPROPERTYSINGLEVALUE('ElementType',$,IFCLABEL('Column'),$);
#1109=IFCPROPERTYSINGLEVALUE('GridRef',$,IFCLABEL('B3'),$);
#1110=IFCPROPERTYSINGLEVALUE('Level',$,IFCLABEL('L1'),$);
#1111=IFCCARTESIANPOINT((12.,6.,3.5));
#1112=IFCDIRECTION((0.,0.,1.));
#1113=IFCDIRECTION((1.,0.,0.));
#1114=IFCAXIS2PLACEMENT3D(#1111,#1112,#1113);
#1115=IFCLOCALPLACEMENT($,#1114);
#1116=IFCOWNERHISTORY(#3,#5,.READWRITE.,.MODIFIED.,1777761465,#3,#5,1777761465);
#1117=IFCCOLUMN('1h3_do0RrBHPDXzdNp36NI',#1116,'COL-B4-L1',$,$,#1143,#1130,$);
#1123=IFCCARTESIANPOINT((0.,0.,0.));
#1124=IFCDIRECTION((0.,0.,1.));
#1125=IFCDIRECTION((1.,0.,0.));
#1126=IFCAXIS2PLACEMENT3D(#1123,#1124,#1125);
#1127=IFCDIRECTION((0.,0.,1.));
#1128=IFCEXTRUDEDAREASOLID(#467,#1126,#1127,3.5);
#1129=IFCSHAPEREPRESENTATION(#13,'Body','SweptSolid',(#1128));
#1130=IFCPRODUCTDEFINITIONSHAPE($,$,(#1129));
#1131=IFCOWNERHISTORY(#3,#5,.READWRITE.,.ADDED.,1777761465,#3,#5,1777761465);
#1132=IFCPROPERTYSET('1ussW142XDcODGRNrdPYIV',#1131,'Pset_ElementMark',$,(#1135,#1136,#1137,#1138));
#1133=IFCOWNERHISTORY(#3,#5,.READWRITE.,.ADDED.,1777761465,#3,#5,1777761465);
#1134=IFCRELDEFINESBYPROPERTIES('2trG$GPcXCsRRep2PT6nAE',#1133,$,$,(#1117),#1132);
#1135=IFCPROPERTYSINGLEVALUE('Mark',$,IFCLABEL('COL-B4-L1'),$);
#1136=IFCPROPERTYSINGLEVALUE('ElementType',$,IFCLABEL('Column'),$);
#1137=IFCPROPERTYSINGLEVALUE('GridRef',$,IFCLABEL('B4'),$);
#1138=IFCPROPERTYSINGLEVALUE('Level',$,IFCLABEL('L1'),$);
#1139=IFCCARTESIANPOINT((18.,6.,3.5));
#1140=IFCDIRECTION((0.,0.,1.));
#1141=IFCDIRECTION((1.,0.,0.));
#1142=IFCAXIS2PLACEMENT3D(#1139,#1140,#1141);
#1143=IFCLOCALPLACEMENT($,#1142);
#1144=IFCOWNERHISTORY(#3,#5,.READWRITE.,.MODIFIED.,1777761465,#3,#5,1777761465);
#1145=IFCCOLUMN('1kOOEuxRr4UeajcC5xqbKF',#1144,'COL-C1-L1',$,$,#1171,#1158,$);
#1151=IFCCARTESIANPOINT((0.,0.,0.));
#1152=IFCDIRECTION((0.,0.,1.));
#1153=IFCDIRECTION((1.,0.,0.));
#1154=IFCAXIS2PLACEMENT3D(#1151,#1152,#1153);
#1155=IFCDIRECTION((0.,0.,1.));
#1156=IFCEXTRUDEDAREASOLID(#467,#1154,#1155,3.5);
#1157=IFCSHAPEREPRESENTATION(#13,'Body','SweptSolid',(#1156));
#1158=IFCPRODUCTDEFINITIONSHAPE($,$,(#1157));
#1159=IFCOWNERHISTORY(#3,#5,.READWRITE.,.ADDED.,1777761465,#3,#5,1777761465);
#1160=IFCPROPERTYSET('0j9rA$k1f3wRpMvyi$k3Pz',#1159,'Pset_ElementMark',$,(#1163,#1164,#1165,#1166));
#1161=IFCOWNERHISTORY(#3,#5,.READWRITE.,.ADDED.,1777761465,#3,#5,1777761465);
#1162=IFCRELDEFINESBYPROPERTIES('27CbjKYFvCTxgiyIljKdgE',#1161,$,$,(#1145),#1160);
#1163=IFCPROPERTYSINGLEVALUE('Mark',$,IFCLABEL('COL-C1-L1'),$);
#1164=IFCPROPERTYSINGLEVALUE('ElementType',$,IFCLABEL('Column'),$);
#1165=IFCPROPERTYSINGLEVALUE('GridRef',$,IFCLABEL('C1'),$);
#1166=IFCPROPERTYSINGLEVALUE('Level',$,IFCLABEL('L1'),$);
#1167=IFCCARTESIANPOINT((0.,12.,3.5));
#1168=IFCDIRECTION((0.,0.,1.));
#1169=IFCDIRECTION((1.,0.,0.));
#1170=IFCAXIS2PLACEMENT3D(#1167,#1168,#1169);
#1171=IFCLOCALPLACEMENT($,#1170);
#1172=IFCOWNERHISTORY(#3,#5,.READWRITE.,.MODIFIED.,1777761465,#3,#5,1777761465);
#1173=IFCCOLUMN('1cQDTl2YP5R9NXqqAMoab6',#1172,'COL-C2-L1',$,$,#1199,#1186,$);
#1179=IFCCARTESIANPOINT((0.,0.,0.));
#1180=IFCDIRECTION((0.,0.,1.));
#1181=IFCDIRECTION((1.,0.,0.));
#1182=IFCAXIS2PLACEMENT3D(#1179,#1180,#1181);
#1183=IFCDIRECTION((0.,0.,1.));
#1184=IFCEXTRUDEDAREASOLID(#467,#1182,#1183,3.5);
#1185=IFCSHAPEREPRESENTATION(#13,'Body','SweptSolid',(#1184));
#1186=IFCPRODUCTDEFINITIONSHAPE($,$,(#1185));
#1187=IFCOWNERHISTORY(#3,#5,.READWRITE.,.ADDED.,1777761465,#3,#5,1777761465);
#1188=IFCPROPERTYSET('157h9SJ5j88gGmmSd8UpHA',#1187,'Pset_ElementMark',$,(#1191,#1192,#1193,#1194));
#1189=IFCOWNERHISTORY(#3,#5,.READWRITE.,.ADDED.,1777761465,#3,#5,1777761465);
#1190=IFCRELDEFINESBYPROPERTIES('3FSwwN2VL9KAgGtW3tJo0W',#1189,$,$,(#1173),#1188);
#1191=IFCPROPERTYSINGLEVALUE('Mark',$,IFCLABEL('COL-C2-L1'),$);
#1192=IFCPROPERTYSINGLEVALUE('ElementType',$,IFCLABEL('Column'),$);
#1193=IFCPROPERTYSINGLEVALUE('GridRef',$,IFCLABEL('C2'),$);
#1194=IFCPROPERTYSINGLEVALUE('Level',$,IFCLABEL('L1'),$);
#1195=IFCCARTESIANPOINT((6.,12.,3.5));
#1196=IFCDIRECTION((0.,0.,1.));
#1197=IFCDIRECTION((1.,0.,0.));
#1198=IFCAXIS2PLACEMENT3D(#1195,#1196,#1197);
#1199=IFCLOCALPLACEMENT($,#1198);
#1200=IFCOWNERHISTORY(#3,#5,.READWRITE.,.MODIFIED.,1777761465,#3,#5,1777761465);
#1201=IFCCOLUMN('3YaiEiXAb5bR1Yo5Z$37lZ',#1200,'COL-C3-L1',$,$,#1227,#1214,$);
#1207=IFCCARTESIANPOINT((0.,0.,0.));
#1208=IFCDIRECTION((0.,0.,1.));
#1209=IFCDIRECTION((1.,0.,0.));
#1210=IFCAXIS2PLACEMENT3D(#1207,#1208,#1209);
#1211=IFCDIRECTION((0.,0.,1.));
#1212=IFCEXTRUDEDAREASOLID(#467,#1210,#1211,3.5);
#1213=IFCSHAPEREPRESENTATION(#13,'Body','SweptSolid',(#1212));
#1214=IFCPRODUCTDEFINITIONSHAPE($,$,(#1213));
#1215=IFCOWNERHISTORY(#3,#5,.READWRITE.,.ADDED.,1777761465,#3,#5,1777761465);
#1216=IFCPROPERTYSET('0xzK_UieHDruY8RzIGVf$D',#1215,'Pset_ElementMark',$,(#1219,#1220,#1221,#1222));
#1217=IFCOWNERHISTORY(#3,#5,.READWRITE.,.ADDED.,1777761465,#3,#5,1777761465);
#1218=IFCRELDEFINESBYPROPERTIES('1rvUc6z3T2bPPpYow2dU4A',#1217,$,$,(#1201),#1216);
#1219=IFCPROPERTYSINGLEVALUE('Mark',$,IFCLABEL('COL-C3-L1'),$);
#1220=IFCPROPERTYSINGLEVALUE('ElementType',$,IFCLABEL('Column'),$);
#1221=IFCPROPERTYSINGLEVALUE('GridRef',$,IFCLABEL('C3'),$);
#1222=IFCPROPERTYSINGLEVALUE('Level',$,IFCLABEL('L1'),$);
#1223=IFCCARTESIANPOINT((12.,12.,3.5));
#1224=IFCDIRECTION((0.,0.,1.));
#1225=IFCDIRECTION((1.,0.,0.));
#1226=IFCAXIS2PLACEMENT3D(#1223,#1224,#1225);
#1227=IFCLOCALPLACEMENT($,#1226);
#1228=IFCOWNERHISTORY(#3,#5,.READWRITE.,.MODIFIED.,1777761465,#3,#5,1777761465);
#1229=IFCCOLUMN('0Xq1tUB7XDCvMmrXO1knrT',#1228,'COL-C4-L1',$,$,#1255,#1242,$);
#1235=IFCCARTESIANPOINT((0.,0.,0.));
#1236=IFCDIRECTION((0.,0.,1.));
#1237=IFCDIRECTION((1.,0.,0.));
#1238=IFCAXIS2PLACEMENT3D(#1235,#1236,#1237);
#1239=IFCDIRECTION((0.,0.,1.));
#1240=IFCEXTRUDEDAREASOLID(#467,#1238,#1239,3.5);
#1241=IFCSHAPEREPRESENTATION(#13,'Body','SweptSolid',(#1240));
#1242=IFCPRODUCTDEFINITIONSHAPE($,$,(#1241));
#1243=IFCOWNERHISTORY(#3,#5,.READWRITE.,.ADDED.,1777761465,#3,#5,1777761465);
#1244=IFCPROPERTYSET('3mVXxfBbT6ZRfMAhmaQbCB',#1243,'Pset_ElementMark',$,(#1247,#1248,#1249,#1250));
#1245=IFCOWNERHISTORY(#3,#5,.READWRITE.,.ADDED.,1777761465,#3,#5,1777761465);
#1246=IFCRELDEFINESBYPROPERTIES('1W3N13eEPA5xzh3iipvAzL',#1245,$,$,(#1229),#1244);
#1247=IFCPROPERTYSINGLEVALUE('Mark',$,IFCLABEL('COL-C4-L1'),$);
#1248=IFCPROPERTYSINGLEVALUE('ElementType',$,IFCLABEL('Column'),$);
#1249=IFCPROPERTYSINGLEVALUE('GridRef',$,IFCLABEL('C4'),$);
#1250=IFCPROPERTYSINGLEVALUE('Level',$,IFCLABEL('L1'),$);
#1251=IFCCARTESIANPOINT((18.,12.,3.5));
#1252=IFCDIRECTION((0.,0.,1.));
#1253=IFCDIRECTION((1.,0.,0.));
#1254=IFCAXIS2PLACEMENT3D(#1251,#1252,#1253);
#1255=IFCLOCALPLACEMENT($,#1254);
#1256=IFCOWNERHISTORY(#3,#5,.READWRITE.,.MODIFIED.,1777761465,#3,#5,1777761465);
#1257=IFCCOLUMN('3rKCRuXRf5LuSAKIsDbXGt',#1256,'COL-D1-L1',$,$,#1283,#1270,$);
#1263=IFCCARTESIANPOINT((0.,0.,0.));
#1264=IFCDIRECTION((0.,0.,1.));
#1265=IFCDIRECTION((1.,0.,0.));
#1266=IFCAXIS2PLACEMENT3D(#1263,#1264,#1265);
#1267=IFCDIRECTION((0.,0.,1.));
#1268=IFCEXTRUDEDAREASOLID(#467,#1266,#1267,3.5);
#1269=IFCSHAPEREPRESENTATION(#13,'Body','SweptSolid',(#1268));
#1270=IFCPRODUCTDEFINITIONSHAPE($,$,(#1269));
#1271=IFCOWNERHISTORY(#3,#5,.READWRITE.,.ADDED.,1777761465,#3,#5,1777761465);
#1272=IFCPROPERTYSET('37ApLJPkn9EAfGcB0sVRRm',#1271,'Pset_ElementMark',$,(#1275,#1276,#1277,#1278));
#1273=IFCOWNERHISTORY(#3,#5,.READWRITE.,.ADDED.,1777761465,#3,#5,1777761465);
#1274=IFCRELDEFINESBYPROPERTIES('0PcLbP5iLAZvJNgvcH3r6S',#1273,$,$,(#1257),#1272);
#1275=IFCPROPERTYSINGLEVALUE('Mark',$,IFCLABEL('COL-D1-L1'),$);
#1276=IFCPROPERTYSINGLEVALUE('ElementType',$,IFCLABEL('Column'),$);
#1277=IFCPROPERTYSINGLEVALUE('GridRef',$,IFCLABEL('D1'),$);
#1278=IFCPROPERTYSINGLEVALUE('Level',$,IFCLABEL('L1'),$);
#1279=IFCCARTESIANPOINT((0.,18.,3.5));
#1280=IFCDIRECTION((0.,0.,1.));
#1281=IFCDIRECTION((1.,0.,0.));
#1282=IFCAXIS2PLACEMENT3D(#1279,#1280,#1281);
#1283=IFCLOCALPLACEMENT($,#1282);
#1284=IFCOWNERHISTORY(#3,#5,.READWRITE.,.MODIFIED.,1777761465,#3,#5,1777761465);
#1285=IFCCOLUMN('1agwcv1fnBLRH$9JiJCyG8',#1284,'COL-D2-L1',$,$,#1311,#1298,$);
#1291=IFCCARTESIANPOINT((0.,0.,0.));
#1292=IFCDIRECTION((0.,0.,1.));
#1293=IFCDIRECTION((1.,0.,0.));
#1294=IFCAXIS2PLACEMENT3D(#1291,#1292,#1293);
#1295=IFCDIRECTION((0.,0.,1.));
#1296=IFCEXTRUDEDAREASOLID(#467,#1294,#1295,3.5);
#1297=IFCSHAPEREPRESENTATION(#13,'Body','SweptSolid',(#1296));
#1298=IFCPRODUCTDEFINITIONSHAPE($,$,(#1297));
#1299=IFCOWNERHISTORY(#3,#5,.READWRITE.,.ADDED.,1777761465,#3,#5,1777761465);
#1300=IFCPROPERTYSET('28pMYAXyLBq9p0igyXURuq',#1299,'Pset_ElementMark',$,(#1303,#1304,#1305,#1306));
#1301=IFCOWNERHISTORY(#3,#5,.READWRITE.,.ADDED.,1777761465,#3,#5,1777761465);
#1302=IFCRELDEFINESBYPROPERTIES('1b7oZRPK94Svn_c6bhhioZ',#1301,$,$,(#1285),#1300);
#1303=IFCPROPERTYSINGLEVALUE('Mark',$,IFCLABEL('COL-D2-L1'),$);
#1304=IFCPROPERTYSINGLEVALUE('ElementType',$,IFCLABEL('Column'),$);
#1305=IFCPROPERTYSINGLEVALUE('GridRef',$,IFCLABEL('D2'),$);
#1306=IFCPROPERTYSINGLEVALUE('Level',$,IFCLABEL('L1'),$);
#1307=IFCCARTESIANPOINT((6.,18.,3.5));
#1308=IFCDIRECTION((0.,0.,1.));
#1309=IFCDIRECTION((1.,0.,0.));
#1310=IFCAXIS2PLACEMENT3D(#1307,#1308,#1309);
#1311=IFCLOCALPLACEMENT($,#1310);
#1312=IFCOWNERHISTORY(#3,#5,.READWRITE.,.MODIFIED.,1777761465,#3,#5,1777761465);
#1313=IFCCOLUMN('0DBjbU_Jr1sO7__8Yl8xik',#1312,'COL-D3-L1',$,$,#1339,#1326,$);
#1319=IFCCARTESIANPOINT((0.,0.,0.));
#1320=IFCDIRECTION((0.,0.,1.));
#1321=IFCDIRECTION((1.,0.,0.));
#1322=IFCAXIS2PLACEMENT3D(#1319,#1320,#1321);
#1323=IFCDIRECTION((0.,0.,1.));
#1324=IFCEXTRUDEDAREASOLID(#467,#1322,#1323,3.5);
#1325=IFCSHAPEREPRESENTATION(#13,'Body','SweptSolid',(#1324));
#1326=IFCPRODUCTDEFINITIONSHAPE($,$,(#1325));
#1327=IFCOWNERHISTORY(#3,#5,.READWRITE.,.ADDED.,1777761465,#3,#5,1777761465);
#1328=IFCPROPERTYSET('15HK6eTfT50vpd9euPZjib',#1327,'Pset_ElementMark',$,(#1331,#1332,#1333,#1334));
#1329=IFCOWNERHISTORY(#3,#5,.READWRITE.,.ADDED.,1777761465,#3,#5,1777761465);
#1330=IFCRELDEFINESBYPROPERTIES('3OSYzNvaz2K8veyyVUyANM',#1329,$,$,(#1313),#1328);
#1331=IFCPROPERTYSINGLEVALUE('Mark',$,IFCLABEL('COL-D3-L1'),$);
#1332=IFCPROPERTYSINGLEVALUE('ElementType',$,IFCLABEL('Column'),$);
#1333=IFCPROPERTYSINGLEVALUE('GridRef',$,IFCLABEL('D3'),$);
#1334=IFCPROPERTYSINGLEVALUE('Level',$,IFCLABEL('L1'),$);
#1335=IFCCARTESIANPOINT((12.,18.,3.5));
#1336=IFCDIRECTION((0.,0.,1.));
#1337=IFCDIRECTION((1.,0.,0.));
#1338=IFCAXIS2PLACEMENT3D(#1335,#1336,#1337);
#1339=IFCLOCALPLACEMENT($,#1338);
#1340=IFCOWNERHISTORY(#3,#5,.READWRITE.,.MODIFIED.,1777761465,#3,#5,1777761465);
#1341=IFCCOLUMN('3W$pfdDsH1xuSCX75xZWFp',#1340,'COL-D4-L1',$,$,#1367,#1354,$);
#1347=IFCCARTESIANPOINT((0.,0.,0.));
#1348=IFCDIRECTION((0.,0.,1.));
#1349=IFCDIRECTION((1.,0.,0.));
#1350=IFCAXIS2PLACEMENT3D(#1347,#1348,#1349);
#1351=IFCDIRECTION((0.,0.,1.));
#1352=IFCEXTRUDEDAREASOLID(#467,#1350,#1351,3.5);
#1353=IFCSHAPEREPRESENTATION(#13,'Body','SweptSolid',(#1352));
#1354=IFCPRODUCTDEFINITIONSHAPE($,$,(#1353));
#1355=IFCOWNERHISTORY(#3,#5,.READWRITE.,.ADDED.,1777761465,#3,#5,1777761465);
#1356=IFCPROPERTYSET('05rTffRiH4pfEHx1KUOlp7',#1355,'Pset_ElementMark',$,(#1359,#1360,#1361,#1362));
#1357=IFCOWNERHISTORY(#3,#5,.READWRITE.,.ADDED.,1777761465,#3,#5,1777761465);
#1358=IFCRELDEFINESBYPROPERTIES('2fEcOGVwD2$xoHwtOUlCkz',#1357,$,$,(#1341),#1356);
#1359=IFCPROPERTYSINGLEVALUE('Mark',$,IFCLABEL('COL-D4-L1'),$);
#1360=IFCPROPERTYSINGLEVALUE('ElementType',$,IFCLABEL('Column'),$);
#1361=IFCPROPERTYSINGLEVALUE('GridRef',$,IFCLABEL('D4'),$);
#1362=IFCPROPERTYSINGLEVALUE('Level',$,IFCLABEL('L1'),$);
#1363=IFCCARTESIANPOINT((18.,18.,3.5));
#1364=IFCDIRECTION((0.,0.,1.));
#1365=IFCDIRECTION((1.,0.,0.));
#1366=IFCAXIS2PLACEMENT3D(#1363,#1364,#1365);
#1367=IFCLOCALPLACEMENT($,#1366);
#1368=IFCOWNERHISTORY(#3,#5,.READWRITE.,.MODIFIED.,1777761465,#3,#5,1777761465);
#1369=IFCCOLUMN('0ky$sS6or1zfRZEXoN$0YW',#1368,'COL-A1-L2',$,$,#1397,#1382,$);
#1375=IFCCARTESIANPOINT((0.,0.,0.));
#1376=IFCDIRECTION((0.,0.,1.));
#1377=IFCDIRECTION((1.,0.,0.));
#1378=IFCAXIS2PLACEMENT3D(#1375,#1376,#1377);
#1379=IFCDIRECTION((0.,0.,1.));
#1380=IFCEXTRUDEDAREASOLID(#467,#1378,#1379,3.5);
#1381=IFCSHAPEREPRESENTATION(#13,'Body','SweptSolid',(#1380));
#1382=IFCPRODUCTDEFINITIONSHAPE($,$,(#1381));
#1383=IFCOWNERHISTORY(#3,#5,.READWRITE.,.ADDED.,1777761465,#3,#5,1777761465);
#1384=IFCPROPERTYSET('1awwX3cQ5B_A_99bpqt8eD',#1383,'Pset_ElementMark',$,(#1387,#1388,#1389,#1390));
#1385=IFCOWNERHISTORY(#3,#5,.READWRITE.,.ADDED.,1777761465,#3,#5,1777761465);
#1386=IFCRELDEFINESBYPROPERTIES('2Mr$CYU$fEdAqb41ofdD_M',#1385,$,$,(#1369),#1384);
#1387=IFCPROPERTYSINGLEVALUE('Mark',$,IFCLABEL('COL-A1-L2'),$);
#1388=IFCPROPERTYSINGLEVALUE('ElementType',$,IFCLABEL('Column'),$);
#1389=IFCPROPERTYSINGLEVALUE('GridRef',$,IFCLABEL('A1'),$);
#1390=IFCPROPERTYSINGLEVALUE('Level',$,IFCLABEL('L2'),$);
#1391=IFCOWNERHISTORY(#3,#5,.READWRITE.,.MODIFIED.,1777761465,#3,#5,1777761465);
#1392=IFCRELCONTAINEDINSPATIALSTRUCTURE('24gwk5HavAiuQKo6BrpmvO',#1391,$,$,(#3640,#3752,#4705,#3444,#3248,#1483,#1679,#1791,#3556,#1595,#4817,#4509,#4621,#3668,#3164,#3360,#1707,#3472,#4425,#3780,#1399,#4537,#1511,#3276,#3388,#3584,#4733,#1427,#1623,#1735,#4341,#4649,#3696,#3192,#4453,#1539,#3304,#1651,#1455,#1763,#3500,#4565,#3808,#4761,#4369,#3416,#3612,#3724,#3220,#3528,#1567,#1369,#4677,#4481,#4593,#4789,#3332,#4397),#29);
#1393=IFCCARTESIANPOINT((0.,0.,7.));
#1394=IFCDIRECTION((0.,0.,1.));
#1395=IFCDIRECTION((1.,0.,0.));
#1396=IFCAXIS2PLACEMENT3D(#1393,#1394,#1395);
#1397=IFCLOCALPLACEMENT($,#1396);
#1398=IFCOWNERHISTORY(#3,#5,.READWRITE.,.MODIFIED.,1777761465,#3,#5,1777761465);
#1399=IFCCOLUMN('3d0kXFOPb2geezMtfeWF9T',#1398,'COL-A2-L2',$,$,#1425,#1412,$);
#1405=IFCCARTESIANPOINT((0.,0.,0.));
#1406=IFCDIRECTION((0.,0.,1.));
#1407=IFCDIRECTION((1.,0.,0.));
#1408=IFCAXIS2PLACEMENT3D(#1405,#1406,#1407);
#1409=IFCDIRECTION((0.,0.,1.));
#1410=IFCEXTRUDEDAREASOLID(#467,#1408,#1409,3.5);
#1411=IFCSHAPEREPRESENTATION(#13,'Body','SweptSolid',(#1410));
#1412=IFCPRODUCTDEFINITIONSHAPE($,$,(#1411));
#1413=IFCOWNERHISTORY(#3,#5,.READWRITE.,.ADDED.,1777761465,#3,#5,1777761465);
#1414=IFCPROPERTYSET('0OOop7h654789oxXLtP8q0',#1413,'Pset_ElementMark',$,(#1417,#1418,#1419,#1420));
#1415=IFCOWNERHISTORY(#3,#5,.READWRITE.,.ADDED.,1777761465,#3,#5,1777761465);
#1416=IFCRELDEFINESBYPROPERTIES('1AFaXo7Pz1EeA3rn1IzmCY',#1415,$,$,(#1399),#1414);
#1417=IFCPROPERTYSINGLEVALUE('Mark',$,IFCLABEL('COL-A2-L2'),$);
#1418=IFCPROPERTYSINGLEVALUE('ElementType',$,IFCLABEL('Column'),$);
#1419=IFCPROPERTYSINGLEVALUE('GridRef',$,IFCLABEL('A2'),$);
#1420=IFCPROPERTYSINGLEVALUE('Level',$,IFCLABEL('L2'),$);
#1421=IFCCARTESIANPOINT((6.,0.,7.));
#1422=IFCDIRECTION((0.,0.,1.));
#1423=IFCDIRECTION((1.,0.,0.));
#1424=IFCAXIS2PLACEMENT3D(#1421,#1422,#1423);
#1425=IFCLOCALPLACEMENT($,#1424);
#1426=IFCOWNERHISTORY(#3,#5,.READWRITE.,.MODIFIED.,1777761465,#3,#5,1777761465);
#1427=IFCCOLUMN('1Prh0ZimLBNA5fd5ovbp7Q',#1426,'COL-A3-L2',$,$,#1453,#1440,$);
#1433=IFCCARTESIANPOINT((0.,0.,0.));
#1434=IFCDIRECTION((0.,0.,1.));
#1435=IFCDIRECTION((1.,0.,0.));
#1436=IFCAXIS2PLACEMENT3D(#1433,#1434,#1435);
#1437=IFCDIRECTION((0.,0.,1.));
#1438=IFCEXTRUDEDAREASOLID(#467,#1436,#1437,3.5);
#1439=IFCSHAPEREPRESENTATION(#13,'Body','SweptSolid',(#1438));
#1440=IFCPRODUCTDEFINITIONSHAPE($,$,(#1439));
#1441=IFCOWNERHISTORY(#3,#5,.READWRITE.,.ADDED.,1777761465,#3,#5,1777761465);
#1442=IFCPROPERTYSET('3oPbxPncn9GQPp64nrV7Of',#1441,'Pset_ElementMark',$,(#1445,#1446,#1447,#1448));
#1443=IFCOWNERHISTORY(#3,#5,.READWRITE.,.ADDED.,1777761465,#3,#5,1777761465);
#1444=IFCRELDEFINESBYPROPERTIES('1qljr_sU94zv_4nZnrtxDv',#1443,$,$,(#1427),#1442);
#1445=IFCPROPERTYSINGLEVALUE('Mark',$,IFCLABEL('COL-A3-L2'),$);
#1446=IFCPROPERTYSINGLEVALUE('ElementType',$,IFCLABEL('Column'),$);
#1447=IFCPROPERTYSINGLEVALUE('GridRef',$,IFCLABEL('A3'),$);
#1448=IFCPROPERTYSINGLEVALUE('Level',$,IFCLABEL('L2'),$);
#1449=IFCCARTESIANPOINT((12.,0.,7.));
#1450=IFCDIRECTION((0.,0.,1.));
#1451=IFCDIRECTION((1.,0.,0.));
#1452=IFCAXIS2PLACEMENT3D(#1449,#1450,#1451);
#1453=IFCLOCALPLACEMENT($,#1452);
#1454=IFCOWNERHISTORY(#3,#5,.READWRITE.,.MODIFIED.,1777761465,#3,#5,1777761465);
#1455=IFCCOLUMN('3aIWMFXETFCw8fk5kh0VLN',#1454,'COL-A4-L2',$,$,#1481,#1468,$);
#1461=IFCCARTESIANPOINT((0.,0.,0.));
#1462=IFCDIRECTION((0.,0.,1.));
#1463=IFCDIRECTION((1.,0.,0.));
#1464=IFCAXIS2PLACEMENT3D(#1461,#1462,#1463);
#1465=IFCDIRECTION((0.,0.,1.));
#1466=IFCEXTRUDEDAREASOLID(#467,#1464,#1465,3.5);
#1467=IFCSHAPEREPRESENTATION(#13,'Body','SweptSolid',(#1466));
#1468=IFCPRODUCTDEFINITIONSHAPE($,$,(#1467));
#1469=IFCOWNERHISTORY(#3,#5,.READWRITE.,.ADDED.,1777761465,#3,#5,1777761465);
#1470=IFCPROPERTYSET('0JxaUVpvvFsx$T1cUF6aDu',#1469,'Pset_ElementMark',$,(#1473,#1474,#1475,#1476));
#1471=IFCOWNERHISTORY(#3,#5,.READWRITE.,.ADDED.,1777761465,#3,#5,1777761465);
#1472=IFCRELDEFINESBYPROPERTIES('2$Ngd0x$nA8OabeTAZm6ms',#1471,$,$,(#1455),#1470);
#1473=IFCPROPERTYSINGLEVALUE('Mark',$,IFCLABEL('COL-A4-L2'),$);
#1474=IFCPROPERTYSINGLEVALUE('ElementType',$,IFCLABEL('Column'),$);
#1475=IFCPROPERTYSINGLEVALUE('GridRef',$,IFCLABEL('A4'),$);
#1476=IFCPROPERTYSINGLEVALUE('Level',$,IFCLABEL('L2'),$);
#1477=IFCCARTESIANPOINT((18.,0.,7.));
#1478=IFCDIRECTION((0.,0.,1.));
#1479=IFCDIRECTION((1.,0.,0.));
#1480=IFCAXIS2PLACEMENT3D(#1477,#1478,#1479);
#1481=IFCLOCALPLACEMENT($,#1480);
#1482=IFCOWNERHISTORY(#3,#5,.READWRITE.,.MODIFIED.,1777761465,#3,#5,1777761465);
#1483=IFCCOLUMN('1xQBGBYkH1GBu3PLjomrTt',#1482,'COL-B1-L2',$,$,#1509,#1496,$);
#1489=IFCCARTESIANPOINT((0.,0.,0.));
#1490=IFCDIRECTION((0.,0.,1.));
#1491=IFCDIRECTION((1.,0.,0.));
#1492=IFCAXIS2PLACEMENT3D(#1489,#1490,#1491);
#1493=IFCDIRECTION((0.,0.,1.));
#1494=IFCEXTRUDEDAREASOLID(#467,#1492,#1493,3.5);
#1495=IFCSHAPEREPRESENTATION(#13,'Body','SweptSolid',(#1494));
#1496=IFCPRODUCTDEFINITIONSHAPE($,$,(#1495));
#1497=IFCOWNERHISTORY(#3,#5,.READWRITE.,.ADDED.,1777761465,#3,#5,1777761465);
#1498=IFCPROPERTYSET('2kaUWMCMf2MeOaPeEPbCLM',#1497,'Pset_ElementMark',$,(#1501,#1502,#1503,#1504));
#1499=IFCOWNERHISTORY(#3,#5,.READWRITE.,.ADDED.,1777761465,#3,#5,1777761465);
#1500=IFCRELDEFINESBYPROPERTIES('2rTd2gzN50cxciB6_MpYZL',#1499,$,$,(#1483),#1498);
#1501=IFCPROPERTYSINGLEVALUE('Mark',$,IFCLABEL('COL-B1-L2'),$);
#1502=IFCPROPERTYSINGLEVALUE('ElementType',$,IFCLABEL('Column'),$);
#1503=IFCPROPERTYSINGLEVALUE('GridRef',$,IFCLABEL('B1'),$);
#1504=IFCPROPERTYSINGLEVALUE('Level',$,IFCLABEL('L2'),$);
#1505=IFCCARTESIANPOINT((0.,6.,7.));
#1506=IFCDIRECTION((0.,0.,1.));
#1507=IFCDIRECTION((1.,0.,0.));
#1508=IFCAXIS2PLACEMENT3D(#1505,#1506,#1507);
#1509=IFCLOCALPLACEMENT($,#1508);
#1510=IFCOWNERHISTORY(#3,#5,.READWRITE.,.MODIFIED.,1777761465,#3,#5,1777761465);
#1511=IFCCOLUMN('199HnMdAXDivPcchHob2rM',#1510,'COL-B2-L2',$,$,#1537,#1524,$);
#1517=IFCCARTESIANPOINT((0.,0.,0.));
#1518=IFCDIRECTION((0.,0.,1.));
#1519=IFCDIRECTION((1.,0.,0.));
#1520=IFCAXIS2PLACEMENT3D(#1517,#1518,#1519);
#1521=IFCDIRECTION((0.,0.,1.));
#1522=IFCEXTRUDEDAREASOLID(#467,#1520,#1521,3.5);
#1523=IFCSHAPEREPRESENTATION(#13,'Body','SweptSolid',(#1522));
#1524=IFCPRODUCTDEFINITIONSHAPE($,$,(#1523));
#1525=IFCOWNERHISTORY(#3,#5,.READWRITE.,.ADDED.,1777761465,#3,#5,1777761465);
#1526=IFCPROPERTYSET('1UoN4GIDHDPfHqelGKeZpw',#1525,'Pset_ElementMark',$,(#1529,#1530,#1531,#1532));
#1527=IFCOWNERHISTORY(#3,#5,.READWRITE.,.ADDED.,1777761465,#3,#5,1777761465);
#1528=IFCRELDEFINESBYPROPERTIES('1Lh$maezv4rRXxElehw43K',#1527,$,$,(#1511),#1526);
#1529=IFCPROPERTYSINGLEVALUE('Mark',$,IFCLABEL('COL-B2-L2'),$);
#1530=IFCPROPERTYSINGLEVALUE('ElementType',$,IFCLABEL('Column'),$);
#1531=IFCPROPERTYSINGLEVALUE('GridRef',$,IFCLABEL('B2'),$);
#1532=IFCPROPERTYSINGLEVALUE('Level',$,IFCLABEL('L2'),$);
#1533=IFCCARTESIANPOINT((6.,6.,7.));
#1534=IFCDIRECTION((0.,0.,1.));
#1535=IFCDIRECTION((1.,0.,0.));
#1536=IFCAXIS2PLACEMENT3D(#1533,#1534,#1535);
#1537=IFCLOCALPLACEMENT($,#1536);
#1538=IFCOWNERHISTORY(#3,#5,.READWRITE.,.MODIFIED.,1777761465,#3,#5,1777761465);
#1539=IFCCOLUMN('2I5GJOxRrAcB_M09u3rbbo',#1538,'COL-B3-L2',$,$,#1565,#1552,$);
#1545=IFCCARTESIANPOINT((0.,0.,0.));
#1546=IFCDIRECTION((0.,0.,1.));
#1547=IFCDIRECTION((1.,0.,0.));
#1548=IFCAXIS2PLACEMENT3D(#1545,#1546,#1547);
#1549=IFCDIRECTION((0.,0.,1.));
#1550=IFCEXTRUDEDAREASOLID(#467,#1548,#1549,3.5);
#1551=IFCSHAPEREPRESENTATION(#13,'Body','SweptSolid',(#1550));
#1552=IFCPRODUCTDEFINITIONSHAPE($,$,(#1551));
#1553=IFCOWNERHISTORY(#3,#5,.READWRITE.,.ADDED.,1777761465,#3,#5,1777761465);
#1554=IFCPROPERTYSET('1yzHA2iQ17CwQpK$PKlp$b',#1553,'Pset_ElementMark',$,(#1557,#1558,#1559,#1560));
#1555=IFCOWNERHISTORY(#3,#5,.READWRITE.,.ADDED.,1777761465,#3,#5,1777761465);
#1556=IFCRELDEFINESBYPROPERTIES('1wQLLOd_f8uuxRTLld3vzd',#1555,$,$,(#1539),#1554);
#1557=IFCPROPERTYSINGLEVALUE('Mark',$,IFCLABEL('COL-B3-L2'),$);
#1558=IFCPROPERTYSINGLEVALUE('ElementType',$,IFCLABEL('Column'),$);
#1559=IFCPROPERTYSINGLEVALUE('GridRef',$,IFCLABEL('B3'),$);
#1560=IFCPROPERTYSINGLEVALUE('Level',$,IFCLABEL('L2'),$);
#1561=IFCCARTESIANPOINT((12.,6.,7.));
#1562=IFCDIRECTION((0.,0.,1.));
#1563=IFCDIRECTION((1.,0.,0.));
#1564=IFCAXIS2PLACEMENT3D(#1561,#1562,#1563);
#1565=IFCLOCALPLACEMENT($,#1564);
#1566=IFCOWNERHISTORY(#3,#5,.READWRITE.,.MODIFIED.,1777761465,#3,#5,1777761465);
#1567=IFCCOLUMN('0mj7Eh_On8cQwIhGCGS7o2',#1566,'COL-B4-L2',$,$,#1593,#1580,$);
#1573=IFCCARTESIANPOINT((0.,0.,0.));
#1574=IFCDIRECTION((0.,0.,1.));
#1575=IFCDIRECTION((1.,0.,0.));
#1576=IFCAXIS2PLACEMENT3D(#1573,#1574,#1575);
#1577=IFCDIRECTION((0.,0.,1.));
#1578=IFCEXTRUDEDAREASOLID(#467,#1576,#1577,3.5);
#1579=IFCSHAPEREPRESENTATION(#13,'Body','SweptSolid',(#1578));
#1580=IFCPRODUCTDEFINITIONSHAPE($,$,(#1579));
#1581=IFCOWNERHISTORY(#3,#5,.READWRITE.,.ADDED.,1777761465,#3,#5,1777761465);
#1582=IFCPROPERTYSET('0pfuGndN5BGwuN6xeb48nO',#1581,'Pset_ElementMark',$,(#1585,#1586,#1587,#1588));
#1583=IFCOWNERHISTORY(#3,#5,.READWRITE.,.ADDED.,1777761465,#3,#5,1777761465);
#1584=IFCRELDEFINESBYPROPERTIES('0c3cYtw$T8iuc4F9h_2sgy',#1583,$,$,(#1567),#1582);
#1585=IFCPROPERTYSINGLEVALUE('Mark',$,IFCLABEL('COL-B4-L2'),$);
#1586=IFCPROPERTYSINGLEVALUE('ElementType',$,IFCLABEL('Column'),$);
#1587=IFCPROPERTYSINGLEVALUE('GridRef',$,IFCLABEL('B4'),$);
#1588=IFCPROPERTYSINGLEVALUE('Level',$,IFCLABEL('L2'),$);
#1589=IFCCARTESIANPOINT((18.,6.,7.));
#1590=IFCDIRECTION((0.,0.,1.));
#1591=IFCDIRECTION((1.,0.,0.));
#1592=IFCAXIS2PLACEMENT3D(#1589,#1590,#1591);
#1593=IFCLOCALPLACEMENT($,#1592);
#1594=IFCOWNERHISTORY(#3,#5,.READWRITE.,.MODIFIED.,1777761465,#3,#5,1777761465);
#1595=IFCCOLUMN('1E4ZL9nEz2x9RNBm0AqmtC',#1594,'COL-C1-L2',$,$,#1621,#1608,$);
#1601=IFCCARTESIANPOINT((0.,0.,0.));
#1602=IFCDIRECTION((0.,0.,1.));
#1603=IFCDIRECTION((1.,0.,0.));
#1604=IFCAXIS2PLACEMENT3D(#1601,#1602,#1603);
#1605=IFCDIRECTION((0.,0.,1.));
#1606=IFCEXTRUDEDAREASOLID(#467,#1604,#1605,3.5);
#1607=IFCSHAPEREPRESENTATION(#13,'Body','SweptSolid',(#1606));
#1608=IFCPRODUCTDEFINITIONSHAPE($,$,(#1607));
#1609=IFCOWNERHISTORY(#3,#5,.READWRITE.,.ADDED.,1777761465,#3,#5,1777761465);
#1610=IFCPROPERTYSET('0YxbNFTq587vGxWGFgN3am',#1609,'Pset_ElementMark',$,(#1613,#1614,#1615,#1616));
#1611=IFCOWNERHISTORY(#3,#5,.READWRITE.,.ADDED.,1777761465,#3,#5,1777761465);
#1612=IFCRELDEFINESBYPROPERTIES('116BN5Jun9rR4N1NcluN8J',#1611,$,$,(#1595),#1610);
#1613=IFCPROPERTYSINGLEVALUE('Mark',$,IFCLABEL('COL-C1-L2'),$);
#1614=IFCPROPERTYSINGLEVALUE('ElementType',$,IFCLABEL('Column'),$);
#1615=IFCPROPERTYSINGLEVALUE('GridRef',$,IFCLABEL('C1'),$);
#1616=IFCPROPERTYSINGLEVALUE('Level',$,IFCLABEL('L2'),$);
#1617=IFCCARTESIANPOINT((0.,12.,7.));
#1618=IFCDIRECTION((0.,0.,1.));
#1619=IFCDIRECTION((1.,0.,0.));
#1620=IFCAXIS2PLACEMENT3D(#1617,#1618,#1619);
#1621=IFCLOCALPLACEMENT($,#1620);
#1622=IFCOWNERHISTORY(#3,#5,.READWRITE.,.MODIFIED.,1777761465,#3,#5,1777761465);
#1623=IFCCOLUMN('3k_eUAM2v6w8Kft1FKuK7C',#1622,'COL-C2-L2',$,$,#1649,#1636,$);
#1629=IFCCARTESIANPOINT((0.,0.,0.));
#1630=IFCDIRECTION((0.,0.,1.));
#1631=IFCDIRECTION((1.,0.,0.));
#1632=IFCAXIS2PLACEMENT3D(#1629,#1630,#1631);
#1633=IFCDIRECTION((0.,0.,1.));
#1634=IFCEXTRUDEDAREASOLID(#467,#1632,#1633,3.5);
#1635=IFCSHAPEREPRESENTATION(#13,'Body','SweptSolid',(#1634));
#1636=IFCPRODUCTDEFINITIONSHAPE($,$,(#1635));
#1637=IFCOWNERHISTORY(#3,#5,.READWRITE.,.ADDED.,1777761465,#3,#5,1777761465);
#1638=IFCPROPERTYSET('3tdrk417T7CgC5D6geKiaC',#1637,'Pset_ElementMark',$,(#1641,#1642,#1643,#1644));
#1639=IFCOWNERHISTORY(#3,#5,.READWRITE.,.ADDED.,1777761465,#3,#5,1777761465);
#1640=IFCRELDEFINESBYPROPERTIES('3IKXPDMkLB3h3xp3sb2yBJ',#1639,$,$,(#1623),#1638);
#1641=IFCPROPERTYSINGLEVALUE('Mark',$,IFCLABEL('COL-C2-L2'),$);
#1642=IFCPROPERTYSINGLEVALUE('ElementType',$,IFCLABEL('Column'),$);
#1643=IFCPROPERTYSINGLEVALUE('GridRef',$,IFCLABEL('C2'),$);
#1644=IFCPROPERTYSINGLEVALUE('Level',$,IFCLABEL('L2'),$);
#1645=IFCCARTESIANPOINT((6.,12.,7.));
#1646=IFCDIRECTION((0.,0.,1.));
#1647=IFCDIRECTION((1.,0.,0.));
#1648=IFCAXIS2PLACEMENT3D(#1645,#1646,#1647);
#1649=IFCLOCALPLACEMENT($,#1648);
#1650=IFCOWNERHISTORY(#3,#5,.READWRITE.,.MODIFIED.,1777761465,#3,#5,1777761465);
#1651=IFCCOLUMN('03BAi$ehD08gcDOUr1wABG',#1650,'COL-C3-L2',$,$,#1677,#1664,$);
#1657=IFCCARTESIANPOINT((0.,0.,0.));
#1658=IFCDIRECTION((0.,0.,1.));
#1659=IFCDIRECTION((1.,0.,0.));
#1660=IFCAXIS2PLACEMENT3D(#1657,#1658,#1659);
#1661=IFCDIRECTION((0.,0.,1.));
#1662=IFCEXTRUDEDAREASOLID(#467,#1660,#1661,3.5);
#1663=IFCSHAPEREPRESENTATION(#13,'Body','SweptSolid',(#1662));
#1664=IFCPRODUCTDEFINITIONSHAPE($,$,(#1663));
#1665=IFCOWNERHISTORY(#3,#5,.READWRITE.,.ADDED.,1777761465,#3,#5,1777761465);
#1666=IFCPROPERTYSET('3mZYGoqYjFEO1A0DblICDA',#1665,'Pset_ElementMark',$,(#1669,#1670,#1671,#1672));
#1667=IFCOWNERHISTORY(#3,#5,.READWRITE.,.ADDED.,1777761465,#3,#5,1777761465);
#1668=IFCRELDEFINESBYPROPERTIES('0QpwKyeJT17gSEBsMYfoXU',#1667,$,$,(#1651),#1666);
#1669=IFCPROPERTYSINGLEVALUE('Mark',$,IFCLABEL('COL-C3-L2'),$);
#1670=IFCPROPERTYSINGLEVALUE('ElementType',$,IFCLABEL('Column'),$);
#1671=IFCPROPERTYSINGLEVALUE('GridRef',$,IFCLABEL('C3'),$);
#1672=IFCPROPERTYSINGLEVALUE('Level',$,IFCLABEL('L2'),$);
#1673=IFCCARTESIANPOINT((12.,12.,7.));
#1674=IFCDIRECTION((0.,0.,1.));
#1675=IFCDIRECTION((1.,0.,0.));
#1676=IFCAXIS2PLACEMENT3D(#1673,#1674,#1675);
#1677=IFCLOCALPLACEMENT($,#1676);
#1678=IFCOWNERHISTORY(#3,#5,.READWRITE.,.MODIFIED.,1777761465,#3,#5,1777761465);
#1679=IFCCOLUMN('1$OTQNpsv89xfvayFNG49L',#1678,'COL-C4-L2',$,$,#1705,#1692,$);
#1685=IFCCARTESIANPOINT((0.,0.,0.));
#1686=IFCDIRECTION((0.,0.,1.));
#1687=IFCDIRECTION((1.,0.,0.));
#1688=IFCAXIS2PLACEMENT3D(#1685,#1686,#1687);
#1689=IFCDIRECTION((0.,0.,1.));
#1690=IFCEXTRUDEDAREASOLID(#467,#1688,#1689,3.5);
#1691=IFCSHAPEREPRESENTATION(#13,'Body','SweptSolid',(#1690));
#1692=IFCPRODUCTDEFINITIONSHAPE($,$,(#1691));
#1693=IFCOWNERHISTORY(#3,#5,.READWRITE.,.ADDED.,1777761465,#3,#5,1777761465);
#1694=IFCPROPERTYSET('1gjMUDQLnFtv3opYY3N8G4',#1693,'Pset_ElementMark',$,(#1697,#1698,#1699,#1700));
#1695=IFCOWNERHISTORY(#3,#5,.READWRITE.,.ADDED.,1777761465,#3,#5,1777761465);
#1696=IFCRELDEFINESBYPROPERTIES('0Kw_ZizrDALedDf1fBOatQ',#1695,$,$,(#1679),#1694);
#1697=IFCPROPERTYSINGLEVALUE('Mark',$,IFCLABEL('COL-C4-L2'),$);
#1698=IFCPROPERTYSINGLEVALUE('ElementType',$,IFCLABEL('Column'),$);
#1699=IFCPROPERTYSINGLEVALUE('GridRef',$,IFCLABEL('C4'),$);
#1700=IFCPROPERTYSINGLEVALUE('Level',$,IFCLABEL('L2'),$);
#1701=IFCCARTESIANPOINT((18.,12.,7.));
#1702=IFCDIRECTION((0.,0.,1.));
#1703=IFCDIRECTION((1.,0.,0.));
#1704=IFCAXIS2PLACEMENT3D(#1701,#1702,#1703);
#1705=IFCLOCALPLACEMENT($,#1704);
#1706=IFCOWNERHISTORY(#3,#5,.READWRITE.,.MODIFIED.,1777761465,#3,#5,1777761465);
#1707=IFCCOLUMN('0rTCyxbUzC1Qg$ziWpllqJ',#1706,'COL-D1-L2',$,$,#1733,#1720,$);
#1713=IFCCARTESIANPOINT((0.,0.,0.));
#1714=IFCDIRECTION((0.,0.,1.));
#1715=IFCDIRECTION((1.,0.,0.));
#1716=IFCAXIS2PLACEMENT3D(#1713,#1714,#1715);
#1717=IFCDIRECTION((0.,0.,1.));
#1718=IFCEXTRUDEDAREASOLID(#467,#1716,#1717,3.5);
#1719=IFCSHAPEREPRESENTATION(#13,'Body','SweptSolid',(#1718));
#1720=IFCPRODUCTDEFINITIONSHAPE($,$,(#1719));
#1721=IFCOWNERHISTORY(#3,#5,.READWRITE.,.ADDED.,1777761465,#3,#5,1777761465);
#1722=IFCPROPERTYSET('1rBU1g1BP5YPDfjJRjQfWD',#1721,'Pset_ElementMark',$,(#1725,#1726,#1727,#1728));
#1723=IFCOWNERHISTORY(#3,#5,.READWRITE.,.ADDED.,1777761465,#3,#5,1777761465);
#1724=IFCRELDEFINESBYPROPERTIES('1FTPW2Rgr9UggMARSkI5CA',#1723,$,$,(#1707),#1722);
#1725=IFCPROPERTYSINGLEVALUE('Mark',$,IFCLABEL('COL-D1-L2'),$);
#1726=IFCPROPERTYSINGLEVALUE('ElementType',$,IFCLABEL('Column'),$);
#1727=IFCPROPERTYSINGLEVALUE('GridRef',$,IFCLABEL('D1'),$);
#1728=IFCPROPERTYSINGLEVALUE('Level',$,IFCLABEL('L2'),$);
#1729=IFCCARTESIANPOINT((0.,18.,7.));
#1730=IFCDIRECTION((0.,0.,1.));
#1731=IFCDIRECTION((1.,0.,0.));
#1732=IFCAXIS2PLACEMENT3D(#1729,#1730,#1731);
#1733=IFCLOCALPLACEMENT($,#1732);
#1734=IFCOWNERHISTORY(#3,#5,.READWRITE.,.MODIFIED.,1777761465,#3,#5,1777761465);
#1735=IFCCOLUMN('31vCsyhvD9gQuTv5Wq8SaK',#1734,'COL-D2-L2',$,$,#1761,#1748,$);
#1741=IFCCARTESIANPOINT((0.,0.,0.));
#1742=IFCDIRECTION((0.,0.,1.));
#1743=IFCDIRECTION((1.,0.,0.));
#1744=IFCAXIS2PLACEMENT3D(#1741,#1742,#1743);
#1745=IFCDIRECTION((0.,0.,1.));
#1746=IFCEXTRUDEDAREASOLID(#467,#1744,#1745,3.5);
#1747=IFCSHAPEREPRESENTATION(#13,'Body','SweptSolid',(#1746));
#1748=IFCPRODUCTDEFINITIONSHAPE($,$,(#1747));
#1749=IFCOWNERHISTORY(#3,#5,.READWRITE.,.ADDED.,1777761465,#3,#5,1777761465);
#1750=IFCPROPERTYSET('0VElwqYwr6JxgV2bUDS8kN',#1749,'Pset_ElementMark',$,(#1753,#1754,#1755,#1756));
#1751=IFCOWNERHISTORY(#3,#5,.READWRITE.,.ADDED.,1777761465,#3,#5,1777761465);
#1752=IFCRELDEFINESBYPROPERTIES('3dVRNs9jLCZw0XHA8Rb$jC',#1751,$,$,(#1735),#1750);
#1753=IFCPROPERTYSINGLEVALUE('Mark',$,IFCLABEL('COL-D2-L2'),$);
#1754=IFCPROPERTYSINGLEVALUE('ElementType',$,IFCLABEL('Column'),$);
#1755=IFCPROPERTYSINGLEVALUE('GridRef',$,IFCLABEL('D2'),$);
#1756=IFCPROPERTYSINGLEVALUE('Level',$,IFCLABEL('L2'),$);
#1757=IFCCARTESIANPOINT((6.,18.,7.));
#1758=IFCDIRECTION((0.,0.,1.));
#1759=IFCDIRECTION((1.,0.,0.));
#1760=IFCAXIS2PLACEMENT3D(#1757,#1758,#1759);
#1761=IFCLOCALPLACEMENT($,#1760);
#1762=IFCOWNERHISTORY(#3,#5,.READWRITE.,.MODIFIED.,1777761465,#3,#5,1777761465);
#1763=IFCCOLUMN('1eU6PppTfF$PzkipNEUcdY',#1762,'COL-D3-L2',$,$,#1789,#1776,$);
#1769=IFCCARTESIANPOINT((0.,0.,0.));
#1770=IFCDIRECTION((0.,0.,1.));
#1771=IFCDIRECTION((1.,0.,0.));
#1772=IFCAXIS2PLACEMENT3D(#1769,#1770,#1771);
#1773=IFCDIRECTION((0.,0.,1.));
#1774=IFCEXTRUDEDAREASOLID(#467,#1772,#1773,3.5);
#1775=IFCSHAPEREPRESENTATION(#13,'Body','SweptSolid',(#1774));
#1776=IFCPRODUCTDEFINITIONSHAPE($,$,(#1775));
#1777=IFCOWNERHISTORY(#3,#5,.READWRITE.,.ADDED.,1777761465,#3,#5,1777761465);
#1778=IFCPROPERTYSET('0o0CtCrMnDERMvw5CkzfTr',#1777,'Pset_ElementMark',$,(#1781,#1782,#1783,#1784));
#1779=IFCOWNERHISTORY(#3,#5,.READWRITE.,.ADDED.,1777761465,#3,#5,1777761465);
#1780=IFCRELDEFINESBYPROPERTIES('138r1e99v7ZfI_r79Ndfuk',#1779,$,$,(#1763),#1778);
#1781=IFCPROPERTYSINGLEVALUE('Mark',$,IFCLABEL('COL-D3-L2'),$);
#1782=IFCPROPERTYSINGLEVALUE('ElementType',$,IFCLABEL('Column'),$);
#1783=IFCPROPERTYSINGLEVALUE('GridRef',$,IFCLABEL('D3'),$);
#1784=IFCPROPERTYSINGLEVALUE('Level',$,IFCLABEL('L2'),$);
#1785=IFCCARTESIANPOINT((12.,18.,7.));
#1786=IFCDIRECTION((0.,0.,1.));
#1787=IFCDIRECTION((1.,0.,0.));
#1788=IFCAXIS2PLACEMENT3D(#1785,#1786,#1787);
#1789=IFCLOCALPLACEMENT($,#1788);
#1790=IFCOWNERHISTORY(#3,#5,.READWRITE.,.MODIFIED.,1777761465,#3,#5,1777761465);
#1791=IFCCOLUMN('2XgnX1MrL2ZPD7fi3Wd7nL',#1790,'COL-D4-L2',$,$,#1817,#1804,$);
#1797=IFCCARTESIANPOINT((0.,0.,0.));
#1798=IFCDIRECTION((0.,0.,1.));
#1799=IFCDIRECTION((1.,0.,0.));
#1800=IFCAXIS2PLACEMENT3D(#1797,#1798,#1799);
#1801=IFCDIRECTION((0.,0.,1.));
#1802=IFCEXTRUDEDAREASOLID(#467,#1800,#1801,3.5);
#1803=IFCSHAPEREPRESENTATION(#13,'Body','SweptSolid',(#1802));
#1804=IFCPRODUCTDEFINITIONSHAPE($,$,(#1803));
#1805=IFCOWNERHISTORY(#3,#5,.READWRITE.,.ADDED.,1777761465,#3,#5,1777761465);
#1806=IFCPROPERTYSET('0q6oSVVm96Rf6Zr2vZSdRf',#1805,'Pset_ElementMark',$,(#1809,#1810,#1811,#1812));
#1807=IFCOWNERHISTORY(#3,#5,.READWRITE.,.ADDED.,1777761465,#3,#5,1777761465);
#1808=IFCRELDEFINESBYPROPERTIES('17e9xzIJ561v$TCMhgQ5Sz',#1807,$,$,(#1791),#1806);
#1809=IFCPROPERTYSINGLEVALUE('Mark',$,IFCLABEL('COL-D4-L2'),$);
#1810=IFCPROPERTYSINGLEVALUE('ElementType',$,IFCLABEL('Column'),$);
#1811=IFCPROPERTYSINGLEVALUE('GridRef',$,IFCLABEL('D4'),$);
#1812=IFCPROPERTYSINGLEVALUE('Level',$,IFCLABEL('L2'),$);
#1813=IFCCARTESIANPOINT((18.,18.,7.));
#1814=IFCDIRECTION((0.,0.,1.));
#1815=IFCDIRECTION((1.,0.,0.));
#1816=IFCAXIS2PLACEMENT3D(#1813,#1814,#1815);
#1817=IFCLOCALPLACEMENT($,#1816);
#1818=IFCRECTANGLEPROFILEDEF(.AREA.,$,$,0.29999999999999999,0.5);
#1819=IFCOWNERHISTORY(#3,#5,.READWRITE.,.MODIFIED.,1777761465,#3,#5,1777761465);
#1820=IFCBEAM('2nHLU14IT6IAbVzDjc2sEE',#1819,'BM-H-A12-GF',$,$,#1846,#1833,$);
#1826=IFCCARTESIANPOINT((0.,0.,0.));
#1827=IFCDIRECTION((0.,0.,1.));
#1828=IFCDIRECTION((1.,0.,0.));
#1829=IFCAXIS2PLACEMENT3D(#1826,#1827,#1828);
#1830=IFCDIRECTION((0.,0.,1.));
#1831=IFCEXTRUDEDAREASOLID(#1818,#1829,#1830,6.);
#1832=IFCSHAPEREPRESENTATION(#13,'Body','SweptSolid',(#1831));
#1833=IFCPRODUCTDEFINITIONSHAPE($,$,(#1832));
#1834=IFCOWNERHISTORY(#3,#5,.READWRITE.,.ADDED.,1777761465,#3,#5,1777761465);
#1835=IFCPROPERTYSET('1Gc6z3fK18svO5pM1UHkob',#1834,'Pset_ElementMark',$,(#1838,#1839,#1840,#1841));
#1836=IFCOWNERHISTORY(#3,#5,.READWRITE.,.ADDED.,1777761465,#3,#5,1777761465);
#1837=IFCRELDEFINESBYPROPERTIES('11xfAvRX56DOk6$SGktQwW',#1836,$,$,(#1820),#1835);
#1838=IFCPROPERTYSINGLEVALUE('Mark',$,IFCLABEL('BM-H-A12-GF'),$);
#1839=IFCPROPERTYSINGLEVALUE('ElementType',$,IFCLABEL('Beam'),$);
#1840=IFCPROPERTYSINGLEVALUE('Direction',$,IFCLABEL('H'),$);
#1841=IFCPROPERTYSINGLEVALUE('Level',$,IFCLABEL('GF'),$);
#1842=IFCCARTESIANPOINT((0.,0.,3.));
#1843=IFCDIRECTION((1.,0.,0.));
#1844=IFCDIRECTION((0.,1.,0.));
#1845=IFCAXIS2PLACEMENT3D(#1842,#1843,#1844);
#1846=IFCLOCALPLACEMENT($,#1845);
#1847=IFCOWNERHISTORY(#3,#5,.READWRITE.,.MODIFIED.,1777761465,#3,#5,1777761465);
#1848=IFCBEAM('0VpvoaWxPAn8m9bdUaC_BH',#1847,'BM-H-A23-GF',$,$,#1874,#1861,$);
#1854=IFCCARTESIANPOINT((0.,0.,0.));
#1855=IFCDIRECTION((0.,0.,1.));
#1856=IFCDIRECTION((1.,0.,0.));
#1857=IFCAXIS2PLACEMENT3D(#1854,#1855,#1856);
#1858=IFCDIRECTION((0.,0.,1.));
#1859=IFCEXTRUDEDAREASOLID(#1818,#1857,#1858,6.);
#1860=IFCSHAPEREPRESENTATION(#13,'Body','SweptSolid',(#1859));
#1861=IFCPRODUCTDEFINITIONSHAPE($,$,(#1860));
#1862=IFCOWNERHISTORY(#3,#5,.READWRITE.,.ADDED.,1777761465,#3,#5,1777761465);
#1863=IFCPROPERTYSET('1YwE9Gfuz7MwXtGaMuB3_W',#1862,'Pset_ElementMark',$,(#1866,#1867,#1868,#1869));
#1864=IFCOWNERHISTORY(#3,#5,.READWRITE.,.ADDED.,1777761465,#3,#5,1777761465);
#1865=IFCRELDEFINESBYPROPERTIES('1wFuVdJxb0kv9r3c$01ZTZ',#1864,$,$,(#1848),#1863);
#1866=IFCPROPERTYSINGLEVALUE('Mark',$,IFCLABEL('BM-H-A23-GF'),$);
#1867=IFCPROPERTYSINGLEVALUE('ElementType',$,IFCLABEL('Beam'),$);
#1868=IFCPROPERTYSINGLEVALUE('Direction',$,IFCLABEL('H'),$);
#1869=IFCPROPERTYSINGLEVALUE('Level',$,IFCLABEL('GF'),$);
#1870=IFCCARTESIANPOINT((6.,0.,3.));
#1871=IFCDIRECTION((1.,0.,0.));
#1872=IFCDIRECTION((0.,1.,0.));
#1873=IFCAXIS2PLACEMENT3D(#1870,#1871,#1872);
#1874=IFCLOCALPLACEMENT($,#1873);
#1875=IFCOWNERHISTORY(#3,#5,.READWRITE.,.MODIFIED.,1777761465,#3,#5,1777761465);
#1876=IFCBEAM('1pSuv8b7nEcQMP2uWgL7_t',#1875,'BM-H-A34-GF',$,$,#1902,#1889,$);
#1882=IFCCARTESIANPOINT((0.,0.,0.));
#1883=IFCDIRECTION((0.,0.,1.));
#1884=IFCDIRECTION((1.,0.,0.));
#1885=IFCAXIS2PLACEMENT3D(#1882,#1883,#1884);
#1886=IFCDIRECTION((0.,0.,1.));
#1887=IFCEXTRUDEDAREASOLID(#1818,#1885,#1886,6.);
#1888=IFCSHAPEREPRESENTATION(#13,'Body','SweptSolid',(#1887));
#1889=IFCPRODUCTDEFINITIONSHAPE($,$,(#1888));
#1890=IFCOWNERHISTORY(#3,#5,.READWRITE.,.ADDED.,1777761465,#3,#5,1777761465);
#1891=IFCPROPERTYSET('0ANqtKWy1AMxRbSZ9V0nvF',#1890,'Pset_ElementMark',$,(#1894,#1895,#1896,#1897));
#1892=IFCOWNERHISTORY(#3,#5,.READWRITE.,.ADDED.,1777761465,#3,#5,1777761465);
#1893=IFCRELDEFINESBYPROPERTIES('3x97DSURvBFBUB28dKaM0W',#1892,$,$,(#1876),#1891);
#1894=IFCPROPERTYSINGLEVALUE('Mark',$,IFCLABEL('BM-H-A34-GF'),$);
#1895=IFCPROPERTYSINGLEVALUE('ElementType',$,IFCLABEL('Beam'),$);
#1896=IFCPROPERTYSINGLEVALUE('Direction',$,IFCLABEL('H'),$);
#1897=IFCPROPERTYSINGLEVALUE('Level',$,IFCLABEL('GF'),$);
#1898=IFCCARTESIANPOINT((12.,0.,3.));
#1899=IFCDIRECTION((1.,0.,0.));
#1900=IFCDIRECTION((0.,1.,0.));
#1901=IFCAXIS2PLACEMENT3D(#1898,#1899,#1900);
#1902=IFCLOCALPLACEMENT($,#1901);
#1903=IFCOWNERHISTORY(#3,#5,.READWRITE.,.MODIFIED.,1777761465,#3,#5,1777761465);
#1904=IFCBEAM('3x9XI4Ny9DchsduJjHNL5l',#1903,'BM-H-B12-GF',$,$,#1930,#1917,$);
#1910=IFCCARTESIANPOINT((0.,0.,0.));
#1911=IFCDIRECTION((0.,0.,1.));
#1912=IFCDIRECTION((1.,0.,0.));
#1913=IFCAXIS2PLACEMENT3D(#1910,#1911,#1912);
#1914=IFCDIRECTION((0.,0.,1.));
#1915=IFCEXTRUDEDAREASOLID(#1818,#1913,#1914,6.);
#1916=IFCSHAPEREPRESENTATION(#13,'Body','SweptSolid',(#1915));
#1917=IFCPRODUCTDEFINITIONSHAPE($,$,(#1916));
#1918=IFCOWNERHISTORY(#3,#5,.READWRITE.,.ADDED.,1777761465,#3,#5,1777761465);
#1919=IFCPROPERTYSET('3MLj12dUD5Ag76CFlMh4Ya',#1918,'Pset_ElementMark',$,(#1922,#1923,#1924,#1925));
#1920=IFCOWNERHISTORY(#3,#5,.READWRITE.,.ADDED.,1777761465,#3,#5,1777761465);
#1921=IFCRELDEFINESBYPROPERTIES('3ROUbrzUr5cB2A_CYhIY2a',#1920,$,$,(#1904),#1919);
#1922=IFCPROPERTYSINGLEVALUE('Mark',$,IFCLABEL('BM-H-B12-GF'),$);
#1923=IFCPROPERTYSINGLEVALUE('ElementType',$,IFCLABEL('Beam'),$);
#1924=IFCPROPERTYSINGLEVALUE('Direction',$,IFCLABEL('H'),$);
#1925=IFCPROPERTYSINGLEVALUE('Level',$,IFCLABEL('GF'),$);
#1926=IFCCARTESIANPOINT((0.,6.,3.));
#1927=IFCDIRECTION((1.,0.,0.));
#1928=IFCDIRECTION((0.,1.,0.));
#1929=IFCAXIS2PLACEMENT3D(#1926,#1927,#1928);
#1930=IFCLOCALPLACEMENT($,#1929);
#1931=IFCOWNERHISTORY(#3,#5,.READWRITE.,.MODIFIED.,1777761465,#3,#5,1777761465);
#1932=IFCBEAM('31GEqTyT10suEdos8k4SB7',#1931,'BM-H-B23-GF',$,$,#1958,#1945,$);
#1938=IFCCARTESIANPOINT((0.,0.,0.));
#1939=IFCDIRECTION((0.,0.,1.));
#1940=IFCDIRECTION((1.,0.,0.));
#1941=IFCAXIS2PLACEMENT3D(#1938,#1939,#1940);
#1942=IFCDIRECTION((0.,0.,1.));
#1943=IFCEXTRUDEDAREASOLID(#1818,#1941,#1942,6.);
#1944=IFCSHAPEREPRESENTATION(#13,'Body','SweptSolid',(#1943));
#1945=IFCPRODUCTDEFINITIONSHAPE($,$,(#1944));
#1946=IFCOWNERHISTORY(#3,#5,.READWRITE.,.ADDED.,1777761465,#3,#5,1777761465);
#1947=IFCPROPERTYSET('1FrKnD2Un1w9i5wqGH53Hu',#1946,'Pset_ElementMark',$,(#1950,#1951,#1952,#1953));
#1948=IFCOWNERHISTORY(#3,#5,.READWRITE.,.ADDED.,1777761465,#3,#5,1777761465);
#1949=IFCRELDEFINESBYPROPERTIES('0jAdnBf6L7VPQnbiIYc49p',#1948,$,$,(#1932),#1947);
#1950=IFCPROPERTYSINGLEVALUE('Mark',$,IFCLABEL('BM-H-B23-GF'),$);
#1951=IFCPROPERTYSINGLEVALUE('ElementType',$,IFCLABEL('Beam'),$);
#1952=IFCPROPERTYSINGLEVALUE('Direction',$,IFCLABEL('H'),$);
#1953=IFCPROPERTYSINGLEVALUE('Level',$,IFCLABEL('GF'),$);
#1954=IFCCARTESIANPOINT((6.,6.,3.));
#1955=IFCDIRECTION((1.,0.,0.));
#1956=IFCDIRECTION((0.,1.,0.));
#1957=IFCAXIS2PLACEMENT3D(#1954,#1955,#1956);
#1958=IFCLOCALPLACEMENT($,#1957);
#1959=IFCOWNERHISTORY(#3,#5,.READWRITE.,.MODIFIED.,1777761465,#3,#5,1777761465);
#1960=IFCBEAM('1mqUn2ljLC5wN0d1dLsZuR',#1959,'BM-H-B34-GF',$,$,#1986,#1973,$);
#1966=IFCCARTESIANPOINT((0.,0.,0.));
#1967=IFCDIRECTION((0.,0.,1.));
#1968=IFCDIRECTION((1.,0.,0.));
#1969=IFCAXIS2PLACEMENT3D(#1966,#1967,#1968);
#1970=IFCDIRECTION((0.,0.,1.));
#1971=IFCEXTRUDEDAREASOLID(#1818,#1969,#1970,6.);
#1972=IFCSHAPEREPRESENTATION(#13,'Body','SweptSolid',(#1971));
#1973=IFCPRODUCTDEFINITIONSHAPE($,$,(#1972));
#1974=IFCOWNERHISTORY(#3,#5,.READWRITE.,.ADDED.,1777761465,#3,#5,1777761465);
#1975=IFCPROPERTYSET('2l8D8jTEj91QDGOG_U3KCl',#1974,'Pset_ElementMark',$,(#1978,#1979,#1980,#1981));
#1976=IFCOWNERHISTORY(#3,#5,.READWRITE.,.ADDED.,1777761465,#3,#5,1777761465);
#1977=IFCRELDEFINESBYPROPERTIES('2cY505TjrA7RUmRlEBjxJP',#1976,$,$,(#1960),#1975);
#1978=IFCPROPERTYSINGLEVALUE('Mark',$,IFCLABEL('BM-H-B34-GF'),$);
#1979=IFCPROPERTYSINGLEVALUE('ElementType',$,IFCLABEL('Beam'),$);
#1980=IFCPROPERTYSINGLEVALUE('Direction',$,IFCLABEL('H'),$);
#1981=IFCPROPERTYSINGLEVALUE('Level',$,IFCLABEL('GF'),$);
#1982=IFCCARTESIANPOINT((12.,6.,3.));
#1983=IFCDIRECTION((1.,0.,0.));
#1984=IFCDIRECTION((0.,1.,0.));
#1985=IFCAXIS2PLACEMENT3D(#1982,#1983,#1984);
#1986=IFCLOCALPLACEMENT($,#1985);
#1987=IFCOWNERHISTORY(#3,#5,.READWRITE.,.MODIFIED.,1777761465,#3,#5,1777761465);
#1988=IFCBEAM('3gqcmA3lXCGhhRTsnPkNmO',#1987,'BM-H-C12-GF',$,$,#2014,#2001,$);
#1994=IFCCARTESIANPOINT((0.,0.,0.));
#1995=IFCDIRECTION((0.,0.,1.));
#1996=IFCDIRECTION((1.,0.,0.));
#1997=IFCAXIS2PLACEMENT3D(#1994,#1995,#1996);
#1998=IFCDIRECTION((0.,0.,1.));
#1999=IFCEXTRUDEDAREASOLID(#1818,#1997,#1998,6.);
#2000=IFCSHAPEREPRESENTATION(#13,'Body','SweptSolid',(#1999));
#2001=IFCPRODUCTDEFINITIONSHAPE($,$,(#2000));
#2002=IFCOWNERHISTORY(#3,#5,.READWRITE.,.ADDED.,1777761465,#3,#5,1777761465);
#2003=IFCPROPERTYSET('3oT8YWYnz0bgWKVxLe0SQ0',#2002,'Pset_ElementMark',$,(#2006,#2007,#2008,#2009));
#2004=IFCOWNERHISTORY(#3,#5,.READWRITE.,.ADDED.,1777761465,#3,#5,1777761465);
#2005=IFCRELDEFINESBYPROPERTIES('2OdlahCfz52foouFlNdmUB',#2004,$,$,(#1988),#2003);
#2006=IFCPROPERTYSINGLEVALUE('Mark',$,IFCLABEL('BM-H-C12-GF'),$);
#2007=IFCPROPERTYSINGLEVALUE('ElementType',$,IFCLABEL('Beam'),$);
#2008=IFCPROPERTYSINGLEVALUE('Direction',$,IFCLABEL('H'),$);
#2009=IFCPROPERTYSINGLEVALUE('Level',$,IFCLABEL('GF'),$);
#2010=IFCCARTESIANPOINT((0.,12.,3.));
#2011=IFCDIRECTION((1.,0.,0.));
#2012=IFCDIRECTION((0.,1.,0.));
#2013=IFCAXIS2PLACEMENT3D(#2010,#2011,#2012);
#2014=IFCLOCALPLACEMENT($,#2013);
#2015=IFCOWNERHISTORY(#3,#5,.READWRITE.,.MODIFIED.,1777761465,#3,#5,1777761465);
#2016=IFCBEAM('07kRSjhhzAheKr9Q$ZFCM6',#2015,'BM-H-C23-GF',$,$,#2042,#2029,$);
#2022=IFCCARTESIANPOINT((0.,0.,0.));
#2023=IFCDIRECTION((0.,0.,1.));
#2024=IFCDIRECTION((1.,0.,0.));
#2025=IFCAXIS2PLACEMENT3D(#2022,#2023,#2024);
#2026=IFCDIRECTION((0.,0.,1.));
#2027=IFCEXTRUDEDAREASOLID(#1818,#2025,#2026,6.);
#2028=IFCSHAPEREPRESENTATION(#13,'Body','SweptSolid',(#2027));
#2029=IFCPRODUCTDEFINITIONSHAPE($,$,(#2028));
#2030=IFCOWNERHISTORY(#3,#5,.READWRITE.,.ADDED.,1777761465,#3,#5,1777761465);
#2031=IFCPROPERTYSET('3jUarpuhX9EhiPzHPH7pNh',#2030,'Pset_ElementMark',$,(#2034,#2035,#2036,#2037));
#2032=IFCOWNERHISTORY(#3,#5,.READWRITE.,.ADDED.,1777761465,#3,#5,1777761465);
#2033=IFCRELDEFINESBYPROPERTIES('1CYN5J59rEPf0yQqit$83$',#2032,$,$,(#2016),#2031);
#2034=IFCPROPERTYSINGLEVALUE('Mark',$,IFCLABEL('BM-H-C23-GF'),$);
#2035=IFCPROPERTYSINGLEVALUE('ElementType',$,IFCLABEL('Beam'),$);
#2036=IFCPROPERTYSINGLEVALUE('Direction',$,IFCLABEL('H'),$);
#2037=IFCPROPERTYSINGLEVALUE('Level',$,IFCLABEL('GF'),$);
#2038=IFCCARTESIANPOINT((6.,12.,3.));
#2039=IFCDIRECTION((1.,0.,0.));
#2040=IFCDIRECTION((0.,1.,0.));
#2041=IFCAXIS2PLACEMENT3D(#2038,#2039,#2040);
#2042=IFCLOCALPLACEMENT($,#2041);
#2043=IFCOWNERHISTORY(#3,#5,.READWRITE.,.MODIFIED.,1777761465,#3,#5,1777761465);
#2044=IFCBEAM('3nJDLv35P0$uMrXJyM3oXV',#2043,'BM-H-C34-GF',$,$,#2070,#2057,$);
#2050=IFCCARTESIANPOINT((0.,0.,0.));
#2051=IFCDIRECTION((0.,0.,1.));
#2052=IFCDIRECTION((1.,0.,0.));
#2053=IFCAXIS2PLACEMENT3D(#2050,#2051,#2052);
#2054=IFCDIRECTION((0.,0.,1.));
#2055=IFCEXTRUDEDAREASOLID(#1818,#2053,#2054,6.);
#2056=IFCSHAPEREPRESENTATION(#13,'Body','SweptSolid',(#2055));
#2057=IFCPRODUCTDEFINITIONSHAPE($,$,(#2056));
#2058=IFCOWNERHISTORY(#3,#5,.READWRITE.,.ADDED.,1777761465,#3,#5,1777761465);
#2059=IFCPROPERTYSET('1giAa1xrfEuBtf0r1$SAhI',#2058,'Pset_ElementMark',$,(#2062,#2063,#2064,#2065));
#2060=IFCOWNERHISTORY(#3,#5,.READWRITE.,.ADDED.,1777761465,#3,#5,1777761465);
#2061=IFCRELDEFINESBYPROPERTIES('3LaffgMO16KgwAtHgJ1X8d',#2060,$,$,(#2044),#2059);
#2062=IFCPROPERTYSINGLEVALUE('Mark',$,IFCLABEL('BM-H-C34-GF'),$);
#2063=IFCPROPERTYSINGLEVALUE('ElementType',$,IFCLABEL('Beam'),$);
#2064=IFCPROPERTYSINGLEVALUE('Direction',$,IFCLABEL('H'),$);
#2065=IFCPROPERTYSINGLEVALUE('Level',$,IFCLABEL('GF'),$);
#2066=IFCCARTESIANPOINT((12.,12.,3.));
#2067=IFCDIRECTION((1.,0.,0.));
#2068=IFCDIRECTION((0.,1.,0.));
#2069=IFCAXIS2PLACEMENT3D(#2066,#2067,#2068);
#2070=IFCLOCALPLACEMENT($,#2069);
#2071=IFCOWNERHISTORY(#3,#5,.READWRITE.,.MODIFIED.,1777761465,#3,#5,1777761465);
#2072=IFCBEAM('2D6q41CFHCdhBOpopBWVKt',#2071,'BM-H-D12-GF',$,$,#2098,#2085,$);
#2078=IFCCARTESIANPOINT((0.,0.,0.));
#2079=IFCDIRECTION((0.,0.,1.));
#2080=IFCDIRECTION((1.,0.,0.));
#2081=IFCAXIS2PLACEMENT3D(#2078,#2079,#2080);
#2082=IFCDIRECTION((0.,0.,1.));
#2083=IFCEXTRUDEDAREASOLID(#1818,#2081,#2082,6.);
#2084=IFCSHAPEREPRESENTATION(#13,'Body','SweptSolid',(#2083));
#2085=IFCPRODUCTDEFINITIONSHAPE($,$,(#2084));
#2086=IFCOWNERHISTORY(#3,#5,.READWRITE.,.ADDED.,1777761465,#3,#5,1777761465);
#2087=IFCPROPERTYSET('2aksxtiDr6weOmNNN82CFi',#2086,'Pset_ElementMark',$,(#2090,#2091,#2092,#2093));
#2088=IFCOWNERHISTORY(#3,#5,.READWRITE.,.ADDED.,1777761465,#3,#5,1777761465);
#2089=IFCRELDEFINESBYPROPERTIES('14oY6Xq4X8efwElD$Qmkr6',#2088,$,$,(#2072),#2087);
#2090=IFCPROPERTYSINGLEVALUE('Mark',$,IFCLABEL('BM-H-D12-GF'),$);
#2091=IFCPROPERTYSINGLEVALUE('ElementType',$,IFCLABEL('Beam'),$);
#2092=IFCPROPERTYSINGLEVALUE('Direction',$,IFCLABEL('H'),$);
#2093=IFCPROPERTYSINGLEVALUE('Level',$,IFCLABEL('GF'),$);
#2094=IFCCARTESIANPOINT((0.,18.,3.));
#2095=IFCDIRECTION((1.,0.,0.));
#2096=IFCDIRECTION((0.,1.,0.));
#2097=IFCAXIS2PLACEMENT3D(#2094,#2095,#2096);
#2098=IFCLOCALPLACEMENT($,#2097);
#2099=IFCOWNERHISTORY(#3,#5,.READWRITE.,.MODIFIED.,1777761465,#3,#5,1777761465);
#2100=IFCBEAM('0vKxjwq3D3OewjKFc3YDrV',#2099,'BM-H-D23-GF',$,$,#2126,#2113,$);
#2106=IFCCARTESIANPOINT((0.,0.,0.));
#2107=IFCDIRECTION((0.,0.,1.));
#2108=IFCDIRECTION((1.,0.,0.));
#2109=IFCAXIS2PLACEMENT3D(#2106,#2107,#2108);
#2110=IFCDIRECTION((0.,0.,1.));
#2111=IFCEXTRUDEDAREASOLID(#1818,#2109,#2110,6.);
#2112=IFCSHAPEREPRESENTATION(#13,'Body','SweptSolid',(#2111));
#2113=IFCPRODUCTDEFINITIONSHAPE($,$,(#2112));
#2114=IFCOWNERHISTORY(#3,#5,.READWRITE.,.ADDED.,1777761465,#3,#5,1777761465);
#2115=IFCPROPERTYSET('1cZ2TaP$H0VRsAQGIdfLal',#2114,'Pset_ElementMark',$,(#2118,#2119,#2120,#2121));
#2116=IFCOWNERHISTORY(#3,#5,.READWRITE.,.ADDED.,1777761465,#3,#5,1777761465);
#2117=IFCRELDEFINESBYPROPERTIES('0fC85mbdzCmfBnOujgFnWx',#2116,$,$,(#2100),#2115);
#2118=IFCPROPERTYSINGLEVALUE('Mark',$,IFCLABEL('BM-H-D23-GF'),$);
#2119=IFCPROPERTYSINGLEVALUE('ElementType',$,IFCLABEL('Beam'),$);
#2120=IFCPROPERTYSINGLEVALUE('Direction',$,IFCLABEL('H'),$);
#2121=IFCPROPERTYSINGLEVALUE('Level',$,IFCLABEL('GF'),$);
#2122=IFCCARTESIANPOINT((6.,18.,3.));
#2123=IFCDIRECTION((1.,0.,0.));
#2124=IFCDIRECTION((0.,1.,0.));
#2125=IFCAXIS2PLACEMENT3D(#2122,#2123,#2124);
#2126=IFCLOCALPLACEMENT($,#2125);
#2127=IFCOWNERHISTORY(#3,#5,.READWRITE.,.MODIFIED.,1777761465,#3,#5,1777761465);
#2128=IFCBEAM('2OVP47oNf1Q853BX4fwt3Z',#2127,'BM-H-D34-GF',$,$,#2154,#2141,$);
#2134=IFCCARTESIANPOINT((0.,0.,0.));
#2135=IFCDIRECTION((0.,0.,1.));
#2136=IFCDIRECTION((1.,0.,0.));
#2137=IFCAXIS2PLACEMENT3D(#2134,#2135,#2136);
#2138=IFCDIRECTION((0.,0.,1.));
#2139=IFCEXTRUDEDAREASOLID(#1818,#2137,#2138,6.);
#2140=IFCSHAPEREPRESENTATION(#13,'Body','SweptSolid',(#2139));
#2141=IFCPRODUCTDEFINITIONSHAPE($,$,(#2140));
#2142=IFCOWNERHISTORY(#3,#5,.READWRITE.,.ADDED.,1777761465,#3,#5,1777761465);
#2143=IFCPROPERTYSET('1ozmH0PrX0_vu2qWWh39KP',#2142,'Pset_ElementMark',$,(#2146,#2147,#2148,#2149));
#2144=IFCOWNERHISTORY(#3,#5,.READWRITE.,.ADDED.,1777761465,#3,#5,1777761465);
#2145=IFCRELDEFINESBYPROPERTIES('0BhzfT3Un6FA$jsIGYctHD',#2144,$,$,(#2128),#2143);
#2146=IFCPROPERTYSINGLEVALUE('Mark',$,IFCLABEL('BM-H-D34-GF'),$);
#2147=IFCPROPERTYSINGLEVALUE('ElementType',$,IFCLABEL('Beam'),$);
#2148=IFCPROPERTYSINGLEVALUE('Direction',$,IFCLABEL('H'),$);
#2149=IFCPROPERTYSINGLEVALUE('Level',$,IFCLABEL('GF'),$);
#2150=IFCCARTESIANPOINT((12.,18.,3.));
#2151=IFCDIRECTION((1.,0.,0.));
#2152=IFCDIRECTION((0.,1.,0.));
#2153=IFCAXIS2PLACEMENT3D(#2150,#2151,#2152);
#2154=IFCLOCALPLACEMENT($,#2153);
#2155=IFCOWNERHISTORY(#3,#5,.READWRITE.,.MODIFIED.,1777761465,#3,#5,1777761465);
#2156=IFCBEAM('2VKsdvPbD4SPs5z4ELRmVJ',#2155,'BM-V-1AB-GF',$,$,#2182,#2169,$);
#2162=IFCCARTESIANPOINT((0.,0.,0.));
#2163=IFCDIRECTION((0.,0.,1.));
#2164=IFCDIRECTION((1.,0.,0.));
#2165=IFCAXIS2PLACEMENT3D(#2162,#2163,#2164);
#2166=IFCDIRECTION((0.,0.,1.));
#2167=IFCEXTRUDEDAREASOLID(#1818,#2165,#2166,6.);
#2168=IFCSHAPEREPRESENTATION(#13,'Body','SweptSolid',(#2167));
#2169=IFCPRODUCTDEFINITIONSHAPE($,$,(#2168));
#2170=IFCOWNERHISTORY(#3,#5,.READWRITE.,.ADDED.,1777761465,#3,#5,1777761465);
#2171=IFCPROPERTYSET('0$S9ci$ij0eh5VjqE1_kTV',#2170,'Pset_ElementMark',$,(#2174,#2175,#2176,#2177));
#2172=IFCOWNERHISTORY(#3,#5,.READWRITE.,.ADDED.,1777761465,#3,#5,1777761465);
#2173=IFCRELDEFINESBYPROPERTIES('0mcQ6q_FT0YeohlmTWR8og',#2172,$,$,(#2156),#2171);
#2174=IFCPROPERTYSINGLEVALUE('Mark',$,IFCLABEL('BM-V-1AB-GF'),$);
#2175=IFCPROPERTYSINGLEVALUE('ElementType',$,IFCLABEL('Beam'),$);
#2176=IFCPROPERTYSINGLEVALUE('Direction',$,IFCLABEL('V'),$);
#2177=IFCPROPERTYSINGLEVALUE('Level',$,IFCLABEL('GF'),$);
#2178=IFCCARTESIANPOINT((0.,0.,3.));
#2179=IFCDIRECTION((0.,1.,0.));
#2180=IFCDIRECTION((1.,0.,0.));
#2181=IFCAXIS2PLACEMENT3D(#2178,#2179,#2180);
#2182=IFCLOCALPLACEMENT($,#2181);
#2183=IFCOWNERHISTORY(#3,#5,.READWRITE.,.MODIFIED.,1777761465,#3,#5,1777761465);
#2184=IFCBEAM('2eM7XpFSr4IwFXjrpKFq4o',#2183,'BM-V-1BC-GF',$,$,#2210,#2197,$);
#2190=IFCCARTESIANPOINT((0.,0.,0.));
#2191=IFCDIRECTION((0.,0.,1.));
#2192=IFCDIRECTION((1.,0.,0.));
#2193=IFCAXIS2PLACEMENT3D(#2190,#2191,#2192);
#2194=IFCDIRECTION((0.,0.,1.));
#2195=IFCEXTRUDEDAREASOLID(#1818,#2193,#2194,6.);
#2196=IFCSHAPEREPRESENTATION(#13,'Body','SweptSolid',(#2195));
#2197=IFCPRODUCTDEFINITIONSHAPE($,$,(#2196));
#2198=IFCOWNERHISTORY(#3,#5,.READWRITE.,.ADDED.,1777761465,#3,#5,1777761465);
#2199=IFCPROPERTYSET('2slMX7EDLAdv1n4Uen0ghG',#2198,'Pset_ElementMark',$,(#2202,#2203,#2204,#2205));
#2200=IFCOWNERHISTORY(#3,#5,.READWRITE.,.ADDED.,1777761465,#3,#5,1777761465);
#2201=IFCRELDEFINESBYPROPERTIES('13bqkxMF13wwLrTpNz2YoX',#2200,$,$,(#2184),#2199);
#2202=IFCPROPERTYSINGLEVALUE('Mark',$,IFCLABEL('BM-V-1BC-GF'),$);
#2203=IFCPROPERTYSINGLEVALUE('ElementType',$,IFCLABEL('Beam'),$);
#2204=IFCPROPERTYSINGLEVALUE('Direction',$,IFCLABEL('V'),$);
#2205=IFCPROPERTYSINGLEVALUE('Level',$,IFCLABEL('GF'),$);
#2206=IFCCARTESIANPOINT((0.,6.,3.));
#2207=IFCDIRECTION((0.,1.,0.));
#2208=IFCDIRECTION((1.,0.,0.));
#2209=IFCAXIS2PLACEMENT3D(#2206,#2207,#2208);
#2210=IFCLOCALPLACEMENT($,#2209);
#2211=IFCOWNERHISTORY(#3,#5,.READWRITE.,.MODIFIED.,1777761465,#3,#5,1777761465);
#2212=IFCBEAM('0XGcRlb2TA1eE6xALayg0l',#2211,'BM-V-1CD-GF',$,$,#2238,#2225,$);
#2218=IFCCARTESIANPOINT((0.,0.,0.));
#2219=IFCDIRECTION((0.,0.,1.));
#2220=IFCDIRECTION((1.,0.,0.));
#2221=IFCAXIS2PLACEMENT3D(#2218,#2219,#2220);
#2222=IFCDIRECTION((0.,0.,1.));
#2223=IFCEXTRUDEDAREASOLID(#1818,#2221,#2222,6.);
#2224=IFCSHAPEREPRESENTATION(#13,'Body','SweptSolid',(#2223));
#2225=IFCPRODUCTDEFINITIONSHAPE($,$,(#2224));
#2226=IFCOWNERHISTORY(#3,#5,.READWRITE.,.ADDED.,1777761465,#3,#5,1777761465);
#2227=IFCPROPERTYSET('26WLjrdG92LRwi30HEO9oo',#2226,'Pset_ElementMark',$,(#2230,#2231,#2232,#2233));
#2228=IFCOWNERHISTORY(#3,#5,.READWRITE.,.ADDED.,1777761465,#3,#5,1777761465);
#2229=IFCRELDEFINESBYPROPERTIES('07Mk5mZhH3cf1XNrCBZLK1',#2228,$,$,(#2212),#2227);
#2230=IFCPROPERTYSINGLEVALUE('Mark',$,IFCLABEL('BM-V-1CD-GF'),$);
#2231=IFCPROPERTYSINGLEVALUE('ElementType',$,IFCLABEL('Beam'),$);
#2232=IFCPROPERTYSINGLEVALUE('Direction',$,IFCLABEL('V'),$);
#2233=IFCPROPERTYSINGLEVALUE('Level',$,IFCLABEL('GF'),$);
#2234=IFCCARTESIANPOINT((0.,12.,3.));
#2235=IFCDIRECTION((0.,1.,0.));
#2236=IFCDIRECTION((1.,0.,0.));
#2237=IFCAXIS2PLACEMENT3D(#2234,#2235,#2236);
#2238=IFCLOCALPLACEMENT($,#2237);
#2239=IFCOWNERHISTORY(#3,#5,.READWRITE.,.MODIFIED.,1777761465,#3,#5,1777761465);
#2240=IFCBEAM('0Qclz_pl15CB7pDA4Dd1ZG',#2239,'BM-V-2AB-GF',$,$,#2266,#2253,$);
#2246=IFCCARTESIANPOINT((0.,0.,0.));
#2247=IFCDIRECTION((0.,0.,1.));
#2248=IFCDIRECTION((1.,0.,0.));
#2249=IFCAXIS2PLACEMENT3D(#2246,#2247,#2248);
#2250=IFCDIRECTION((0.,0.,1.));
#2251=IFCEXTRUDEDAREASOLID(#1818,#2249,#2250,6.);
#2252=IFCSHAPEREPRESENTATION(#13,'Body','SweptSolid',(#2251));
#2253=IFCPRODUCTDEFINITIONSHAPE($,$,(#2252));
#2254=IFCOWNERHISTORY(#3,#5,.READWRITE.,.ADDED.,1777761465,#3,#5,1777761465);
#2255=IFCPROPERTYSET('1votgyPwj5XQ4v0N9zyEPa',#2254,'Pset_ElementMark',$,(#2258,#2259,#2260,#2261));
#2256=IFCOWNERHISTORY(#3,#5,.READWRITE.,.ADDED.,1777761465,#3,#5,1777761465);
#2257=IFCRELDEFINESBYPROPERTIES('1NcG9hL6HB3R_dUhQAVgoT',#2256,$,$,(#2240),#2255);
#2258=IFCPROPERTYSINGLEVALUE('Mark',$,IFCLABEL('BM-V-2AB-GF'),$);
#2259=IFCPROPERTYSINGLEVALUE('ElementType',$,IFCLABEL('Beam'),$);
#2260=IFCPROPERTYSINGLEVALUE('Direction',$,IFCLABEL('V'),$);
#2261=IFCPROPERTYSINGLEVALUE('Level',$,IFCLABEL('GF'),$);
#2262=IFCCARTESIANPOINT((6.,0.,3.));
#2263=IFCDIRECTION((0.,1.,0.));
#2264=IFCDIRECTION((1.,0.,0.));
#2265=IFCAXIS2PLACEMENT3D(#2262,#2263,#2264);
#2266=IFCLOCALPLACEMENT($,#2265);
#2267=IFCOWNERHISTORY(#3,#5,.READWRITE.,.MODIFIED.,1777761465,#3,#5,1777761465);
#2268=IFCBEAM('0XrDR1zfX6aRcuzD21rK3c',#2267,'BM-V-2BC-GF',$,$,#2294,#2281,$);
#2274=IFCCARTESIANPOINT((0.,0.,0.));
#2275=IFCDIRECTION((0.,0.,1.));
#2276=IFCDIRECTION((1.,0.,0.));
#2277=IFCAXIS2PLACEMENT3D(#2274,#2275,#2276);
#2278=IFCDIRECTION((0.,0.,1.));
#2279=IFCEXTRUDEDAREASOLID(#1818,#2277,#2278,6.);
#2280=IFCSHAPEREPRESENTATION(#13,'Body','SweptSolid',(#2279));
#2281=IFCPRODUCTDEFINITIONSHAPE($,$,(#2280));
#2282=IFCOWNERHISTORY(#3,#5,.READWRITE.,.ADDED.,1777761465,#3,#5,1777761465);
#2283=IFCPROPERTYSET('1TU$YGd8LBlfeyoN6B7gT0',#2282,'Pset_ElementMark',$,(#2286,#2287,#2288,#2289));
#2284=IFCOWNERHISTORY(#3,#5,.READWRITE.,.ADDED.,1777761465,#3,#5,1777761465);
#2285=IFCRELDEFINESBYPROPERTIES('0CisybtOPAnvt2zJAFTeY7',#2284,$,$,(#2268),#2283);
#2286=IFCPROPERTYSINGLEVALUE('Mark',$,IFCLABEL('BM-V-2BC-GF'),$);
#2287=IFCPROPERTYSINGLEVALUE('ElementType',$,IFCLABEL('Beam'),$);
#2288=IFCPROPERTYSINGLEVALUE('Direction',$,IFCLABEL('V'),$);
#2289=IFCPROPERTYSINGLEVALUE('Level',$,IFCLABEL('GF'),$);
#2290=IFCCARTESIANPOINT((6.,6.,3.));
#2291=IFCDIRECTION((0.,1.,0.));
#2292=IFCDIRECTION((1.,0.,0.));
#2293=IFCAXIS2PLACEMENT3D(#2290,#2291,#2292);
#2294=IFCLOCALPLACEMENT($,#2293);
#2295=IFCOWNERHISTORY(#3,#5,.READWRITE.,.MODIFIED.,1777761465,#3,#5,1777761465);
#2296=IFCBEAM('3iCsSiHLLDRvAjzPQ02JGr',#2295,'BM-V-2CD-GF',$,$,#2322,#2309,$);
#2302=IFCCARTESIANPOINT((0.,0.,0.));
#2303=IFCDIRECTION((0.,0.,1.));
#2304=IFCDIRECTION((1.,0.,0.));
#2305=IFCAXIS2PLACEMENT3D(#2302,#2303,#2304);
#2306=IFCDIRECTION((0.,0.,1.));
#2307=IFCEXTRUDEDAREASOLID(#1818,#2305,#2306,6.);
#2308=IFCSHAPEREPRESENTATION(#13,'Body','SweptSolid',(#2307));
#2309=IFCPRODUCTDEFINITIONSHAPE($,$,(#2308));
#2310=IFCOWNERHISTORY(#3,#5,.READWRITE.,.ADDED.,1777761465,#3,#5,1777761465);
#2311=IFCPROPERTYSET('337vsAny5BwB1NZyEvDA5$',#2310,'Pset_ElementMark',$,(#2314,#2315,#2316,#2317));
#2312=IFCOWNERHISTORY(#3,#5,.READWRITE.,.ADDED.,1777761465,#3,#5,1777761465);
#2313=IFCRELDEFINESBYPROPERTIES('2XmeffkvvDAOPzE5$kkXu4',#2312,$,$,(#2296),#2311);
#2314=IFCPROPERTYSINGLEVALUE('Mark',$,IFCLABEL('BM-V-2CD-GF'),$);
#2315=IFCPROPERTYSINGLEVALUE('ElementType',$,IFCLABEL('Beam'),$);
#2316=IFCPROPERTYSINGLEVALUE('Direction',$,IFCLABEL('V'),$);
#2317=IFCPROPERTYSINGLEVALUE('Level',$,IFCLABEL('GF'),$);
#2318=IFCCARTESIANPOINT((6.,12.,3.));
#2319=IFCDIRECTION((0.,1.,0.));
#2320=IFCDIRECTION((1.,0.,0.));
#2321=IFCAXIS2PLACEMENT3D(#2318,#2319,#2320);
#2322=IFCLOCALPLACEMENT($,#2321);
#2323=IFCOWNERHISTORY(#3,#5,.READWRITE.,.MODIFIED.,1777761465,#3,#5,1777761465);
#2324=IFCBEAM('0AlNl9YtT1b9d82sPLDG3H',#2323,'BM-V-3AB-GF',$,$,#2350,#2337,$);
#2330=IFCCARTESIANPOINT((0.,0.,0.));
#2331=IFCDIRECTION((0.,0.,1.));
#2332=IFCDIRECTION((1.,0.,0.));
#2333=IFCAXIS2PLACEMENT3D(#2330,#2331,#2332);
#2334=IFCDIRECTION((0.,0.,1.));
#2335=IFCEXTRUDEDAREASOLID(#1818,#2333,#2334,6.);
#2336=IFCSHAPEREPRESENTATION(#13,'Body','SweptSolid',(#2335));
#2337=IFCPRODUCTDEFINITIONSHAPE($,$,(#2336));
#2338=IFCOWNERHISTORY(#3,#5,.READWRITE.,.ADDED.,1777761465,#3,#5,1777761465);
#2339=IFCPROPERTYSET('1G$XNyX6LCVQexOVJhp2cj',#2338,'Pset_ElementMark',$,(#2342,#2343,#2344,#2345));
#2340=IFCOWNERHISTORY(#3,#5,.READWRITE.,.ADDED.,1777761465,#3,#5,1777761465);
#2341=IFCRELDEFINESBYPROPERTIES('3z5T5$kxvFhRnRDzFhMiHT',#2340,$,$,(#2324),#2339);
#2342=IFCPROPERTYSINGLEVALUE('Mark',$,IFCLABEL('BM-V-3AB-GF'),$);
#2343=IFCPROPERTYSINGLEVALUE('ElementType',$,IFCLABEL('Beam'),$);
#2344=IFCPROPERTYSINGLEVALUE('Direction',$,IFCLABEL('V'),$);
#2345=IFCPROPERTYSINGLEVALUE('Level',$,IFCLABEL('GF'),$);
#2346=IFCCARTESIANPOINT((12.,0.,3.));
#2347=IFCDIRECTION((0.,1.,0.));
#2348=IFCDIRECTION((1.,0.,0.));
#2349=IFCAXIS2PLACEMENT3D(#2346,#2347,#2348);
#2350=IFCLOCALPLACEMENT($,#2349);
#2351=IFCOWNERHISTORY(#3,#5,.READWRITE.,.MODIFIED.,1777761465,#3,#5,1777761465);
#2352=IFCBEAM('0Lz7XPrJPCYunRmA9imiF4',#2351,'BM-V-3BC-GF',$,$,#2378,#2365,$);
#2358=IFCCARTESIANPOINT((0.,0.,0.));
#2359=IFCDIRECTION((0.,0.,1.));
#2360=IFCDIRECTION((1.,0.,0.));
#2361=IFCAXIS2PLACEMENT3D(#2358,#2359,#2360);
#2362=IFCDIRECTION((0.,0.,1.));
#2363=IFCEXTRUDEDAREASOLID(#1818,#2361,#2362,6.);
#2364=IFCSHAPEREPRESENTATION(#13,'Body','SweptSolid',(#2363));
#2365=IFCPRODUCTDEFINITIONSHAPE($,$,(#2364));
#2366=IFCOWNERHISTORY(#3,#5,.READWRITE.,.ADDED.,1777761465,#3,#5,1777761465);
#2367=IFCPROPERTYSET('09c4Fw9bX0bBZr5lgu31OL',#2366,'Pset_ElementMark',$,(#2370,#2371,#2372,#2373));
#2368=IFCOWNERHISTORY(#3,#5,.READWRITE.,.ADDED.,1777761465,#3,#5,1777761465);
#2369=IFCRELDEFINESBYPROPERTIES('2Gwdny2Lf9wvRP4NFgWhOJ',#2368,$,$,(#2352),#2367);
#2370=IFCPROPERTYSINGLEVALUE('Mark',$,IFCLABEL('BM-V-3BC-GF'),$);
#2371=IFCPROPERTYSINGLEVALUE('ElementType',$,IFCLABEL('Beam'),$);
#2372=IFCPROPERTYSINGLEVALUE('Direction',$,IFCLABEL('V'),$);
#2373=IFCPROPERTYSINGLEVALUE('Level',$,IFCLABEL('GF'),$);
#2374=IFCCARTESIANPOINT((12.,6.,3.));
#2375=IFCDIRECTION((0.,1.,0.));
#2376=IFCDIRECTION((1.,0.,0.));
#2377=IFCAXIS2PLACEMENT3D(#2374,#2375,#2376);
#2378=IFCLOCALPLACEMENT($,#2377);
#2379=IFCOWNERHISTORY(#3,#5,.READWRITE.,.MODIFIED.,1777761465,#3,#5,1777761465);
#2380=IFCBEAM('17hvBfOp18h8AihfSSMWfZ',#2379,'BM-V-3CD-GF',$,$,#2406,#2393,$);
#2386=IFCCARTESIANPOINT((0.,0.,0.));
#2387=IFCDIRECTION((0.,0.,1.));
#2388=IFCDIRECTION((1.,0.,0.));
#2389=IFCAXIS2PLACEMENT3D(#2386,#2387,#2388);
#2390=IFCDIRECTION((0.,0.,1.));
#2391=IFCEXTRUDEDAREASOLID(#1818,#2389,#2390,6.);
#2392=IFCSHAPEREPRESENTATION(#13,'Body','SweptSolid',(#2391));
#2393=IFCPRODUCTDEFINITIONSHAPE($,$,(#2392));
#2394=IFCOWNERHISTORY(#3,#5,.READWRITE.,.ADDED.,1777761465,#3,#5,1777761465);
#2395=IFCPROPERTYSET('0YOeykri9FK8y57JzlVIGR',#2394,'Pset_ElementMark',$,(#2398,#2399,#2400,#2401));
#2396=IFCOWNERHISTORY(#3,#5,.READWRITE.,.ADDED.,1777761465,#3,#5,1777761465);
#2397=IFCRELDEFINESBYPROPERTIES('3z3nzkxcD99PoPPbMLTGff',#2396,$,$,(#2380),#2395);
#2398=IFCPROPERTYSINGLEVALUE('Mark',$,IFCLABEL('BM-V-3CD-GF'),$);
#2399=IFCPROPERTYSINGLEVALUE('ElementType',$,IFCLABEL('Beam'),$);
#2400=IFCPROPERTYSINGLEVALUE('Direction',$,IFCLABEL('V'),$);
#2401=IFCPROPERTYSINGLEVALUE('Level',$,IFCLABEL('GF'),$);
#2402=IFCCARTESIANPOINT((12.,12.,3.));
#2403=IFCDIRECTION((0.,1.,0.));
#2404=IFCDIRECTION((1.,0.,0.));
#2405=IFCAXIS2PLACEMENT3D(#2402,#2403,#2404);
#2406=IFCLOCALPLACEMENT($,#2405);
#2407=IFCOWNERHISTORY(#3,#5,.READWRITE.,.MODIFIED.,1777761465,#3,#5,1777761465);
#2408=IFCBEAM('3tpmC3JNrDyw0ZIG1YAo0e',#2407,'BM-V-4AB-GF',$,$,#2434,#2421,$);
#2414=IFCCARTESIANPOINT((0.,0.,0.));
#2415=IFCDIRECTION((0.,0.,1.));
#2416=IFCDIRECTION((1.,0.,0.));
#2417=IFCAXIS2PLACEMENT3D(#2414,#2415,#2416);
#2418=IFCDIRECTION((0.,0.,1.));
#2419=IFCEXTRUDEDAREASOLID(#1818,#2417,#2418,6.);
#2420=IFCSHAPEREPRESENTATION(#13,'Body','SweptSolid',(#2419));
#2421=IFCPRODUCTDEFINITIONSHAPE($,$,(#2420));
#2422=IFCOWNERHISTORY(#3,#5,.READWRITE.,.ADDED.,1777761465,#3,#5,1777761465);
#2423=IFCPROPERTYSET('3xzaF2dEX4$OmVoIJOpzxI',#2422,'Pset_ElementMark',$,(#2426,#2427,#2428,#2429));
#2424=IFCOWNERHISTORY(#3,#5,.READWRITE.,.ADDED.,1777761465,#3,#5,1777761465);
#2425=IFCRELDEFINESBYPROPERTIES('2ACyRBJx1ESeg42AxCYD__',#2424,$,$,(#2408),#2423);
#2426=IFCPROPERTYSINGLEVALUE('Mark',$,IFCLABEL('BM-V-4AB-GF'),$);
#2427=IFCPROPERTYSINGLEVALUE('ElementType',$,IFCLABEL('Beam'),$);
#2428=IFCPROPERTYSINGLEVALUE('Direction',$,IFCLABEL('V'),$);
#2429=IFCPROPERTYSINGLEVALUE('Level',$,IFCLABEL('GF'),$);
#2430=IFCCARTESIANPOINT((18.,0.,3.));
#2431=IFCDIRECTION((0.,1.,0.));
#2432=IFCDIRECTION((1.,0.,0.));
#2433=IFCAXIS2PLACEMENT3D(#2430,#2431,#2432);
#2434=IFCLOCALPLACEMENT($,#2433);
#2435=IFCOWNERHISTORY(#3,#5,.READWRITE.,.MODIFIED.,1777761465,#3,#5,1777761465);
#2436=IFCBEAM('0UpzObp0j7VvEVJBAc43xY',#2435,'BM-V-4BC-GF',$,$,#2462,#2449,$);
#2442=IFCCARTESIANPOINT((0.,0.,0.));
#2443=IFCDIRECTION((0.,0.,1.));
#2444=IFCDIRECTION((1.,0.,0.));
#2445=IFCAXIS2PLACEMENT3D(#2442,#2443,#2444);
#2446=IFCDIRECTION((0.,0.,1.));
#2447=IFCEXTRUDEDAREASOLID(#1818,#2445,#2446,6.);
#2448=IFCSHAPEREPRESENTATION(#13,'Body','SweptSolid',(#2447));
#2449=IFCPRODUCTDEFINITIONSHAPE($,$,(#2448));
#2450=IFCOWNERHISTORY(#3,#5,.READWRITE.,.ADDED.,1777761465,#3,#5,1777761465);
#2451=IFCPROPERTYSET('3pb1rk5S1FwBNo3QZpJMlD',#2450,'Pset_ElementMark',$,(#2454,#2455,#2456,#2457));
#2452=IFCOWNERHISTORY(#3,#5,.READWRITE.,.ADDED.,1777761465,#3,#5,1777761465);
#2453=IFCRELDEFINESBYPROPERTIES('25F4cvCjL4K8I2Ixe2cu2c',#2452,$,$,(#2436),#2451);
#2454=IFCPROPERTYSINGLEVALUE('Mark',$,IFCLABEL('BM-V-4BC-GF'),$);
#2455=IFCPROPERTYSINGLEVALUE('ElementType',$,IFCLABEL('Beam'),$);
#2456=IFCPROPERTYSINGLEVALUE('Direction',$,IFCLABEL('V'),$);
#2457=IFCPROPERTYSINGLEVALUE('Level',$,IFCLABEL('GF'),$);
#2458=IFCCARTESIANPOINT((18.,6.,3.));
#2459=IFCDIRECTION((0.,1.,0.));
#2460=IFCDIRECTION((1.,0.,0.));
#2461=IFCAXIS2PLACEMENT3D(#2458,#2459,#2460);
#2462=IFCLOCALPLACEMENT($,#2461);
#2463=IFCOWNERHISTORY(#3,#5,.READWRITE.,.MODIFIED.,1777761465,#3,#5,1777761465);
#2464=IFCBEAM('344RavND17gxnQ4cx8C0RL',#2463,'BM-V-4CD-GF',$,$,#2490,#2477,$);
#2470=IFCCARTESIANPOINT((0.,0.,0.));
#2471=IFCDIRECTION((0.,0.,1.));
#2472=IFCDIRECTION((1.,0.,0.));
#2473=IFCAXIS2PLACEMENT3D(#2470,#2471,#2472);
#2474=IFCDIRECTION((0.,0.,1.));
#2475=IFCEXTRUDEDAREASOLID(#1818,#2473,#2474,6.);
#2476=IFCSHAPEREPRESENTATION(#13,'Body','SweptSolid',(#2475));
#2477=IFCPRODUCTDEFINITIONSHAPE($,$,(#2476));
#2478=IFCOWNERHISTORY(#3,#5,.READWRITE.,.ADDED.,1777761465,#3,#5,1777761465);
#2479=IFCPROPERTYSET('1KsO9n8CrF5vt5VbNG7KO6',#2478,'Pset_ElementMark',$,(#2482,#2483,#2484,#2485));
#2480=IFCOWNERHISTORY(#3,#5,.READWRITE.,.ADDED.,1777761465,#3,#5,1777761465);
#2481=IFCRELDEFINESBYPROPERTIES('35pMcOZQzCZRsVkMWMyEqj',#2480,$,$,(#2464),#2479);
#2482=IFCPROPERTYSINGLEVALUE('Mark',$,IFCLABEL('BM-V-4CD-GF'),$);
#2483=IFCPROPERTYSINGLEVALUE('ElementType',$,IFCLABEL('Beam'),$);
#2484=IFCPROPERTYSINGLEVALUE('Direction',$,IFCLABEL('V'),$);
#2485=IFCPROPERTYSINGLEVALUE('Level',$,IFCLABEL('GF'),$);
#2486=IFCCARTESIANPOINT((18.,12.,3.));
#2487=IFCDIRECTION((0.,1.,0.));
#2488=IFCDIRECTION((1.,0.,0.));
#2489=IFCAXIS2PLACEMENT3D(#2486,#2487,#2488);
#2490=IFCLOCALPLACEMENT($,#2489);
#2491=IFCOWNERHISTORY(#3,#5,.READWRITE.,.MODIFIED.,1777761465,#3,#5,1777761465);
#2492=IFCBEAM('0NpC7TSjrCC9sL01Th7oJX',#2491,'BM-H-A12-L1',$,$,#2518,#2505,$);
#2498=IFCCARTESIANPOINT((0.,0.,0.));
#2499=IFCDIRECTION((0.,0.,1.));
#2500=IFCDIRECTION((1.,0.,0.));
#2501=IFCAXIS2PLACEMENT3D(#2498,#2499,#2500);
#2502=IFCDIRECTION((0.,0.,1.));
#2503=IFCEXTRUDEDAREASOLID(#1818,#2501,#2502,6.);
#2504=IFCSHAPEREPRESENTATION(#13,'Body','SweptSolid',(#2503));
#2505=IFCPRODUCTDEFINITIONSHAPE($,$,(#2504));
#2506=IFCOWNERHISTORY(#3,#5,.READWRITE.,.ADDED.,1777761465,#3,#5,1777761465);
#2507=IFCPROPERTYSET('33NJ0kDV14d9j_0kam0GwI',#2506,'Pset_ElementMark',$,(#2510,#2511,#2512,#2513));
#2508=IFCOWNERHISTORY(#3,#5,.READWRITE.,.ADDED.,1777761465,#3,#5,1777761465);
#2509=IFCRELDEFINESBYPROPERTIES('0ek9njLwL2kvgWueWBicGk',#2508,$,$,(#2492),#2507);
#2510=IFCPROPERTYSINGLEVALUE('Mark',$,IFCLABEL('BM-H-A12-L1'),$);
#2511=IFCPROPERTYSINGLEVALUE('ElementType',$,IFCLABEL('Beam'),$);
#2512=IFCPROPERTYSINGLEVALUE('Direction',$,IFCLABEL('H'),$);
#2513=IFCPROPERTYSINGLEVALUE('Level',$,IFCLABEL('L1'),$);
#2514=IFCCARTESIANPOINT((0.,0.,6.5));
#2515=IFCDIRECTION((1.,0.,0.));
#2516=IFCDIRECTION((0.,1.,0.));
#2517=IFCAXIS2PLACEMENT3D(#2514,#2515,#2516);
#2518=IFCLOCALPLACEMENT($,#2517);
#2519=IFCOWNERHISTORY(#3,#5,.READWRITE.,.MODIFIED.,1777761465,#3,#5,1777761465);
#2520=IFCBEAM('2x8$w7eDzBkfzIbgdPUx$7',#2519,'BM-H-A23-L1',$,$,#2546,#2533,$);
#2526=IFCCARTESIANPOINT((0.,0.,0.));
#2527=IFCDIRECTION((0.,0.,1.));
#2528=IFCDIRECTION((1.,0.,0.));
#2529=IFCAXIS2PLACEMENT3D(#2526,#2527,#2528);
#2530=IFCDIRECTION((0.,0.,1.));
#2531=IFCEXTRUDEDAREASOLID(#1818,#2529,#2530,6.);
#2532=IFCSHAPEREPRESENTATION(#13,'Body','SweptSolid',(#2531));
#2533=IFCPRODUCTDEFINITIONSHAPE($,$,(#2532));
#2534=IFCOWNERHISTORY(#3,#5,.READWRITE.,.ADDED.,1777761465,#3,#5,1777761465);
#2535=IFCPROPERTYSET('257rqIasb4yAurs$$0gjL8',#2534,'Pset_ElementMark',$,(#2538,#2539,#2540,#2541));
#2536=IFCOWNERHISTORY(#3,#5,.READWRITE.,.ADDED.,1777761465,#3,#5,1777761465);
#2537=IFCRELDEFINESBYPROPERTIES('31hQllKDf8aASNE7LydlL$',#2536,$,$,(#2520),#2535);
#2538=IFCPROPERTYSINGLEVALUE('Mark',$,IFCLABEL('BM-H-A23-L1'),$);
#2539=IFCPROPERTYSINGLEVALUE('ElementType',$,IFCLABEL('Beam'),$);
#2540=IFCPROPERTYSINGLEVALUE('Direction',$,IFCLABEL('H'),$);
#2541=IFCPROPERTYSINGLEVALUE('Level',$,IFCLABEL('L1'),$);
#2542=IFCCARTESIANPOINT((6.,0.,6.5));
#2543=IFCDIRECTION((1.,0.,0.));
#2544=IFCDIRECTION((0.,1.,0.));
#2545=IFCAXIS2PLACEMENT3D(#2542,#2543,#2544);
#2546=IFCLOCALPLACEMENT($,#2545);
#2547=IFCOWNERHISTORY(#3,#5,.READWRITE.,.MODIFIED.,1777761465,#3,#5,1777761465);
#2548=IFCBEAM('1Y0TEPoRT5_uR684eAMeHW',#2547,'BM-H-A34-L1',$,$,#2574,#2561,$);
#2554=IFCCARTESIANPOINT((0.,0.,0.));
#2555=IFCDIRECTION((0.,0.,1.));
#2556=IFCDIRECTION((1.,0.,0.));
#2557=IFCAXIS2PLACEMENT3D(#2554,#2555,#2556);
#2558=IFCDIRECTION((0.,0.,1.));
#2559=IFCEXTRUDEDAREASOLID(#1818,#2557,#2558,6.);
#2560=IFCSHAPEREPRESENTATION(#13,'Body','SweptSolid',(#2559));
#2561=IFCPRODUCTDEFINITIONSHAPE($,$,(#2560));
#2562=IFCOWNERHISTORY(#3,#5,.READWRITE.,.ADDED.,1777761465,#3,#5,1777761465);
#2563=IFCPROPERTYSET('2beqLOA6HD9fYY86QfLjtP',#2562,'Pset_ElementMark',$,(#2566,#2567,#2568,#2569));
#2564=IFCOWNERHISTORY(#3,#5,.READWRITE.,.ADDED.,1777761465,#3,#5,1777761465);
#2565=IFCRELDEFINESBYPROPERTIES('3thzyZHEL2qeERXNXH79Yy',#2564,$,$,(#2548),#2563);
#2566=IFCPROPERTYSINGLEVALUE('Mark',$,IFCLABEL('BM-H-A34-L1'),$);
#2567=IFCPROPERTYSINGLEVALUE('ElementType',$,IFCLABEL('Beam'),$);
#2568=IFCPROPERTYSINGLEVALUE('Direction',$,IFCLABEL('H'),$);
#2569=IFCPROPERTYSINGLEVALUE('Level',$,IFCLABEL('L1'),$);
#2570=IFCCARTESIANPOINT((12.,0.,6.5));
#2571=IFCDIRECTION((1.,0.,0.));
#2572=IFCDIRECTION((0.,1.,0.));
#2573=IFCAXIS2PLACEMENT3D(#2570,#2571,#2572);
#2574=IFCLOCALPLACEMENT($,#2573);
#2575=IFCOWNERHISTORY(#3,#5,.READWRITE.,.MODIFIED.,1777761465,#3,#5,1777761465);
#2576=IFCBEAM('302fJ8AyvD9xIoCgtQZTxr',#2575,'BM-H-B12-L1',$,$,#2602,#2589,$);
#2582=IFCCARTESIANPOINT((0.,0.,0.));
#2583=IFCDIRECTION((0.,0.,1.));
#2584=IFCDIRECTION((1.,0.,0.));
#2585=IFCAXIS2PLACEMENT3D(#2582,#2583,#2584);
#2586=IFCDIRECTION((0.,0.,1.));
#2587=IFCEXTRUDEDAREASOLID(#1818,#2585,#2586,6.);
#2588=IFCSHAPEREPRESENTATION(#13,'Body','SweptSolid',(#2587));
#2589=IFCPRODUCTDEFINITIONSHAPE($,$,(#2588));
#2590=IFCOWNERHISTORY(#3,#5,.READWRITE.,.ADDED.,1777761465,#3,#5,1777761465);
#2591=IFCPROPERTYSET('0K2nosyYH0Cugrns0jFk7y',#2590,'Pset_ElementMark',$,(#2594,#2595,#2596,#2597));
#2592=IFCOWNERHISTORY(#3,#5,.READWRITE.,.ADDED.,1777761465,#3,#5,1777761465);
#2593=IFCRELDEFINESBYPROPERTIES('3ZvIzJPwH2DBUUb9qq9u_N',#2592,$,$,(#2576),#2591);
#2594=IFCPROPERTYSINGLEVALUE('Mark',$,IFCLABEL('BM-H-B12-L1'),$);
#2595=IFCPROPERTYSINGLEVALUE('ElementType',$,IFCLABEL('Beam'),$);
#2596=IFCPROPERTYSINGLEVALUE('Direction',$,IFCLABEL('H'),$);
#2597=IFCPROPERTYSINGLEVALUE('Level',$,IFCLABEL('L1'),$);
#2598=IFCCARTESIANPOINT((0.,6.,6.5));
#2599=IFCDIRECTION((1.,0.,0.));
#2600=IFCDIRECTION((0.,1.,0.));
#2601=IFCAXIS2PLACEMENT3D(#2598,#2599,#2600);
#2602=IFCLOCALPLACEMENT($,#2601);
#2603=IFCOWNERHISTORY(#3,#5,.READWRITE.,.MODIFIED.,1777761465,#3,#5,1777761465);
#2604=IFCBEAM('3_0UrtVAz7KvCSlSfkf5$$',#2603,'BM-H-B23-L1',$,$,#2630,#2617,$);
#2610=IFCCARTESIANPOINT((0.,0.,0.));
#2611=IFCDIRECTION((0.,0.,1.));
#2612=IFCDIRECTION((1.,0.,0.));
#2613=IFCAXIS2PLACEMENT3D(#2610,#2611,#2612);
#2614=IFCDIRECTION((0.,0.,1.));
#2615=IFCEXTRUDEDAREASOLID(#1818,#2613,#2614,6.);
#2616=IFCSHAPEREPRESENTATION(#13,'Body','SweptSolid',(#2615));
#2617=IFCPRODUCTDEFINITIONSHAPE($,$,(#2616));
#2618=IFCOWNERHISTORY(#3,#5,.READWRITE.,.ADDED.,1777761465,#3,#5,1777761465);
#2619=IFCPROPERTYSET('1LAZpzSt5AHgVTtzBCTJIu',#2618,'Pset_ElementMark',$,(#2622,#2623,#2624,#2625));
#2620=IFCOWNERHISTORY(#3,#5,.READWRITE.,.ADDED.,1777761465,#3,#5,1777761465);
#2621=IFCRELDEFINESBYPROPERTIES('2IID6UX3HFahX3WTHt7evi',#2620,$,$,(#2604),#2619);
#2622=IFCPROPERTYSINGLEVALUE('Mark',$,IFCLABEL('BM-H-B23-L1'),$);
#2623=IFCPROPERTYSINGLEVALUE('ElementType',$,IFCLABEL('Beam'),$);
#2624=IFCPROPERTYSINGLEVALUE('Direction',$,IFCLABEL('H'),$);
#2625=IFCPROPERTYSINGLEVALUE('Level',$,IFCLABEL('L1'),$);
#2626=IFCCARTESIANPOINT((6.,6.,6.5));
#2627=IFCDIRECTION((1.,0.,0.));
#2628=IFCDIRECTION((0.,1.,0.));
#2629=IFCAXIS2PLACEMENT3D(#2626,#2627,#2628);
#2630=IFCLOCALPLACEMENT($,#2629);
#2631=IFCOWNERHISTORY(#3,#5,.READWRITE.,.MODIFIED.,1777761465,#3,#5,1777761465);
#2632=IFCBEAM('2aPOP9oAf8sApKzQetQHmM',#2631,'BM-H-B34-L1',$,$,#2658,#2645,$);
#2638=IFCCARTESIANPOINT((0.,0.,0.));
#2639=IFCDIRECTION((0.,0.,1.));
#2640=IFCDIRECTION((1.,0.,0.));
#2641=IFCAXIS2PLACEMENT3D(#2638,#2639,#2640);
#2642=IFCDIRECTION((0.,0.,1.));
#2643=IFCEXTRUDEDAREASOLID(#1818,#2641,#2642,6.);
#2644=IFCSHAPEREPRESENTATION(#13,'Body','SweptSolid',(#2643));
#2645=IFCPRODUCTDEFINITIONSHAPE($,$,(#2644));
#2646=IFCOWNERHISTORY(#3,#5,.READWRITE.,.ADDED.,1777761465,#3,#5,1777761465);
#2647=IFCPROPERTYSET('1xeyns0UbA8Oej5wL_DlyV',#2646,'Pset_ElementMark',$,(#2650,#2651,#2652,#2653));
#2648=IFCOWNERHISTORY(#3,#5,.READWRITE.,.ADDED.,1777761465,#3,#5,1777761465);
#2649=IFCRELDEFINESBYPROPERTIES('2mbTaNdmj4awIA_ugWeUoR',#2648,$,$,(#2632),#2647);
#2650=IFCPROPERTYSINGLEVALUE('Mark',$,IFCLABEL('BM-H-B34-L1'),$);
#2651=IFCPROPERTYSINGLEVALUE('ElementType',$,IFCLABEL('Beam'),$);
#2652=IFCPROPERTYSINGLEVALUE('Direction',$,IFCLABEL('H'),$);
#2653=IFCPROPERTYSINGLEVALUE('Level',$,IFCLABEL('L1'),$);
#2654=IFCCARTESIANPOINT((12.,6.,6.5));
#2655=IFCDIRECTION((1.,0.,0.));
#2656=IFCDIRECTION((0.,1.,0.));
#2657=IFCAXIS2PLACEMENT3D(#2654,#2655,#2656);
#2658=IFCLOCALPLACEMENT($,#2657);
#2659=IFCOWNERHISTORY(#3,#5,.READWRITE.,.MODIFIED.,1777761465,#3,#5,1777761465);
#2660=IFCBEAM('3R$eutKR9BNh9URSLUOCxY',#2659,'BM-H-C12-L1',$,$,#2686,#2673,$);
#2666=IFCCARTESIANPOINT((0.,0.,0.));
#2667=IFCDIRECTION((0.,0.,1.));
#2668=IFCDIRECTION((1.,0.,0.));
#2669=IFCAXIS2PLACEMENT3D(#2666,#2667,#2668);
#2670=IFCDIRECTION((0.,0.,1.));
#2671=IFCEXTRUDEDAREASOLID(#1818,#2669,#2670,6.);
#2672=IFCSHAPEREPRESENTATION(#13,'Body','SweptSolid',(#2671));
#2673=IFCPRODUCTDEFINITIONSHAPE($,$,(#2672));
#2674=IFCOWNERHISTORY(#3,#5,.READWRITE.,.ADDED.,1777761465,#3,#5,1777761465);
#2675=IFCPROPERTYSET('2oQH0d715B89kxK4QsFyti',#2674,'Pset_ElementMark',$,(#2678,#2679,#2680,#2681));
#2676=IFCOWNERHISTORY(#3,#5,.READWRITE.,.ADDED.,1777761465,#3,#5,1777761465);
#2677=IFCRELDEFINESBYPROPERTIES('3VK35g3Lf6ivaKwux86Hqg',#2676,$,$,(#2660),#2675);
#2678=IFCPROPERTYSINGLEVALUE('Mark',$,IFCLABEL('BM-H-C12-L1'),$);
#2679=IFCPROPERTYSINGLEVALUE('ElementType',$,IFCLABEL('Beam'),$);
#2680=IFCPROPERTYSINGLEVALUE('Direction',$,IFCLABEL('H'),$);
#2681=IFCPROPERTYSINGLEVALUE('Level',$,IFCLABEL('L1'),$);
#2682=IFCCARTESIANPOINT((0.,12.,6.5));
#2683=IFCDIRECTION((1.,0.,0.));
#2684=IFCDIRECTION((0.,1.,0.));
#2685=IFCAXIS2PLACEMENT3D(#2682,#2683,#2684);
#2686=IFCLOCALPLACEMENT($,#2685);
#2687=IFCOWNERHISTORY(#3,#5,.READWRITE.,.MODIFIED.,1777761465,#3,#5,1777761465);
#2688=IFCBEAM('0pHuunw4DBr9nsCGSHbIW4',#2687,'BM-H-C23-L1',$,$,#2714,#2701,$);
#2694=IFCCARTESIANPOINT((0.,0.,0.));
#2695=IFCDIRECTION((0.,0.,1.));
#2696=IFCDIRECTION((1.,0.,0.));
#2697=IFCAXIS2PLACEMENT3D(#2694,#2695,#2696);
#2698=IFCDIRECTION((0.,0.,1.));
#2699=IFCEXTRUDEDAREASOLID(#1818,#2697,#2698,6.);
#2700=IFCSHAPEREPRESENTATION(#13,'Body','SweptSolid',(#2699));
#2701=IFCPRODUCTDEFINITIONSHAPE($,$,(#2700));
#2702=IFCOWNERHISTORY(#3,#5,.READWRITE.,.ADDED.,1777761465,#3,#5,1777761465);
#2703=IFCPROPERTYSET('0LgbZ11dv6mB79etPbQBGL',#2702,'Pset_ElementMark',$,(#2706,#2707,#2708,#2709));
#2704=IFCOWNERHISTORY(#3,#5,.READWRITE.,.ADDED.,1777761465,#3,#5,1777761465);
#2705=IFCRELDEFINESBYPROPERTIES('0tC8Zva8v5DwfEfTkGnz7r',#2704,$,$,(#2688),#2703);
#2706=IFCPROPERTYSINGLEVALUE('Mark',$,IFCLABEL('BM-H-C23-L1'),$);
#2707=IFCPROPERTYSINGLEVALUE('ElementType',$,IFCLABEL('Beam'),$);
#2708=IFCPROPERTYSINGLEVALUE('Direction',$,IFCLABEL('H'),$);
#2709=IFCPROPERTYSINGLEVALUE('Level',$,IFCLABEL('L1'),$);
#2710=IFCCARTESIANPOINT((6.,12.,6.5));
#2711=IFCDIRECTION((1.,0.,0.));
#2712=IFCDIRECTION((0.,1.,0.));
#2713=IFCAXIS2PLACEMENT3D(#2710,#2711,#2712);
#2714=IFCLOCALPLACEMENT($,#2713);
#2715=IFCOWNERHISTORY(#3,#5,.READWRITE.,.MODIFIED.,1777761465,#3,#5,1777761465);
#2716=IFCBEAM('2F2EEYXfX4KvTu4sIBlmIy',#2715,'BM-H-C34-L1',$,$,#2742,#2729,$);
#2722=IFCCARTESIANPOINT((0.,0.,0.));
#2723=IFCDIRECTION((0.,0.,1.));
#2724=IFCDIRECTION((1.,0.,0.));
#2725=IFCAXIS2PLACEMENT3D(#2722,#2723,#2724);
#2726=IFCDIRECTION((0.,0.,1.));
#2727=IFCEXTRUDEDAREASOLID(#1818,#2725,#2726,6.);
#2728=IFCSHAPEREPRESENTATION(#13,'Body','SweptSolid',(#2727));
#2729=IFCPRODUCTDEFINITIONSHAPE($,$,(#2728));
#2730=IFCOWNERHISTORY(#3,#5,.READWRITE.,.ADDED.,1777761465,#3,#5,1777761465);
#2731=IFCPROPERTYSET('0TH0rRVLvDyeJPZ830wlPz',#2730,'Pset_ElementMark',$,(#2734,#2735,#2736,#2737));
#2732=IFCOWNERHISTORY(#3,#5,.READWRITE.,.ADDED.,1777761465,#3,#5,1777761465);
#2733=IFCRELDEFINESBYPROPERTIES('3RCirP1M174RM$xHXxGaIR',#2732,$,$,(#2716),#2731);
#2734=IFCPROPERTYSINGLEVALUE('Mark',$,IFCLABEL('BM-H-C34-L1'),$);
#2735=IFCPROPERTYSINGLEVALUE('ElementType',$,IFCLABEL('Beam'),$);
#2736=IFCPROPERTYSINGLEVALUE('Direction',$,IFCLABEL('H'),$);
#2737=IFCPROPERTYSINGLEVALUE('Level',$,IFCLABEL('L1'),$);
#2738=IFCCARTESIANPOINT((12.,12.,6.5));
#2739=IFCDIRECTION((1.,0.,0.));
#2740=IFCDIRECTION((0.,1.,0.));
#2741=IFCAXIS2PLACEMENT3D(#2738,#2739,#2740);
#2742=IFCLOCALPLACEMENT($,#2741);
#2743=IFCOWNERHISTORY(#3,#5,.READWRITE.,.MODIFIED.,1777761465,#3,#5,1777761465);
#2744=IFCBEAM('2XhWRvn4HCaBP5hW_XaLTG',#2743,'BM-H-D12-L1',$,$,#2770,#2757,$);
#2750=IFCCARTESIANPOINT((0.,0.,0.));
#2751=IFCDIRECTION((0.,0.,1.));
#2752=IFCDIRECTION((1.,0.,0.));
#2753=IFCAXIS2PLACEMENT3D(#2750,#2751,#2752);
#2754=IFCDIRECTION((0.,0.,1.));
#2755=IFCEXTRUDEDAREASOLID(#1818,#2753,#2754,6.);
#2756=IFCSHAPEREPRESENTATION(#13,'Body','SweptSolid',(#2755));
#2757=IFCPRODUCTDEFINITIONSHAPE($,$,(#2756));
#2758=IFCOWNERHISTORY(#3,#5,.READWRITE.,.ADDED.,1777761465,#3,#5,1777761465);
#2759=IFCPROPERTYSET('2FoOslYfv1KQdJtLivKto7',#2758,'Pset_ElementMark',$,(#2762,#2763,#2764,#2765));
#2760=IFCOWNERHISTORY(#3,#5,.READWRITE.,.ADDED.,1777761465,#3,#5,1777761465);
#2761=IFCRELDEFINESBYPROPERTIES('1g8dbVy3PCHg689askzqRi',#2760,$,$,(#2744),#2759);
#2762=IFCPROPERTYSINGLEVALUE('Mark',$,IFCLABEL('BM-H-D12-L1'),$);
#2763=IFCPROPERTYSINGLEVALUE('ElementType',$,IFCLABEL('Beam'),$);
#2764=IFCPROPERTYSINGLEVALUE('Direction',$,IFCLABEL('H'),$);
#2765=IFCPROPERTYSINGLEVALUE('Level',$,IFCLABEL('L1'),$);
#2766=IFCCARTESIANPOINT((0.,18.,6.5));
#2767=IFCDIRECTION((1.,0.,0.));
#2768=IFCDIRECTION((0.,1.,0.));
#2769=IFCAXIS2PLACEMENT3D(#2766,#2767,#2768);
#2770=IFCLOCALPLACEMENT($,#2769);
#2771=IFCOWNERHISTORY(#3,#5,.READWRITE.,.MODIFIED.,1777761465,#3,#5,1777761465);
#2772=IFCBEAM('3xEF_OQAL9TemDycvFjmqE',#2771,'BM-H-D23-L1',$,$,#2798,#2785,$);
#2778=IFCCARTESIANPOINT((0.,0.,0.));
#2779=IFCDIRECTION((0.,0.,1.));
#2780=IFCDIRECTION((1.,0.,0.));
#2781=IFCAXIS2PLACEMENT3D(#2778,#2779,#2780);
#2782=IFCDIRECTION((0.,0.,1.));
#2783=IFCEXTRUDEDAREASOLID(#1818,#2781,#2782,6.);
#2784=IFCSHAPEREPRESENTATION(#13,'Body','SweptSolid',(#2783));
#2785=IFCPRODUCTDEFINITIONSHAPE($,$,(#2784));
#2786=IFCOWNERHISTORY(#3,#5,.READWRITE.,.ADDED.,1777761465,#3,#5,1777761465);
#2787=IFCPROPERTYSET('2inZgjvSn8bQCGdZjj3ySP',#2786,'Pset_ElementMark',$,(#2790,#2791,#2792,#2793));
#2788=IFCOWNERHISTORY(#3,#5,.READWRITE.,.ADDED.,1777761465,#3,#5,1777761465);
#2789=IFCRELDEFINESBYPROPERTIES('0SJBUkVdf8ePc29MCEkZ4C',#2788,$,$,(#2772),#2787);
#2790=IFCPROPERTYSINGLEVALUE('Mark',$,IFCLABEL('BM-H-D23-L1'),$);
#2791=IFCPROPERTYSINGLEVALUE('ElementType',$,IFCLABEL('Beam'),$);
#2792=IFCPROPERTYSINGLEVALUE('Direction',$,IFCLABEL('H'),$);
#2793=IFCPROPERTYSINGLEVALUE('Level',$,IFCLABEL('L1'),$);
#2794=IFCCARTESIANPOINT((6.,18.,6.5));
#2795=IFCDIRECTION((1.,0.,0.));
#2796=IFCDIRECTION((0.,1.,0.));
#2797=IFCAXIS2PLACEMENT3D(#2794,#2795,#2796);
#2798=IFCLOCALPLACEMENT($,#2797);
#2799=IFCOWNERHISTORY(#3,#5,.READWRITE.,.MODIFIED.,1777761465,#3,#5,1777761465);
#2800=IFCBEAM('0sBV3bf6j3O8Q_HLIF8G0u',#2799,'BM-H-D34-L1',$,$,#2826,#2813,$);
#2806=IFCCARTESIANPOINT((0.,0.,0.));
#2807=IFCDIRECTION((0.,0.,1.));
#2808=IFCDIRECTION((1.,0.,0.));
#2809=IFCAXIS2PLACEMENT3D(#2806,#2807,#2808);
#2810=IFCDIRECTION((0.,0.,1.));
#2811=IFCEXTRUDEDAREASOLID(#1818,#2809,#2810,6.);
#2812=IFCSHAPEREPRESENTATION(#13,'Body','SweptSolid',(#2811));
#2813=IFCPRODUCTDEFINITIONSHAPE($,$,(#2812));
#2814=IFCOWNERHISTORY(#3,#5,.READWRITE.,.ADDED.,1777761465,#3,#5,1777761465);
#2815=IFCPROPERTYSET('25R2rZ93b9VeYxdl1UnVQB',#2814,'Pset_ElementMark',$,(#2818,#2819,#2820,#2821));
#2816=IFCOWNERHISTORY(#3,#5,.READWRITE.,.ADDED.,1777761465,#3,#5,1777761465);
#2817=IFCRELDEFINESBYPROPERTIES('3BfMnyWmL2Y8_KabjiM5tc',#2816,$,$,(#2800),#2815);
#2818=IFCPROPERTYSINGLEVALUE('Mark',$,IFCLABEL('BM-H-D34-L1'),$);
#2819=IFCPROPERTYSINGLEVALUE('ElementType',$,IFCLABEL('Beam'),$);
#2820=IFCPROPERTYSINGLEVALUE('Direction',$,IFCLABEL('H'),$);
#2821=IFCPROPERTYSINGLEVALUE('Level',$,IFCLABEL('L1'),$);
#2822=IFCCARTESIANPOINT((12.,18.,6.5));
#2823=IFCDIRECTION((1.,0.,0.));
#2824=IFCDIRECTION((0.,1.,0.));
#2825=IFCAXIS2PLACEMENT3D(#2822,#2823,#2824);
#2826=IFCLOCALPLACEMENT($,#2825);
#2827=IFCOWNERHISTORY(#3,#5,.READWRITE.,.MODIFIED.,1777761465,#3,#5,1777761465);
#2828=IFCBEAM('3XHhUUObH7Xu2p4KdzsXbb',#2827,'BM-V-1AB-L1',$,$,#2854,#2841,$);
#2834=IFCCARTESIANPOINT((0.,0.,0.));
#2835=IFCDIRECTION((0.,0.,1.));
#2836=IFCDIRECTION((1.,0.,0.));
#2837=IFCAXIS2PLACEMENT3D(#2834,#2835,#2836);
#2838=IFCDIRECTION((0.,0.,1.));
#2839=IFCEXTRUDEDAREASOLID(#1818,#2837,#2838,6.);
#2840=IFCSHAPEREPRESENTATION(#13,'Body','SweptSolid',(#2839));
#2841=IFCPRODUCTDEFINITIONSHAPE($,$,(#2840));
#2842=IFCOWNERHISTORY(#3,#5,.READWRITE.,.ADDED.,1777761465,#3,#5,1777761465);
#2843=IFCPROPERTYSET('1Ag8ZR_zf1dAQ2CJA0J1Zf',#2842,'Pset_ElementMark',$,(#2846,#2847,#2848,#2849));
#2844=IFCOWNERHISTORY(#3,#5,.READWRITE.,.ADDED.,1777761465,#3,#5,1777761465);
#2845=IFCRELDEFINESBYPROPERTIES('1r11kZjKPDdgGR2jj_y3Sg',#2844,$,$,(#2828),#2843);
#2846=IFCPROPERTYSINGLEVALUE('Mark',$,IFCLABEL('BM-V-1AB-L1'),$);
#2847=IFCPROPERTYSINGLEVALUE('ElementType',$,IFCLABEL('Beam'),$);
#2848=IFCPROPERTYSINGLEVALUE('Direction',$,IFCLABEL('V'),$);
#2849=IFCPROPERTYSINGLEVALUE('Level',$,IFCLABEL('L1'),$);
#2850=IFCCARTESIANPOINT((0.,0.,6.5));
#2851=IFCDIRECTION((0.,1.,0.));
#2852=IFCDIRECTION((1.,0.,0.));
#2853=IFCAXIS2PLACEMENT3D(#2850,#2851,#2852);
#2854=IFCLOCALPLACEMENT($,#2853);
#2855=IFCOWNERHISTORY(#3,#5,.READWRITE.,.MODIFIED.,1777761465,#3,#5,1777761465);
#2856=IFCBEAM('2eRM93nTvCE9jDNkbYfBDP',#2855,'BM-V-1BC-L1',$,$,#2882,#2869,$);
#2862=IFCCARTESIANPOINT((0.,0.,0.));
#2863=IFCDIRECTION((0.,0.,1.));
#2864=IFCDIRECTION((1.,0.,0.));
#2865=IFCAXIS2PLACEMENT3D(#2862,#2863,#2864);
#2866=IFCDIRECTION((0.,0.,1.));
#2867=IFCEXTRUDEDAREASOLID(#1818,#2865,#2866,6.);
#2868=IFCSHAPEREPRESENTATION(#13,'Body','SweptSolid',(#2867));
#2869=IFCPRODUCTDEFINITIONSHAPE($,$,(#2868));
#2870=IFCOWNERHISTORY(#3,#5,.READWRITE.,.ADDED.,1777761465,#3,#5,1777761465);
#2871=IFCPROPERTYSET('3ISYX616r98BJq3IuNNzLL',#2870,'Pset_ElementMark',$,(#2874,#2875,#2876,#2877));
#2872=IFCOWNERHISTORY(#3,#5,.READWRITE.,.ADDED.,1777761465,#3,#5,1777761465);
#2873=IFCRELDEFINESBYPROPERTIES('1BMMQYZkL1nPIUqyshUWjw',#2872,$,$,(#2856),#2871);
#2874=IFCPROPERTYSINGLEVALUE('Mark',$,IFCLABEL('BM-V-1BC-L1'),$);
#2875=IFCPROPERTYSINGLEVALUE('ElementType',$,IFCLABEL('Beam'),$);
#2876=IFCPROPERTYSINGLEVALUE('Direction',$,IFCLABEL('V'),$);
#2877=IFCPROPERTYSINGLEVALUE('Level',$,IFCLABEL('L1'),$);
#2878=IFCCARTESIANPOINT((0.,6.,6.5));
#2879=IFCDIRECTION((0.,1.,0.));
#2880=IFCDIRECTION((1.,0.,0.));
#2881=IFCAXIS2PLACEMENT3D(#2878,#2879,#2880);
#2882=IFCLOCALPLACEMENT($,#2881);
#2883=IFCOWNERHISTORY(#3,#5,.READWRITE.,.MODIFIED.,1777761465,#3,#5,1777761465);
#2884=IFCBEAM('0ZOAxXGBn6Jw1iEHfucnE3',#2883,'BM-V-1CD-L1',$,$,#2910,#2897,$);
#2890=IFCCARTESIANPOINT((0.,0.,0.));
#2891=IFCDIRECTION((0.,0.,1.));
#2892=IFCDIRECTION((1.,0.,0.));
#2893=IFCAXIS2PLACEMENT3D(#2890,#2891,#2892);
#2894=IFCDIRECTION((0.,0.,1.));
#2895=IFCEXTRUDEDAREASOLID(#1818,#2893,#2894,6.);
#2896=IFCSHAPEREPRESENTATION(#13,'Body','SweptSolid',(#2895));
#2897=IFCPRODUCTDEFINITIONSHAPE($,$,(#2896));
#2898=IFCOWNERHISTORY(#3,#5,.READWRITE.,.ADDED.,1777761465,#3,#5,1777761465);
#2899=IFCPROPERTYSET('3U2bP7FLjDPgOW$M0gMghQ',#2898,'Pset_ElementMark',$,(#2902,#2903,#2904,#2905));
#2900=IFCOWNERHISTORY(#3,#5,.READWRITE.,.ADDED.,1777761465,#3,#5,1777761465);
#2901=IFCRELDEFINESBYPROPERTIES('0_0XKnWFHDDQ44dRP9dvcV',#2900,$,$,(#2884),#2899);
#2902=IFCPROPERTYSINGLEVALUE('Mark',$,IFCLABEL('BM-V-1CD-L1'),$);
#2903=IFCPROPERTYSINGLEVALUE('ElementType',$,IFCLABEL('Beam'),$);
#2904=IFCPROPERTYSINGLEVALUE('Direction',$,IFCLABEL('V'),$);
#2905=IFCPROPERTYSINGLEVALUE('Level',$,IFCLABEL('L1'),$);
#2906=IFCCARTESIANPOINT((0.,12.,6.5));
#2907=IFCDIRECTION((0.,1.,0.));
#2908=IFCDIRECTION((1.,0.,0.));
#2909=IFCAXIS2PLACEMENT3D(#2906,#2907,#2908);
#2910=IFCLOCALPLACEMENT($,#2909);
#2911=IFCOWNERHISTORY(#3,#5,.READWRITE.,.MODIFIED.,1777761465,#3,#5,1777761465);
#2912=IFCBEAM('10pMPDw_9AiAJ9ouiYnO51',#2911,'BM-V-2AB-L1',$,$,#2938,#2925,$);
#2918=IFCCARTESIANPOINT((0.,0.,0.));
#2919=IFCDIRECTION((0.,0.,1.));
#2920=IFCDIRECTION((1.,0.,0.));
#2921=IFCAXIS2PLACEMENT3D(#2918,#2919,#2920);
#2922=IFCDIRECTION((0.,0.,1.));
#2923=IFCEXTRUDEDAREASOLID(#1818,#2921,#2922,6.);
#2924=IFCSHAPEREPRESENTATION(#13,'Body','SweptSolid',(#2923));
#2925=IFCPRODUCTDEFINITIONSHAPE($,$,(#2924));
#2926=IFCOWNERHISTORY(#3,#5,.READWRITE.,.ADDED.,1777761465,#3,#5,1777761465);
#2927=IFCPROPERTYSET('1sAJaJdqrF0h6qtDo16Y6v',#2926,'Pset_ElementMark',$,(#2930,#2931,#2932,#2933));
#2928=IFCOWNERHISTORY(#3,#5,.READWRITE.,.ADDED.,1777761465,#3,#5,1777761465);
#2929=IFCRELDEFINESBYPROPERTIES('24tuLadHT8mR6RN1XV4Nf5',#2928,$,$,(#2912),#2927);
#2930=IFCPROPERTYSINGLEVALUE('Mark',$,IFCLABEL('BM-V-2AB-L1'),$);
#2931=IFCPROPERTYSINGLEVALUE('ElementType',$,IFCLABEL('Beam'),$);
#2932=IFCPROPERTYSINGLEVALUE('Direction',$,IFCLABEL('V'),$);
#2933=IFCPROPERTYSINGLEVALUE('Level',$,IFCLABEL('L1'),$);
#2934=IFCCARTESIANPOINT((6.,0.,6.5));
#2935=IFCDIRECTION((0.,1.,0.));
#2936=IFCDIRECTION((1.,0.,0.));
#2937=IFCAXIS2PLACEMENT3D(#2934,#2935,#2936);
#2938=IFCLOCALPLACEMENT($,#2937);
#2939=IFCOWNERHISTORY(#3,#5,.READWRITE.,.MODIFIED.,1777761465,#3,#5,1777761465);
#2940=IFCBEAM('3b$tRlW9D0fBPlPXBttJ__',#2939,'BM-V-2BC-L1',$,$,#2966,#2953,$);
#2946=IFCCARTESIANPOINT((0.,0.,0.));
#2947=IFCDIRECTION((0.,0.,1.));
#2948=IFCDIRECTION((1.,0.,0.));
#2949=IFCAXIS2PLACEMENT3D(#2946,#2947,#2948);
#2950=IFCDIRECTION((0.,0.,1.));
#2951=IFCEXTRUDEDAREASOLID(#1818,#2949,#2950,6.);
#2952=IFCSHAPEREPRESENTATION(#13,'Body','SweptSolid',(#2951));
#2953=IFCPRODUCTDEFINITIONSHAPE($,$,(#2952));
#2954=IFCOWNERHISTORY(#3,#5,.READWRITE.,.ADDED.,1777761465,#3,#5,1777761465);
#2955=IFCPROPERTYSET('0duJdF47X5WeHzqOmBS$7f',#2954,'Pset_ElementMark',$,(#2958,#2959,#2960,#2961));
#2956=IFCOWNERHISTORY(#3,#5,.READWRITE.,.ADDED.,1777761465,#3,#5,1777761465);
#2957=IFCRELDEFINESBYPROPERTIES('1FbR1Ys6L7duQqX2vpTxzX',#2956,$,$,(#2940),#2955);
#2958=IFCPROPERTYSINGLEVALUE('Mark',$,IFCLABEL('BM-V-2BC-L1'),$);
#2959=IFCPROPERTYSINGLEVALUE('ElementType',$,IFCLABEL('Beam'),$);
#2960=IFCPROPERTYSINGLEVALUE('Direction',$,IFCLABEL('V'),$);
#2961=IFCPROPERTYSINGLEVALUE('Level',$,IFCLABEL('L1'),$);
#2962=IFCCARTESIANPOINT((6.,6.,6.5));
#2963=IFCDIRECTION((0.,1.,0.));
#2964=IFCDIRECTION((1.,0.,0.));
#2965=IFCAXIS2PLACEMENT3D(#2962,#2963,#2964);
#2966=IFCLOCALPLACEMENT($,#2965);
#2967=IFCOWNERHISTORY(#3,#5,.READWRITE.,.MODIFIED.,1777761465,#3,#5,1777761465);
#2968=IFCBEAM('2_xlSEG11BKQ5kLi9RAI2F',#2967,'BM-V-2CD-L1',$,$,#2994,#2981,$);
#2974=IFCCARTESIANPOINT((0.,0.,0.));
#2975=IFCDIRECTION((0.,0.,1.));
#2976=IFCDIRECTION((1.,0.,0.));
#2977=IFCAXIS2PLACEMENT3D(#2974,#2975,#2976);
#2978=IFCDIRECTION((0.,0.,1.));
#2979=IFCEXTRUDEDAREASOLID(#1818,#2977,#2978,6.);
#2980=IFCSHAPEREPRESENTATION(#13,'Body','SweptSolid',(#2979));
#2981=IFCPRODUCTDEFINITIONSHAPE($,$,(#2980));
#2982=IFCOWNERHISTORY(#3,#5,.READWRITE.,.ADDED.,1777761465,#3,#5,1777761465);
#2983=IFCPROPERTYSET('2uldz5f1fBHglyj1b9kfHE',#2982,'Pset_ElementMark',$,(#2986,#2987,#2988,#2989));
#2984=IFCOWNERHISTORY(#3,#5,.READWRITE.,.ADDED.,1777761465,#3,#5,1777761465);
#2985=IFCRELDEFINESBYPROPERTIES('2OWWJf5WX6IA4ocYNr9ywe',#2984,$,$,(#2968),#2983);
#2986=IFCPROPERTYSINGLEVALUE('Mark',$,IFCLABEL('BM-V-2CD-L1'),$);
#2987=IFCPROPERTYSINGLEVALUE('ElementType',$,IFCLABEL('Beam'),$);
#2988=IFCPROPERTYSINGLEVALUE('Direction',$,IFCLABEL('V'),$);
#2989=IFCPROPERTYSINGLEVALUE('Level',$,IFCLABEL('L1'),$);
#2990=IFCCARTESIANPOINT((6.,12.,6.5));
#2991=IFCDIRECTION((0.,1.,0.));
#2992=IFCDIRECTION((1.,0.,0.));
#2993=IFCAXIS2PLACEMENT3D(#2990,#2991,#2992);
#2994=IFCLOCALPLACEMENT($,#2993);
#2995=IFCOWNERHISTORY(#3,#5,.READWRITE.,.MODIFIED.,1777761465,#3,#5,1777761465);
#2996=IFCBEAM('0ZQ0iLOf93txZLteYfrbo3',#2995,'BM-V-3AB-L1',$,$,#3022,#3009,$);
#3002=IFCCARTESIANPOINT((0.,0.,0.));
#3003=IFCDIRECTION((0.,0.,1.));
#3004=IFCDIRECTION((1.,0.,0.));
#3005=IFCAXIS2PLACEMENT3D(#3002,#3003,#3004);
#3006=IFCDIRECTION((0.,0.,1.));
#3007=IFCEXTRUDEDAREASOLID(#1818,#3005,#3006,6.);
#3008=IFCSHAPEREPRESENTATION(#13,'Body','SweptSolid',(#3007));
#3009=IFCPRODUCTDEFINITIONSHAPE($,$,(#3008));
#3010=IFCOWNERHISTORY(#3,#5,.READWRITE.,.ADDED.,1777761465,#3,#5,1777761465);
#3011=IFCPROPERTYSET('1p1dAjdnD9U87uZw13OHYV',#3010,'Pset_ElementMark',$,(#3014,#3015,#3016,#3017));
#3012=IFCOWNERHISTORY(#3,#5,.READWRITE.,.ADDED.,1777761465,#3,#5,1777761465);
#3013=IFCRELDEFINESBYPROPERTIES('07BE9Qwkj3xPQ1FPJejM9L',#3012,$,$,(#2996),#3011);
#3014=IFCPROPERTYSINGLEVALUE('Mark',$,IFCLABEL('BM-V-3AB-L1'),$);
#3015=IFCPROPERTYSINGLEVALUE('ElementType',$,IFCLABEL('Beam'),$);
#3016=IFCPROPERTYSINGLEVALUE('Direction',$,IFCLABEL('V'),$);
#3017=IFCPROPERTYSINGLEVALUE('Level',$,IFCLABEL('L1'),$);
#3018=IFCCARTESIANPOINT((12.,0.,6.5));
#3019=IFCDIRECTION((0.,1.,0.));
#3020=IFCDIRECTION((1.,0.,0.));
#3021=IFCAXIS2PLACEMENT3D(#3018,#3019,#3020);
#3022=IFCLOCALPLACEMENT($,#3021);
#3023=IFCOWNERHISTORY(#3,#5,.READWRITE.,.MODIFIED.,1777761465,#3,#5,1777761465);
#3024=IFCBEAM('26PhTE3gP4$xDhDycuhySw',#3023,'BM-V-3BC-L1',$,$,#3050,#3037,$);
#3030=IFCCARTESIANPOINT((0.,0.,0.));
#3031=IFCDIRECTION((0.,0.,1.));
#3032=IFCDIRECTION((1.,0.,0.));
#3033=IFCAXIS2PLACEMENT3D(#3030,#3031,#3032);
#3034=IFCDIRECTION((0.,0.,1.));
#3035=IFCEXTRUDEDAREASOLID(#1818,#3033,#3034,6.);
#3036=IFCSHAPEREPRESENTATION(#13,'Body','SweptSolid',(#3035));
#3037=IFCPRODUCTDEFINITIONSHAPE($,$,(#3036));
#3038=IFCOWNERHISTORY(#3,#5,.READWRITE.,.ADDED.,1777761465,#3,#5,1777761465);
#3039=IFCPROPERTYSET('3MPL8mCpX8uRl6xTvQJnfc',#3038,'Pset_ElementMark',$,(#3042,#3043,#3044,#3045));
#3040=IFCOWNERHISTORY(#3,#5,.READWRITE.,.ADDED.,1777761465,#3,#5,1777761465);
#3041=IFCRELDEFINESBYPROPERTIES('2iIYk4ve59ae0xWI0nTnKT',#3040,$,$,(#3024),#3039);
#3042=IFCPROPERTYSINGLEVALUE('Mark',$,IFCLABEL('BM-V-3BC-L1'),$);
#3043=IFCPROPERTYSINGLEVALUE('ElementType',$,IFCLABEL('Beam'),$);
#3044=IFCPROPERTYSINGLEVALUE('Direction',$,IFCLABEL('V'),$);
#3045=IFCPROPERTYSINGLEVALUE('Level',$,IFCLABEL('L1'),$);
#3046=IFCCARTESIANPOINT((12.,6.,6.5));
#3047=IFCDIRECTION((0.,1.,0.));
#3048=IFCDIRECTION((1.,0.,0.));
#3049=IFCAXIS2PLACEMENT3D(#3046,#3047,#3048);
#3050=IFCLOCALPLACEMENT($,#3049);
#3051=IFCOWNERHISTORY(#3,#5,.READWRITE.,.MODIFIED.,1777761465,#3,#5,1777761465);
#3052=IFCBEAM('0Fxfi8W_fASfdM89vX4a2k',#3051,'BM-V-3CD-L1',$,$,#3078,#3065,$);
#3058=IFCCARTESIANPOINT((0.,0.,0.));
#3059=IFCDIRECTION((0.,0.,1.));
#3060=IFCDIRECTION((1.,0.,0.));
#3061=IFCAXIS2PLACEMENT3D(#3058,#3059,#3060);
#3062=IFCDIRECTION((0.,0.,1.));
#3063=IFCEXTRUDEDAREASOLID(#1818,#3061,#3062,6.);
#3064=IFCSHAPEREPRESENTATION(#13,'Body','SweptSolid',(#3063));
#3065=IFCPRODUCTDEFINITIONSHAPE($,$,(#3064));
#3066=IFCOWNERHISTORY(#3,#5,.READWRITE.,.ADDED.,1777761465,#3,#5,1777761465);
#3067=IFCPROPERTYSET('1voj4zNf1DGBzL3ocViWd_',#3066,'Pset_ElementMark',$,(#3070,#3071,#3072,#3073));
#3068=IFCOWNERHISTORY(#3,#5,.READWRITE.,.ADDED.,1777761465,#3,#5,1777761465);
#3069=IFCRELDEFINESBYPROPERTIES('09F9bv2QDAMeYdv700rlfR',#3068,$,$,(#3052),#3067);
#3070=IFCPROPERTYSINGLEVALUE('Mark',$,IFCLABEL('BM-V-3CD-L1'),$);
#3071=IFCPROPERTYSINGLEVALUE('ElementType',$,IFCLABEL('Beam'),$);
#3072=IFCPROPERTYSINGLEVALUE('Direction',$,IFCLABEL('V'),$);
#3073=IFCPROPERTYSINGLEVALUE('Level',$,IFCLABEL('L1'),$);
#3074=IFCCARTESIANPOINT((12.,12.,6.5));
#3075=IFCDIRECTION((0.,1.,0.));
#3076=IFCDIRECTION((1.,0.,0.));
#3077=IFCAXIS2PLACEMENT3D(#3074,#3075,#3076);
#3078=IFCLOCALPLACEMENT($,#3077);
#3079=IFCOWNERHISTORY(#3,#5,.READWRITE.,.MODIFIED.,1777761465,#3,#5,1777761465);
#3080=IFCBEAM('0ZAju6CWb9YwXkv5U9v1KP',#3079,'BM-V-4AB-L1',$,$,#3106,#3093,$);
#3086=IFCCARTESIANPOINT((0.,0.,0.));
#3087=IFCDIRECTION((0.,0.,1.));
#3088=IFCDIRECTION((1.,0.,0.));
#3089=IFCAXIS2PLACEMENT3D(#3086,#3087,#3088);
#3090=IFCDIRECTION((0.,0.,1.));
#3091=IFCEXTRUDEDAREASOLID(#1818,#3089,#3090,6.);
#3092=IFCSHAPEREPRESENTATION(#13,'Body','SweptSolid',(#3091));
#3093=IFCPRODUCTDEFINITIONSHAPE($,$,(#3092));
#3094=IFCOWNERHISTORY(#3,#5,.READWRITE.,.ADDED.,1777761465,#3,#5,1777761465);
#3095=IFCPROPERTYSET('0orVTdNkj45gO_5jAvFOaN',#3094,'Pset_ElementMark',$,(#3098,#3099,#3100,#3101));
#3096=IFCOWNERHISTORY(#3,#5,.READWRITE.,.ADDED.,1777761465,#3,#5,1777761465);
#3097=IFCRELDEFINESBYPROPERTIES('2AkzOMTSz9cARgolKHDAng',#3096,$,$,(#3080),#3095);
#3098=IFCPROPERTYSINGLEVALUE('Mark',$,IFCLABEL('BM-V-4AB-L1'),$);
#3099=IFCPROPERTYSINGLEVALUE('ElementType',$,IFCLABEL('Beam'),$);
#3100=IFCPROPERTYSINGLEVALUE('Direction',$,IFCLABEL('V'),$);
#3101=IFCPROPERTYSINGLEVALUE('Level',$,IFCLABEL('L1'),$);
#3102=IFCCARTESIANPOINT((18.,0.,6.5));
#3103=IFCDIRECTION((0.,1.,0.));
#3104=IFCDIRECTION((1.,0.,0.));
#3105=IFCAXIS2PLACEMENT3D(#3102,#3103,#3104);
#3106=IFCLOCALPLACEMENT($,#3105);
#3107=IFCOWNERHISTORY(#3,#5,.READWRITE.,.MODIFIED.,1777761465,#3,#5,1777761465);
#3108=IFCBEAM('1aE8TVxMTCoOPlV89DAesl',#3107,'BM-V-4BC-L1',$,$,#3134,#3121,$);
#3114=IFCCARTESIANPOINT((0.,0.,0.));
#3115=IFCDIRECTION((0.,0.,1.));
#3116=IFCDIRECTION((1.,0.,0.));
#3117=IFCAXIS2PLACEMENT3D(#3114,#3115,#3116);
#3118=IFCDIRECTION((0.,0.,1.));
#3119=IFCEXTRUDEDAREASOLID(#1818,#3117,#3118,6.);
#3120=IFCSHAPEREPRESENTATION(#13,'Body','SweptSolid',(#3119));
#3121=IFCPRODUCTDEFINITIONSHAPE($,$,(#3120));
#3122=IFCOWNERHISTORY(#3,#5,.READWRITE.,.ADDED.,1777761465,#3,#5,1777761465);
#3123=IFCPROPERTYSET('0BBREV9EXEFRpOQWiDBboP',#3122,'Pset_ElementMark',$,(#3126,#3127,#3128,#3129));
#3124=IFCOWNERHISTORY(#3,#5,.READWRITE.,.ADDED.,1777761465,#3,#5,1777761465);
#3125=IFCRELDEFINESBYPROPERTIES('25oTb12VDCvO31138nazB3',#3124,$,$,(#3108),#3123);
#3126=IFCPROPERTYSINGLEVALUE('Mark',$,IFCLABEL('BM-V-4BC-L1'),$);
#3127=IFCPROPERTYSINGLEVALUE('ElementType',$,IFCLABEL('Beam'),$);
#3128=IFCPROPERTYSINGLEVALUE('Direction',$,IFCLABEL('V'),$);
#3129=IFCPROPERTYSINGLEVALUE('Level',$,IFCLABEL('L1'),$);
#3130=IFCCARTESIANPOINT((18.,6.,6.5));
#3131=IFCDIRECTION((0.,1.,0.));
#3132=IFCDIRECTION((1.,0.,0.));
#3133=IFCAXIS2PLACEMENT3D(#3130,#3131,#3132);
#3134=IFCLOCALPLACEMENT($,#3133);
#3135=IFCOWNERHISTORY(#3,#5,.READWRITE.,.MODIFIED.,1777761465,#3,#5,1777761465);
#3136=IFCBEAM('2Zg31qozT9ngRwWeK5cqCd',#3135,'BM-V-4CD-L1',$,$,#3162,#3149,$);
#3142=IFCCARTESIANPOINT((0.,0.,0.));
#3143=IFCDIRECTION((0.,0.,1.));
#3144=IFCDIRECTION((1.,0.,0.));
#3145=IFCAXIS2PLACEMENT3D(#3142,#3143,#3144);
#3146=IFCDIRECTION((0.,0.,1.));
#3147=IFCEXTRUDEDAREASOLID(#1818,#3145,#3146,6.);
#3148=IFCSHAPEREPRESENTATION(#13,'Body','SweptSolid',(#3147));
#3149=IFCPRODUCTDEFINITIONSHAPE($,$,(#3148));
#3150=IFCOWNERHISTORY(#3,#5,.READWRITE.,.ADDED.,1777761465,#3,#5,1777761465);
#3151=IFCPROPERTYSET('2AAW0jzIP6xBebAXnBdW_m',#3150,'Pset_ElementMark',$,(#3154,#3155,#3156,#3157));
#3152=IFCOWNERHISTORY(#3,#5,.READWRITE.,.ADDED.,1777761465,#3,#5,1777761465);
#3153=IFCRELDEFINESBYPROPERTIES('0_WUCyKMPElwWAmqb4HqHP',#3152,$,$,(#3136),#3151);
#3154=IFCPROPERTYSINGLEVALUE('Mark',$,IFCLABEL('BM-V-4CD-L1'),$);
#3155=IFCPROPERTYSINGLEVALUE('ElementType',$,IFCLABEL('Beam'),$);
#3156=IFCPROPERTYSINGLEVALUE('Direction',$,IFCLABEL('V'),$);
#3157=IFCPROPERTYSINGLEVALUE('Level',$,IFCLABEL('L1'),$);
#3158=IFCCARTESIANPOINT((18.,12.,6.5));
#3159=IFCDIRECTION((0.,1.,0.));
#3160=IFCDIRECTION((1.,0.,0.));
#3161=IFCAXIS2PLACEMENT3D(#3158,#3159,#3160);
#3162=IFCLOCALPLACEMENT($,#3161);
#3163=IFCOWNERHISTORY(#3,#5,.READWRITE.,.MODIFIED.,1777761465,#3,#5,1777761465);
#3164=IFCBEAM('1n2zLGPX52CPL5XSIMFLRy',#3163,'BM-H-A12-L2',$,$,#3190,#3177,$);
#3170=IFCCARTESIANPOINT((0.,0.,0.));
#3171=IFCDIRECTION((0.,0.,1.));
#3172=IFCDIRECTION((1.,0.,0.));
#3173=IFCAXIS2PLACEMENT3D(#3170,#3171,#3172);
#3174=IFCDIRECTION((0.,0.,1.));
#3175=IFCEXTRUDEDAREASOLID(#1818,#3173,#3174,6.);
#3176=IFCSHAPEREPRESENTATION(#13,'Body','SweptSolid',(#3175));
#3177=IFCPRODUCTDEFINITIONSHAPE($,$,(#3176));
#3178=IFCOWNERHISTORY(#3,#5,.READWRITE.,.ADDED.,1777761465,#3,#5,1777761465);
#3179=IFCPROPERTYSET('0Kyzg_r1DCKOzSW$O0hpl8',#3178,'Pset_ElementMark',$,(#3182,#3183,#3184,#3185));
#3180=IFCOWNERHISTORY(#3,#5,.READWRITE.,.ADDED.,1777761465,#3,#5,1777761465);
#3181=IFCRELDEFINESBYPROPERTIES('3_efsjhj57GxGrysDzxuVS',#3180,$,$,(#3164),#3179);
#3182=IFCPROPERTYSINGLEVALUE('Mark',$,IFCLABEL('BM-H-A12-L2'),$);
#3183=IFCPROPERTYSINGLEVALUE('ElementType',$,IFCLABEL('Beam'),$);
#3184=IFCPROPERTYSINGLEVALUE('Direction',$,IFCLABEL('H'),$);
#3185=IFCPROPERTYSINGLEVALUE('Level',$,IFCLABEL('L2'),$);
#3186=IFCCARTESIANPOINT((0.,0.,10.));
#3187=IFCDIRECTION((1.,0.,0.));
#3188=IFCDIRECTION((0.,1.,0.));
#3189=IFCAXIS2PLACEMENT3D(#3186,#3187,#3188);
#3190=IFCLOCALPLACEMENT($,#3189);
#3191=IFCOWNERHISTORY(#3,#5,.READWRITE.,.MODIFIED.,1777761465,#3,#5,1777761465);
#3192=IFCBEAM('3YLf99Suf7LeUFQ9o9sii1',#3191,'BM-H-A23-L2',$,$,#3218,#3205,$);
#3198=IFCCARTESIANPOINT((0.,0.,0.));
#3199=IFCDIRECTION((0.,0.,1.));
#3200=IFCDIRECTION((1.,0.,0.));
#3201=IFCAXIS2PLACEMENT3D(#3198,#3199,#3200);
#3202=IFCDIRECTION((0.,0.,1.));
#3203=IFCEXTRUDEDAREASOLID(#1818,#3201,#3202,6.);
#3204=IFCSHAPEREPRESENTATION(#13,'Body','SweptSolid',(#3203));
#3205=IFCPRODUCTDEFINITIONSHAPE($,$,(#3204));
#3206=IFCOWNERHISTORY(#3,#5,.READWRITE.,.ADDED.,1777761465,#3,#5,1777761465);
#3207=IFCPROPERTYSET('0erB$xHXX8s8IQYDvyQ9c9',#3206,'Pset_ElementMark',$,(#3210,#3211,#3212,#3213));
#3208=IFCOWNERHISTORY(#3,#5,.READWRITE.,.ADDED.,1777761465,#3,#5,1777761465);
#3209=IFCRELDEFINESBYPROPERTIES('10VLJI17v8XA7i_A_DKsSO',#3208,$,$,(#3192),#3207);
#3210=IFCPROPERTYSINGLEVALUE('Mark',$,IFCLABEL('BM-H-A23-L2'),$);
#3211=IFCPROPERTYSINGLEVALUE('ElementType',$,IFCLABEL('Beam'),$);
#3212=IFCPROPERTYSINGLEVALUE('Direction',$,IFCLABEL('H'),$);
#3213=IFCPROPERTYSINGLEVALUE('Level',$,IFCLABEL('L2'),$);
#3214=IFCCARTESIANPOINT((6.,0.,10.));
#3215=IFCDIRECTION((1.,0.,0.));
#3216=IFCDIRECTION((0.,1.,0.));
#3217=IFCAXIS2PLACEMENT3D(#3214,#3215,#3216);
#3218=IFCLOCALPLACEMENT($,#3217);
#3219=IFCOWNERHISTORY(#3,#5,.READWRITE.,.MODIFIED.,1777761465,#3,#5,1777761465);
#3220=IFCBEAM('26_ZeUPR5EaugmIH2gCnyM',#3219,'BM-H-A34-L2',$,$,#3246,#3233,$);
#3226=IFCCARTESIANPOINT((0.,0.,0.));
#3227=IFCDIRECTION((0.,0.,1.));
#3228=IFCDIRECTION((1.,0.,0.));
#3229=IFCAXIS2PLACEMENT3D(#3226,#3227,#3228);
#3230=IFCDIRECTION((0.,0.,1.));
#3231=IFCEXTRUDEDAREASOLID(#1818,#3229,#3230,6.);
#3232=IFCSHAPEREPRESENTATION(#13,'Body','SweptSolid',(#3231));
#3233=IFCPRODUCTDEFINITIONSHAPE($,$,(#3232));
#3234=IFCOWNERHISTORY(#3,#5,.READWRITE.,.ADDED.,1777761465,#3,#5,1777761465);
#3235=IFCPROPERTYSET('1fxV_kz114Oh_xDKQ3XQm9',#3234,'Pset_ElementMark',$,(#3238,#3239,#3240,#3241));
#3236=IFCOWNERHISTORY(#3,#5,.READWRITE.,.ADDED.,1777761465,#3,#5,1777761465);
#3237=IFCRELDEFINESBYPROPERTIES('0TAXwWylb0I9vFR54O3uYP',#3236,$,$,(#3220),#3235);
#3238=IFCPROPERTYSINGLEVALUE('Mark',$,IFCLABEL('BM-H-A34-L2'),$);
#3239=IFCPROPERTYSINGLEVALUE('ElementType',$,IFCLABEL('Beam'),$);
#3240=IFCPROPERTYSINGLEVALUE('Direction',$,IFCLABEL('H'),$);
#3241=IFCPROPERTYSINGLEVALUE('Level',$,IFCLABEL('L2'),$);
#3242=IFCCARTESIANPOINT((12.,0.,10.));
#3243=IFCDIRECTION((1.,0.,0.));
#3244=IFCDIRECTION((0.,1.,0.));
#3245=IFCAXIS2PLACEMENT3D(#3242,#3243,#3244);
#3246=IFCLOCALPLACEMENT($,#3245);
#3247=IFCOWNERHISTORY(#3,#5,.READWRITE.,.MODIFIED.,1777761465,#3,#5,1777761465);
#3248=IFCBEAM('0EJ9J6E5L389JHOrJbtHVj',#3247,'BM-H-B12-L2',$,$,#3274,#3261,$);
#3254=IFCCARTESIANPOINT((0.,0.,0.));
#3255=IFCDIRECTION((0.,0.,1.));
#3256=IFCDIRECTION((1.,0.,0.));
#3257=IFCAXIS2PLACEMENT3D(#3254,#3255,#3256);
#3258=IFCDIRECTION((0.,0.,1.));
#3259=IFCEXTRUDEDAREASOLID(#1818,#3257,#3258,6.);
#3260=IFCSHAPEREPRESENTATION(#13,'Body','SweptSolid',(#3259));
#3261=IFCPRODUCTDEFINITIONSHAPE($,$,(#3260));
#3262=IFCOWNERHISTORY(#3,#5,.READWRITE.,.ADDED.,1777761465,#3,#5,1777761465);
#3263=IFCPROPERTYSET('1yd$c3CeD8dePKZaNcz2VP',#3262,'Pset_ElementMark',$,(#3266,#3267,#3268,#3269));
#3264=IFCOWNERHISTORY(#3,#5,.READWRITE.,.ADDED.,1777761465,#3,#5,1777761465);
#3265=IFCRELDEFINESBYPROPERTIES('1WJpuTgzv6AwaDQcXc7b4S',#3264,$,$,(#3248),#3263);
#3266=IFCPROPERTYSINGLEVALUE('Mark',$,IFCLABEL('BM-H-B12-L2'),$);
#3267=IFCPROPERTYSINGLEVALUE('ElementType',$,IFCLABEL('Beam'),$);
#3268=IFCPROPERTYSINGLEVALUE('Direction',$,IFCLABEL('H'),$);
#3269=IFCPROPERTYSINGLEVALUE('Level',$,IFCLABEL('L2'),$);
#3270=IFCCARTESIANPOINT((0.,6.,10.));
#3271=IFCDIRECTION((1.,0.,0.));
#3272=IFCDIRECTION((0.,1.,0.));
#3273=IFCAXIS2PLACEMENT3D(#3270,#3271,#3272);
#3274=IFCLOCALPLACEMENT($,#3273);
#3275=IFCOWNERHISTORY(#3,#5,.READWRITE.,.MODIFIED.,1777761465,#3,#5,1777761465);
#3276=IFCBEAM('1TpaNaoQb1Cu3MhyH0S1Jp',#3275,'BM-H-B23-L2',$,$,#3302,#3289,$);
#3282=IFCCARTESIANPOINT((0.,0.,0.));
#3283=IFCDIRECTION((0.,0.,1.));
#3284=IFCDIRECTION((1.,0.,0.));
#3285=IFCAXIS2PLACEMENT3D(#3282,#3283,#3284);
#3286=IFCDIRECTION((0.,0.,1.));
#3287=IFCEXTRUDEDAREASOLID(#1818,#3285,#3286,6.);
#3288=IFCSHAPEREPRESENTATION(#13,'Body','SweptSolid',(#3287));
#3289=IFCPRODUCTDEFINITIONSHAPE($,$,(#3288));
#3290=IFCOWNERHISTORY(#3,#5,.READWRITE.,.ADDED.,1777761465,#3,#5,1777761465);
#3291=IFCPROPERTYSET('0OxPlRX9PBJx9$oMsO1nDm',#3290,'Pset_ElementMark',$,(#3294,#3295,#3296,#3297));
#3292=IFCOWNERHISTORY(#3,#5,.READWRITE.,.ADDED.,1777761465,#3,#5,1777761465);
#3293=IFCRELDEFINESBYPROPERTIES('3KIi23Lev4OxqWcsSzaTlQ',#3292,$,$,(#3276),#3291);
#3294=IFCPROPERTYSINGLEVALUE('Mark',$,IFCLABEL('BM-H-B23-L2'),$);
#3295=IFCPROPERTYSINGLEVALUE('ElementType',$,IFCLABEL('Beam'),$);
#3296=IFCPROPERTYSINGLEVALUE('Direction',$,IFCLABEL('H'),$);
#3297=IFCPROPERTYSINGLEVALUE('Level',$,IFCLABEL('L2'),$);
#3298=IFCCARTESIANPOINT((6.,6.,10.));
#3299=IFCDIRECTION((1.,0.,0.));
#3300=IFCDIRECTION((0.,1.,0.));
#3301=IFCAXIS2PLACEMENT3D(#3298,#3299,#3300);
#3302=IFCLOCALPLACEMENT($,#3301);
#3303=IFCOWNERHISTORY(#3,#5,.READWRITE.,.MODIFIED.,1777761465,#3,#5,1777761465);
#3304=IFCBEAM('1Fi8CRWOX7_OOLluT01WfN',#3303,'BM-H-B34-L2',$,$,#3330,#3317,$);
#3310=IFCCARTESIANPOINT((0.,0.,0.));
#3311=IFCDIRECTION((0.,0.,1.));
#3312=IFCDIRECTION((1.,0.,0.));
#3313=IFCAXIS2PLACEMENT3D(#3310,#3311,#3312);
#3314=IFCDIRECTION((0.,0.,1.));
#3315=IFCEXTRUDEDAREASOLID(#1818,#3313,#3314,6.);
#3316=IFCSHAPEREPRESENTATION(#13,'Body','SweptSolid',(#3315));
#3317=IFCPRODUCTDEFINITIONSHAPE($,$,(#3316));
#3318=IFCOWNERHISTORY(#3,#5,.READWRITE.,.ADDED.,1777761465,#3,#5,1777761465);
#3319=IFCPROPERTYSET('1lup6Rz8b0ywcR9vF5Cn5v',#3318,'Pset_ElementMark',$,(#3322,#3323,#3324,#3325));
#3320=IFCOWNERHISTORY(#3,#5,.READWRITE.,.ADDED.,1777761465,#3,#5,1777761465);
#3321=IFCRELDEFINESBYPROPERTIES('2BH56f$mXDS8KNeFe4oapC',#3320,$,$,(#3304),#3319);
#3322=IFCPROPERTYSINGLEVALUE('Mark',$,IFCLABEL('BM-H-B34-L2'),$);
#3323=IFCPROPERTYSINGLEVALUE('ElementType',$,IFCLABEL('Beam'),$);
#3324=IFCPROPERTYSINGLEVALUE('Direction',$,IFCLABEL('H'),$);
#3325=IFCPROPERTYSINGLEVALUE('Level',$,IFCLABEL('L2'),$);
#3326=IFCCARTESIANPOINT((12.,6.,10.));
#3327=IFCDIRECTION((1.,0.,0.));
#3328=IFCDIRECTION((0.,1.,0.));
#3329=IFCAXIS2PLACEMENT3D(#3326,#3327,#3328);
#3330=IFCLOCALPLACEMENT($,#3329);
#3331=IFCOWNERHISTORY(#3,#5,.READWRITE.,.MODIFIED.,1777761465,#3,#5,1777761465);
#3332=IFCBEAM('1VFNZ$Iez9FvQHj3gMcwiW',#3331,'BM-H-C12-L2',$,$,#3358,#3345,$);
#3338=IFCCARTESIANPOINT((0.,0.,0.));
#3339=IFCDIRECTION((0.,0.,1.));
#3340=IFCDIRECTION((1.,0.,0.));
#3341=IFCAXIS2PLACEMENT3D(#3338,#3339,#3340);
#3342=IFCDIRECTION((0.,0.,1.));
#3343=IFCEXTRUDEDAREASOLID(#1818,#3341,#3342,6.);
#3344=IFCSHAPEREPRESENTATION(#13,'Body','SweptSolid',(#3343));
#3345=IFCPRODUCTDEFINITIONSHAPE($,$,(#3344));
#3346=IFCOWNERHISTORY(#3,#5,.READWRITE.,.ADDED.,1777761465,#3,#5,1777761465);
#3347=IFCPROPERTYSET('3vldi0BQzDeQTX6WS$M$LV',#3346,'Pset_ElementMark',$,(#3350,#3351,#3352,#3353));
#3348=IFCOWNERHISTORY(#3,#5,.READWRITE.,.ADDED.,1777761465,#3,#5,1777761465);
#3349=IFCRELDEFINESBYPROPERTIES('3PzNbycG911QrA$EuebeH6',#3348,$,$,(#3332),#3347);
#3350=IFCPROPERTYSINGLEVALUE('Mark',$,IFCLABEL('BM-H-C12-L2'),$);
#3351=IFCPROPERTYSINGLEVALUE('ElementType',$,IFCLABEL('Beam'),$);
#3352=IFCPROPERTYSINGLEVALUE('Direction',$,IFCLABEL('H'),$);
#3353=IFCPROPERTYSINGLEVALUE('Level',$,IFCLABEL('L2'),$);
#3354=IFCCARTESIANPOINT((0.,12.,10.));
#3355=IFCDIRECTION((1.,0.,0.));
#3356=IFCDIRECTION((0.,1.,0.));
#3357=IFCAXIS2PLACEMENT3D(#3354,#3355,#3356);
#3358=IFCLOCALPLACEMENT($,#3357);
#3359=IFCOWNERHISTORY(#3,#5,.READWRITE.,.MODIFIED.,1777761465,#3,#5,1777761465);
#3360=IFCBEAM('0Ner4Uqvf7JvkN5LElXaYp',#3359,'BM-H-C23-L2',$,$,#3386,#3373,$);
#3366=IFCCARTESIANPOINT((0.,0.,0.));
#3367=IFCDIRECTION((0.,0.,1.));
#3368=IFCDIRECTION((1.,0.,0.));
#3369=IFCAXIS2PLACEMENT3D(#3366,#3367,#3368);
#3370=IFCDIRECTION((0.,0.,1.));
#3371=IFCEXTRUDEDAREASOLID(#1818,#3369,#3370,6.);
#3372=IFCSHAPEREPRESENTATION(#13,'Body','SweptSolid',(#3371));
#3373=IFCPRODUCTDEFINITIONSHAPE($,$,(#3372));
#3374=IFCOWNERHISTORY(#3,#5,.READWRITE.,.ADDED.,1777761465,#3,#5,1777761465);
#3375=IFCPROPERTYSET('3Qgz5M_Qj4JPcR9KcFUQuk',#3374,'Pset_ElementMark',$,(#3378,#3379,#3380,#3381));
#3376=IFCOWNERHISTORY(#3,#5,.READWRITE.,.ADDED.,1777761465,#3,#5,1777761465);
#3377=IFCRELDEFINESBYPROPERTIES('2rJY$sgM9EOQ55sj6RpcWH',#3376,$,$,(#3360),#3375);
#3378=IFCPROPERTYSINGLEVALUE('Mark',$,IFCLABEL('BM-H-C23-L2'),$);
#3379=IFCPROPERTYSINGLEVALUE('ElementType',$,IFCLABEL('Beam'),$);
#3380=IFCPROPERTYSINGLEVALUE('Direction',$,IFCLABEL('H'),$);
#3381=IFCPROPERTYSINGLEVALUE('Level',$,IFCLABEL('L2'),$);
#3382=IFCCARTESIANPOINT((6.,12.,10.));
#3383=IFCDIRECTION((1.,0.,0.));
#3384=IFCDIRECTION((0.,1.,0.));
#3385=IFCAXIS2PLACEMENT3D(#3382,#3383,#3384);
#3386=IFCLOCALPLACEMENT($,#3385);
#3387=IFCOWNERHISTORY(#3,#5,.READWRITE.,.MODIFIED.,1777761465,#3,#5,1777761465);
#3388=IFCBEAM('1UVyZp_$rC8fXnTxzcvhm$',#3387,'BM-H-C34-L2',$,$,#3414,#3401,$);
#3394=IFCCARTESIANPOINT((0.,0.,0.));
#3395=IFCDIRECTION((0.,0.,1.));
#3396=IFCDIRECTION((1.,0.,0.));
#3397=IFCAXIS2PLACEMENT3D(#3394,#3395,#3396);
#3398=IFCDIRECTION((0.,0.,1.));
#3399=IFCEXTRUDEDAREASOLID(#1818,#3397,#3398,6.);
#3400=IFCSHAPEREPRESENTATION(#13,'Body','SweptSolid',(#3399));
#3401=IFCPRODUCTDEFINITIONSHAPE($,$,(#3400));
#3402=IFCOWNERHISTORY(#3,#5,.READWRITE.,.ADDED.,1777761465,#3,#5,1777761465);
#3403=IFCPROPERTYSET('0f6hcUXxfD38kzWgKUaz2x',#3402,'Pset_ElementMark',$,(#3406,#3407,#3408,#3409));
#3404=IFCOWNERHISTORY(#3,#5,.READWRITE.,.ADDED.,1777761465,#3,#5,1777761465);
#3405=IFCRELDEFINESBYPROPERTIES('3oVLzOLgH5EAdUwGb4uOK1',#3404,$,$,(#3388),#3403);
#3406=IFCPROPERTYSINGLEVALUE('Mark',$,IFCLABEL('BM-H-C34-L2'),$);
#3407=IFCPROPERTYSINGLEVALUE('ElementType',$,IFCLABEL('Beam'),$);
#3408=IFCPROPERTYSINGLEVALUE('Direction',$,IFCLABEL('H'),$);
#3409=IFCPROPERTYSINGLEVALUE('Level',$,IFCLABEL('L2'),$);
#3410=IFCCARTESIANPOINT((12.,12.,10.));
#3411=IFCDIRECTION((1.,0.,0.));
#3412=IFCDIRECTION((0.,1.,0.));
#3413=IFCAXIS2PLACEMENT3D(#3410,#3411,#3412);
#3414=IFCLOCALPLACEMENT($,#3413);
#3415=IFCOWNERHISTORY(#3,#5,.READWRITE.,.MODIFIED.,1777761465,#3,#5,1777761465);
#3416=IFCBEAM('2gVSWEwD1C0ul7vb485W1b',#3415,'BM-H-D12-L2',$,$,#3442,#3429,$);
#3422=IFCCARTESIANPOINT((0.,0.,0.));
#3423=IFCDIRECTION((0.,0.,1.));
#3424=IFCDIRECTION((1.,0.,0.));
#3425=IFCAXIS2PLACEMENT3D(#3422,#3423,#3424);
#3426=IFCDIRECTION((0.,0.,1.));
#3427=IFCEXTRUDEDAREASOLID(#1818,#3425,#3426,6.);
#3428=IFCSHAPEREPRESENTATION(#13,'Body','SweptSolid',(#3427));
#3429=IFCPRODUCTDEFINITIONSHAPE($,$,(#3428));
#3430=IFCOWNERHISTORY(#3,#5,.READWRITE.,.ADDED.,1777761465,#3,#5,1777761465);
#3431=IFCPROPERTYSET('1w7eT5yUD0EO9rir2AQ3hm',#3430,'Pset_ElementMark',$,(#3434,#3435,#3436,#3437));
#3432=IFCOWNERHISTORY(#3,#5,.READWRITE.,.ADDED.,1777761465,#3,#5,1777761465);
#3433=IFCRELDEFINESBYPROPERTIES('2ooKi3xdPFo88g8VcTrT50',#3432,$,$,(#3416),#3431);
#3434=IFCPROPERTYSINGLEVALUE('Mark',$,IFCLABEL('BM-H-D12-L2'),$);
#3435=IFCPROPERTYSINGLEVALUE('ElementType',$,IFCLABEL('Beam'),$);
#3436=IFCPROPERTYSINGLEVALUE('Direction',$,IFCLABEL('H'),$);
#3437=IFCPROPERTYSINGLEVALUE('Level',$,IFCLABEL('L2'),$);
#3438=IFCCARTESIANPOINT((0.,18.,10.));
#3439=IFCDIRECTION((1.,0.,0.));
#3440=IFCDIRECTION((0.,1.,0.));
#3441=IFCAXIS2PLACEMENT3D(#3438,#3439,#3440);
#3442=IFCLOCALPLACEMENT($,#3441);
#3443=IFCOWNERHISTORY(#3,#5,.READWRITE.,.MODIFIED.,1777761465,#3,#5,1777761465);
#3444=IFCBEAM('0g4uK9Tuj4Y9M4uORXmIO8',#3443,'BM-H-D23-L2',$,$,#3470,#3457,$);
#3450=IFCCARTESIANPOINT((0.,0.,0.));
#3451=IFCDIRECTION((0.,0.,1.));
#3452=IFCDIRECTION((1.,0.,0.));
#3453=IFCAXIS2PLACEMENT3D(#3450,#3451,#3452);
#3454=IFCDIRECTION((0.,0.,1.));
#3455=IFCEXTRUDEDAREASOLID(#1818,#3453,#3454,6.);
#3456=IFCSHAPEREPRESENTATION(#13,'Body','SweptSolid',(#3455));
#3457=IFCPRODUCTDEFINITIONSHAPE($,$,(#3456));
#3458=IFCOWNERHISTORY(#3,#5,.READWRITE.,.ADDED.,1777761465,#3,#5,1777761465);
#3459=IFCPROPERTYSET('3NW8mXRrX7Jem2e4V7i8wk',#3458,'Pset_ElementMark',$,(#3462,#3463,#3464,#3465));
#3460=IFCOWNERHISTORY(#3,#5,.READWRITE.,.ADDED.,1777761465,#3,#5,1777761465);
#3461=IFCRELDEFINESBYPROPERTIES('2AupECC7j8sAk7EQC3vVh8',#3460,$,$,(#3444),#3459);
#3462=IFCPROPERTYSINGLEVALUE('Mark',$,IFCLABEL('BM-H-D23-L2'),$);
#3463=IFCPROPERTYSINGLEVALUE('ElementType',$,IFCLABEL('Beam'),$);
#3464=IFCPROPERTYSINGLEVALUE('Direction',$,IFCLABEL('H'),$);
#3465=IFCPROPERTYSINGLEVALUE('Level',$,IFCLABEL('L2'),$);
#3466=IFCCARTESIANPOINT((6.,18.,10.));
#3467=IFCDIRECTION((1.,0.,0.));
#3468=IFCDIRECTION((0.,1.,0.));
#3469=IFCAXIS2PLACEMENT3D(#3466,#3467,#3468);
#3470=IFCLOCALPLACEMENT($,#3469);
#3471=IFCOWNERHISTORY(#3,#5,.READWRITE.,.MODIFIED.,1777761465,#3,#5,1777761465);
#3472=IFCBEAM('0tSEm1j2T3OetAX7coEHP6',#3471,'BM-H-D34-L2',$,$,#3498,#3485,$);
#3478=IFCCARTESIANPOINT((0.,0.,0.));
#3479=IFCDIRECTION((0.,0.,1.));
#3480=IFCDIRECTION((1.,0.,0.));
#3481=IFCAXIS2PLACEMENT3D(#3478,#3479,#3480);
#3482=IFCDIRECTION((0.,0.,1.));
#3483=IFCEXTRUDEDAREASOLID(#1818,#3481,#3482,6.);
#3484=IFCSHAPEREPRESENTATION(#13,'Body','SweptSolid',(#3483));
#3485=IFCPRODUCTDEFINITIONSHAPE($,$,(#3484));
#3486=IFCOWNERHISTORY(#3,#5,.READWRITE.,.ADDED.,1777761465,#3,#5,1777761465);
#3487=IFCPROPERTYSET('22EThXoX9CYfUSnoTzuu0Q',#3486,'Pset_ElementMark',$,(#3490,#3491,#3492,#3493));
#3488=IFCOWNERHISTORY(#3,#5,.READWRITE.,.ADDED.,1777761465,#3,#5,1777761465);
#3489=IFCRELDEFINESBYPROPERTIES('36L4ixORX1dQ7IFdVAIBVr',#3488,$,$,(#3472),#3487);
#3490=IFCPROPERTYSINGLEVALUE('Mark',$,IFCLABEL('BM-H-D34-L2'),$);
#3491=IFCPROPERTYSINGLEVALUE('ElementType',$,IFCLABEL('Beam'),$);
#3492=IFCPROPERTYSINGLEVALUE('Direction',$,IFCLABEL('H'),$);
#3493=IFCPROPERTYSINGLEVALUE('Level',$,IFCLABEL('L2'),$);
#3494=IFCCARTESIANPOINT((12.,18.,10.));
#3495=IFCDIRECTION((1.,0.,0.));
#3496=IFCDIRECTION((0.,1.,0.));
#3497=IFCAXIS2PLACEMENT3D(#3494,#3495,#3496);
#3498=IFCLOCALPLACEMENT($,#3497);
#3499=IFCOWNERHISTORY(#3,#5,.READWRITE.,.MODIFIED.,1777761465,#3,#5,1777761465);
#3500=IFCBEAM('3QYe2Vowr3zBnffAQN4xlM',#3499,'BM-V-1AB-L2',$,$,#3526,#3513,$);
#3506=IFCCARTESIANPOINT((0.,0.,0.));
#3507=IFCDIRECTION((0.,0.,1.));
#3508=IFCDIRECTION((1.,0.,0.));
#3509=IFCAXIS2PLACEMENT3D(#3506,#3507,#3508);
#3510=IFCDIRECTION((0.,0.,1.));
#3511=IFCEXTRUDEDAREASOLID(#1818,#3509,#3510,6.);
#3512=IFCSHAPEREPRESENTATION(#13,'Body','SweptSolid',(#3511));
#3513=IFCPRODUCTDEFINITIONSHAPE($,$,(#3512));
#3514=IFCOWNERHISTORY(#3,#5,.READWRITE.,.ADDED.,1777761465,#3,#5,1777761465);
#3515=IFCPROPERTYSET('0LV0H_o$b1p92L7kDgmLe1',#3514,'Pset_ElementMark',$,(#3518,#3519,#3520,#3521));
#3516=IFCOWNERHISTORY(#3,#5,.READWRITE.,.ADDED.,1777761465,#3,#5,1777761465);
#3517=IFCRELDEFINESBYPROPERTIES('106tjGYhH4Ex0OoNtlNXOt',#3516,$,$,(#3500),#3515);
#3518=IFCPROPERTYSINGLEVALUE('Mark',$,IFCLABEL('BM-V-1AB-L2'),$);
#3519=IFCPROPERTYSINGLEVALUE('ElementType',$,IFCLABEL('Beam'),$);
#3520=IFCPROPERTYSINGLEVALUE('Direction',$,IFCLABEL('V'),$);
#3521=IFCPROPERTYSINGLEVALUE('Level',$,IFCLABEL('L2'),$);
#3522=IFCCARTESIANPOINT((0.,0.,10.));
#3523=IFCDIRECTION((0.,1.,0.));
#3524=IFCDIRECTION((1.,0.,0.));
#3525=IFCAXIS2PLACEMENT3D(#3522,#3523,#3524);
#3526=IFCLOCALPLACEMENT($,#3525);
#3527=IFCOWNERHISTORY(#3,#5,.READWRITE.,.MODIFIED.,1777761465,#3,#5,1777761465);
#3528=IFCBEAM('2iYEcpXCj03BvynmXVsD45',#3527,'BM-V-1BC-L2',$,$,#3554,#3541,$);
#3534=IFCCARTESIANPOINT((0.,0.,0.));
#3535=IFCDIRECTION((0.,0.,1.));
#3536=IFCDIRECTION((1.,0.,0.));
#3537=IFCAXIS2PLACEMENT3D(#3534,#3535,#3536);
#3538=IFCDIRECTION((0.,0.,1.));
#3539=IFCEXTRUDEDAREASOLID(#1818,#3537,#3538,6.);
#3540=IFCSHAPEREPRESENTATION(#13,'Body','SweptSolid',(#3539));
#3541=IFCPRODUCTDEFINITIONSHAPE($,$,(#3540));
#3542=IFCOWNERHISTORY(#3,#5,.READWRITE.,.ADDED.,1777761465,#3,#5,1777761465);
#3543=IFCPROPERTYSET('2IgdQQ3B940vchsh_2PwJ6',#3542,'Pset_ElementMark',$,(#3546,#3547,#3548,#3549));
#3544=IFCOWNERHISTORY(#3,#5,.READWRITE.,.ADDED.,1777761465,#3,#5,1777761465);
#3545=IFCRELDEFINESBYPROPERTIES('0c0RryCCn9m91HeGss4yUU',#3544,$,$,(#3528),#3543);
#3546=IFCPROPERTYSINGLEVALUE('Mark',$,IFCLABEL('BM-V-1BC-L2'),$);
#3547=IFCPROPERTYSINGLEVALUE('ElementType',$,IFCLABEL('Beam'),$);
#3548=IFCPROPERTYSINGLEVALUE('Direction',$,IFCLABEL('V'),$);
#3549=IFCPROPERTYSINGLEVALUE('Level',$,IFCLABEL('L2'),$);
#3550=IFCCARTESIANPOINT((0.,6.,10.));
#3551=IFCDIRECTION((0.,1.,0.));
#3552=IFCDIRECTION((1.,0.,0.));
#3553=IFCAXIS2PLACEMENT3D(#3550,#3551,#3552);
#3554=IFCLOCALPLACEMENT($,#3553);
#3555=IFCOWNERHISTORY(#3,#5,.READWRITE.,.MODIFIED.,1777761465,#3,#5,1777761465);
#3556=IFCBEAM('0975jkBif02xLGq5RGHOUc',#3555,'BM-V-1CD-L2',$,$,#3582,#3569,$);
#3562=IFCCARTESIANPOINT((0.,0.,0.));
#3563=IFCDIRECTION((0.,0.,1.));
#3564=IFCDIRECTION((1.,0.,0.));
#3565=IFCAXIS2PLACEMENT3D(#3562,#3563,#3564);
#3566=IFCDIRECTION((0.,0.,1.));
#3567=IFCEXTRUDEDAREASOLID(#1818,#3565,#3566,6.);
#3568=IFCSHAPEREPRESENTATION(#13,'Body','SweptSolid',(#3567));
#3569=IFCPRODUCTDEFINITIONSHAPE($,$,(#3568));
#3570=IFCOWNERHISTORY(#3,#5,.READWRITE.,.ADDED.,1777761465,#3,#5,1777761465);
#3571=IFCPROPERTYSET('30EQHeI6jB4QMSyE_nFHPs',#3570,'Pset_ElementMark',$,(#3574,#3575,#3576,#3577));
#3572=IFCOWNERHISTORY(#3,#5,.READWRITE.,.ADDED.,1777761465,#3,#5,1777761465);
#3573=IFCRELDEFINESBYPROPERTIES('1FyZOYpvP3AeVGgzDDvcHO',#3572,$,$,(#3556),#3571);
#3574=IFCPROPERTYSINGLEVALUE('Mark',$,IFCLABEL('BM-V-1CD-L2'),$);
#3575=IFCPROPERTYSINGLEVALUE('ElementType',$,IFCLABEL('Beam'),$);
#3576=IFCPROPERTYSINGLEVALUE('Direction',$,IFCLABEL('V'),$);
#3577=IFCPROPERTYSINGLEVALUE('Level',$,IFCLABEL('L2'),$);
#3578=IFCCARTESIANPOINT((0.,12.,10.));
#3579=IFCDIRECTION((0.,1.,0.));
#3580=IFCDIRECTION((1.,0.,0.));
#3581=IFCAXIS2PLACEMENT3D(#3578,#3579,#3580);
#3582=IFCLOCALPLACEMENT($,#3581);
#3583=IFCOWNERHISTORY(#3,#5,.READWRITE.,.MODIFIED.,1777761465,#3,#5,1777761465);
#3584=IFCBEAM('1c9HzUD6TBCvNW5PuuNMPx',#3583,'BM-V-2AB-L2',$,$,#3610,#3597,$);
#3590=IFCCARTESIANPOINT((0.,0.,0.));
#3591=IFCDIRECTION((0.,0.,1.));
#3592=IFCDIRECTION((1.,0.,0.));
#3593=IFCAXIS2PLACEMENT3D(#3590,#3591,#3592);
#3594=IFCDIRECTION((0.,0.,1.));
#3595=IFCEXTRUDEDAREASOLID(#1818,#3593,#3594,6.);
#3596=IFCSHAPEREPRESENTATION(#13,'Body','SweptSolid',(#3595));
#3597=IFCPRODUCTDEFINITIONSHAPE($,$,(#3596));
#3598=IFCOWNERHISTORY(#3,#5,.READWRITE.,.ADDED.,1777761465,#3,#5,1777761465);
#3599=IFCPROPERTYSET('3X8OhPcrnBC9NPEY3uVAyk',#3598,'Pset_ElementMark',$,(#3602,#3603,#3604,#3605));
#3600=IFCOWNERHISTORY(#3,#5,.READWRITE.,.ADDED.,1777761465,#3,#5,1777761465);
#3601=IFCRELDEFINESBYPROPERTIES('0FRDlwQjT1ZQgf1zZCSa0v',#3600,$,$,(#3584),#3599);
#3602=IFCPROPERTYSINGLEVALUE('Mark',$,IFCLABEL('BM-V-2AB-L2'),$);
#3603=IFCPROPERTYSINGLEVALUE('ElementType',$,IFCLABEL('Beam'),$);
#3604=IFCPROPERTYSINGLEVALUE('Direction',$,IFCLABEL('V'),$);
#3605=IFCPROPERTYSINGLEVALUE('Level',$,IFCLABEL('L2'),$);
#3606=IFCCARTESIANPOINT((6.,0.,10.));
#3607=IFCDIRECTION((0.,1.,0.));
#3608=IFCDIRECTION((1.,0.,0.));
#3609=IFCAXIS2PLACEMENT3D(#3606,#3607,#3608);
#3610=IFCLOCALPLACEMENT($,#3609);
#3611=IFCOWNERHISTORY(#3,#5,.READWRITE.,.MODIFIED.,1777761465,#3,#5,1777761465);
#3612=IFCBEAM('0rQa8q6gP9EfHfdFsH4ZRT',#3611,'BM-V-2BC-L2',$,$,#3638,#3625,$);
#3618=IFCCARTESIANPOINT((0.,0.,0.));
#3619=IFCDIRECTION((0.,0.,1.));
#3620=IFCDIRECTION((1.,0.,0.));
#3621=IFCAXIS2PLACEMENT3D(#3618,#3619,#3620);
#3622=IFCDIRECTION((0.,0.,1.));
#3623=IFCEXTRUDEDAREASOLID(#1818,#3621,#3622,6.);
#3624=IFCSHAPEREPRESENTATION(#13,'Body','SweptSolid',(#3623));
#3625=IFCPRODUCTDEFINITIONSHAPE($,$,(#3624));
#3626=IFCOWNERHISTORY(#3,#5,.READWRITE.,.ADDED.,1777761465,#3,#5,1777761465);
#3627=IFCPROPERTYSET('3homQtgrn9BO_Vp6C$IXD3',#3626,'Pset_ElementMark',$,(#3630,#3631,#3632,#3633));
#3628=IFCOWNERHISTORY(#3,#5,.READWRITE.,.ADDED.,1777761465,#3,#5,1777761465);
#3629=IFCRELDEFINESBYPROPERTIES('0mqt6mKmz8NOgh0rTbOvnz',#3628,$,$,(#3612),#3627);
#3630=IFCPROPERTYSINGLEVALUE('Mark',$,IFCLABEL('BM-V-2BC-L2'),$);
#3631=IFCPROPERTYSINGLEVALUE('ElementType',$,IFCLABEL('Beam'),$);
#3632=IFCPROPERTYSINGLEVALUE('Direction',$,IFCLABEL('V'),$);
#3633=IFCPROPERTYSINGLEVALUE('Level',$,IFCLABEL('L2'),$);
#3634=IFCCARTESIANPOINT((6.,6.,10.));
#3635=IFCDIRECTION((0.,1.,0.));
#3636=IFCDIRECTION((1.,0.,0.));
#3637=IFCAXIS2PLACEMENT3D(#3634,#3635,#3636);
#3638=IFCLOCALPLACEMENT($,#3637);
#3639=IFCOWNERHISTORY(#3,#5,.READWRITE.,.MODIFIED.,1777761465,#3,#5,1777761465);
#3640=IFCBEAM('1Lo7PodUr7hBB8dmmQR75g',#3639,'BM-V-2CD-L2',$,$,#3666,#3653,$);
#3646=IFCCARTESIANPOINT((0.,0.,0.));
#3647=IFCDIRECTION((0.,0.,1.));
#3648=IFCDIRECTION((1.,0.,0.));
#3649=IFCAXIS2PLACEMENT3D(#3646,#3647,#3648);
#3650=IFCDIRECTION((0.,0.,1.));
#3651=IFCEXTRUDEDAREASOLID(#1818,#3649,#3650,6.);
#3652=IFCSHAPEREPRESENTATION(#13,'Body','SweptSolid',(#3651));
#3653=IFCPRODUCTDEFINITIONSHAPE($,$,(#3652));
#3654=IFCOWNERHISTORY(#3,#5,.READWRITE.,.ADDED.,1777761465,#3,#5,1777761465);
#3655=IFCPROPERTYSET('1zSZ033Q15qfUKRq19isHK',#3654,'Pset_ElementMark',$,(#3658,#3659,#3660,#3661));
#3656=IFCOWNERHISTORY(#3,#5,.READWRITE.,.ADDED.,1777761465,#3,#5,1777761465);
#3657=IFCRELDEFINESBYPROPERTIES('3oZlBskirFuOdUQpRxYbsQ',#3656,$,$,(#3640),#3655);
#3658=IFCPROPERTYSINGLEVALUE('Mark',$,IFCLABEL('BM-V-2CD-L2'),$);
#3659=IFCPROPERTYSINGLEVALUE('ElementType',$,IFCLABEL('Beam'),$);
#3660=IFCPROPERTYSINGLEVALUE('Direction',$,IFCLABEL('V'),$);
#3661=IFCPROPERTYSINGLEVALUE('Level',$,IFCLABEL('L2'),$);
#3662=IFCCARTESIANPOINT((6.,12.,10.));
#3663=IFCDIRECTION((0.,1.,0.));
#3664=IFCDIRECTION((1.,0.,0.));
#3665=IFCAXIS2PLACEMENT3D(#3662,#3663,#3664);
#3666=IFCLOCALPLACEMENT($,#3665);
#3667=IFCOWNERHISTORY(#3,#5,.READWRITE.,.MODIFIED.,1777761465,#3,#5,1777761465);
#3668=IFCBEAM('3iCQ9MTrbDDRsgyxFwD2Ir',#3667,'BM-V-3AB-L2',$,$,#3694,#3681,$);
#3674=IFCCARTESIANPOINT((0.,0.,0.));
#3675=IFCDIRECTION((0.,0.,1.));
#3676=IFCDIRECTION((1.,0.,0.));
#3677=IFCAXIS2PLACEMENT3D(#3674,#3675,#3676);
#3678=IFCDIRECTION((0.,0.,1.));
#3679=IFCEXTRUDEDAREASOLID(#1818,#3677,#3678,6.);
#3680=IFCSHAPEREPRESENTATION(#13,'Body','SweptSolid',(#3679));
#3681=IFCPRODUCTDEFINITIONSHAPE($,$,(#3680));
#3682=IFCOWNERHISTORY(#3,#5,.READWRITE.,.ADDED.,1777761465,#3,#5,1777761465);
#3683=IFCPROPERTYSET('1C6ihvzzX2KwwnU5zQ2leQ',#3682,'Pset_ElementMark',$,(#3686,#3687,#3688,#3689));
#3684=IFCOWNERHISTORY(#3,#5,.READWRITE.,.ADDED.,1777761465,#3,#5,1777761465);
#3685=IFCRELDEFINESBYPROPERTIES('1ULDRpGcfEFOStWWB$vU0O',#3684,$,$,(#3668),#3683);
#3686=IFCPROPERTYSINGLEVALUE('Mark',$,IFCLABEL('BM-V-3AB-L2'),$);
#3687=IFCPROPERTYSINGLEVALUE('ElementType',$,IFCLABEL('Beam'),$);
#3688=IFCPROPERTYSINGLEVALUE('Direction',$,IFCLABEL('V'),$);
#3689=IFCPROPERTYSINGLEVALUE('Level',$,IFCLABEL('L2'),$);
#3690=IFCCARTESIANPOINT((12.,0.,10.));
#3691=IFCDIRECTION((0.,1.,0.));
#3692=IFCDIRECTION((1.,0.,0.));
#3693=IFCAXIS2PLACEMENT3D(#3690,#3691,#3692);
#3694=IFCLOCALPLACEMENT($,#3693);
#3695=IFCOWNERHISTORY(#3,#5,.READWRITE.,.MODIFIED.,1777761465,#3,#5,1777761465);
#3696=IFCBEAM('0$zMhiSg17gf$7vJ9LGL8O',#3695,'BM-V-3BC-L2',$,$,#3722,#3709,$);
#3702=IFCCARTESIANPOINT((0.,0.,0.));
#3703=IFCDIRECTION((0.,0.,1.));
#3704=IFCDIRECTION((1.,0.,0.));
#3705=IFCAXIS2PLACEMENT3D(#3702,#3703,#3704);
#3706=IFCDIRECTION((0.,0.,1.));
#3707=IFCEXTRUDEDAREASOLID(#1818,#3705,#3706,6.);
#3708=IFCSHAPEREPRESENTATION(#13,'Body','SweptSolid',(#3707));
#3709=IFCPRODUCTDEFINITIONSHAPE($,$,(#3708));
#3710=IFCOWNERHISTORY(#3,#5,.READWRITE.,.ADDED.,1777761465,#3,#5,1777761465);
#3711=IFCPROPERTYSET('1E92GBiVP9a8MUoG8uyGis',#3710,'Pset_ElementMark',$,(#3714,#3715,#3716,#3717));
#3712=IFCOWNERHISTORY(#3,#5,.READWRITE.,.ADDED.,1777761465,#3,#5,1777761465);
#3713=IFCRELDEFINESBYPROPERTIES('1V6et6PPj2XeNI2vymIBMS',#3712,$,$,(#3696),#3711);
#3714=IFCPROPERTYSINGLEVALUE('Mark',$,IFCLABEL('BM-V-3BC-L2'),$);
#3715=IFCPROPERTYSINGLEVALUE('ElementType',$,IFCLABEL('Beam'),$);
#3716=IFCPROPERTYSINGLEVALUE('Direction',$,IFCLABEL('V'),$);
#3717=IFCPROPERTYSINGLEVALUE('Level',$,IFCLABEL('L2'),$);
#3718=IFCCARTESIANPOINT((12.,6.,10.));
#3719=IFCDIRECTION((0.,1.,0.));
#3720=IFCDIRECTION((1.,0.,0.));
#3721=IFCAXIS2PLACEMENT3D(#3718,#3719,#3720);
#3722=IFCLOCALPLACEMENT($,#3721);
#3723=IFCOWNERHISTORY(#3,#5,.READWRITE.,.MODIFIED.,1777761465,#3,#5,1777761465);
#3724=IFCBEAM('28X6cCxwLFSeDS8AOgfpl3',#3723,'BM-V-3CD-L2',$,$,#3750,#3737,$);
#3730=IFCCARTESIANPOINT((0.,0.,0.));
#3731=IFCDIRECTION((0.,0.,1.));
#3732=IFCDIRECTION((1.,0.,0.));
#3733=IFCAXIS2PLACEMENT3D(#3730,#3731,#3732);
#3734=IFCDIRECTION((0.,0.,1.));
#3735=IFCEXTRUDEDAREASOLID(#1818,#3733,#3734,6.);
#3736=IFCSHAPEREPRESENTATION(#13,'Body','SweptSolid',(#3735));
#3737=IFCPRODUCTDEFINITIONSHAPE($,$,(#3736));
#3738=IFCOWNERHISTORY(#3,#5,.READWRITE.,.ADDED.,1777761465,#3,#5,1777761465);
#3739=IFCPROPERTYSET('0B6gHu1dzFHwercffrgdON',#3738,'Pset_ElementMark',$,(#3742,#3743,#3744,#3745));
#3740=IFCOWNERHISTORY(#3,#5,.READWRITE.,.ADDED.,1777761465,#3,#5,1777761465);
#3741=IFCRELDEFINESBYPROPERTIES('0oX9CKrR1CwA$wwdyUO9A8',#3740,$,$,(#3724),#3739);
#3742=IFCPROPERTYSINGLEVALUE('Mark',$,IFCLABEL('BM-V-3CD-L2'),$);
#3743=IFCPROPERTYSINGLEVALUE('ElementType',$,IFCLABEL('Beam'),$);
#3744=IFCPROPERTYSINGLEVALUE('Direction',$,IFCLABEL('V'),$);
#3745=IFCPROPERTYSINGLEVALUE('Level',$,IFCLABEL('L2'),$);
#3746=IFCCARTESIANPOINT((12.,12.,10.));
#3747=IFCDIRECTION((0.,1.,0.));
#3748=IFCDIRECTION((1.,0.,0.));
#3749=IFCAXIS2PLACEMENT3D(#3746,#3747,#3748);
#3750=IFCLOCALPLACEMENT($,#3749);
#3751=IFCOWNERHISTORY(#3,#5,.READWRITE.,.MODIFIED.,1777761465,#3,#5,1777761465);
#3752=IFCBEAM('0TQOFWyrD7ifjSIxMGys2G',#3751,'BM-V-4AB-L2',$,$,#3778,#3765,$);
#3758=IFCCARTESIANPOINT((0.,0.,0.));
#3759=IFCDIRECTION((0.,0.,1.));
#3760=IFCDIRECTION((1.,0.,0.));
#3761=IFCAXIS2PLACEMENT3D(#3758,#3759,#3760);
#3762=IFCDIRECTION((0.,0.,1.));
#3763=IFCEXTRUDEDAREASOLID(#1818,#3761,#3762,6.);
#3764=IFCSHAPEREPRESENTATION(#13,'Body','SweptSolid',(#3763));
#3765=IFCPRODUCTDEFINITIONSHAPE($,$,(#3764));
#3766=IFCOWNERHISTORY(#3,#5,.READWRITE.,.ADDED.,1777761465,#3,#5,1777761465);
#3767=IFCPROPERTYSET('3NoYlnu$T3mPteSeShOJjp',#3766,'Pset_ElementMark',$,(#3770,#3771,#3772,#3773));
#3768=IFCOWNERHISTORY(#3,#5,.READWRITE.,.ADDED.,1777761465,#3,#5,1777761465);
#3769=IFCRELDEFINESBYPROPERTIES('069IhXrBDErQZn03gzSxrk',#3768,$,$,(#3752),#3767);
#3770=IFCPROPERTYSINGLEVALUE('Mark',$,IFCLABEL('BM-V-4AB-L2'),$);
#3771=IFCPROPERTYSINGLEVALUE('ElementType',$,IFCLABEL('Beam'),$);
#3772=IFCPROPERTYSINGLEVALUE('Direction',$,IFCLABEL('V'),$);
#3773=IFCPROPERTYSINGLEVALUE('Level',$,IFCLABEL('L2'),$);
#3774=IFCCARTESIANPOINT((18.,0.,10.));
#3775=IFCDIRECTION((0.,1.,0.));
#3776=IFCDIRECTION((1.,0.,0.));
#3777=IFCAXIS2PLACEMENT3D(#3774,#3775,#3776);
#3778=IFCLOCALPLACEMENT($,#3777);
#3779=IFCOWNERHISTORY(#3,#5,.READWRITE.,.MODIFIED.,1777761465,#3,#5,1777761465);
#3780=IFCBEAM('1ZfcUP9zT3rvTV0QMlDflI',#3779,'BM-V-4BC-L2',$,$,#3806,#3793,$);
#3786=IFCCARTESIANPOINT((0.,0.,0.));
#3787=IFCDIRECTION((0.,0.,1.));
#3788=IFCDIRECTION((1.,0.,0.));
#3789=IFCAXIS2PLACEMENT3D(#3786,#3787,#3788);
#3790=IFCDIRECTION((0.,0.,1.));
#3791=IFCEXTRUDEDAREASOLID(#1818,#3789,#3790,6.);
#3792=IFCSHAPEREPRESENTATION(#13,'Body','SweptSolid',(#3791));
#3793=IFCPRODUCTDEFINITIONSHAPE($,$,(#3792));
#3794=IFCOWNERHISTORY(#3,#5,.READWRITE.,.ADDED.,1777761465,#3,#5,1777761465);
#3795=IFCPROPERTYSET('2PDEcry3zCOgRUBfDfCwa_',#3794,'Pset_ElementMark',$,(#3798,#3799,#3800,#3801));
#3796=IFCOWNERHISTORY(#3,#5,.READWRITE.,.ADDED.,1777761465,#3,#5,1777761465);
#3797=IFCRELDEFINESBYPROPERTIES('3FuCPKErHFX99D4TAMkxhk',#3796,$,$,(#3780),#3795);
#3798=IFCPROPERTYSINGLEVALUE('Mark',$,IFCLABEL('BM-V-4BC-L2'),$);
#3799=IFCPROPERTYSINGLEVALUE('ElementType',$,IFCLABEL('Beam'),$);
#3800=IFCPROPERTYSINGLEVALUE('Direction',$,IFCLABEL('V'),$);
#3801=IFCPROPERTYSINGLEVALUE('Level',$,IFCLABEL('L2'),$);
#3802=IFCCARTESIANPOINT((18.,6.,10.));
#3803=IFCDIRECTION((0.,1.,0.));
#3804=IFCDIRECTION((1.,0.,0.));
#3805=IFCAXIS2PLACEMENT3D(#3802,#3803,#3804);
#3806=IFCLOCALPLACEMENT($,#3805);
#3807=IFCOWNERHISTORY(#3,#5,.READWRITE.,.MODIFIED.,1777761465,#3,#5,1777761465);
#3808=IFCBEAM('2V6fesTjv6YP3BQiZFRAwN',#3807,'BM-V-4CD-L2',$,$,#3834,#3821,$);
#3814=IFCCARTESIANPOINT((0.,0.,0.));
#3815=IFCDIRECTION((0.,0.,1.));
#3816=IFCDIRECTION((1.,0.,0.));
#3817=IFCAXIS2PLACEMENT3D(#3814,#3815,#3816);
#3818=IFCDIRECTION((0.,0.,1.));
#3819=IFCEXTRUDEDAREASOLID(#1818,#3817,#3818,6.);
#3820=IFCSHAPEREPRESENTATION(#13,'Body','SweptSolid',(#3819));
#3821=IFCPRODUCTDEFINITIONSHAPE($,$,(#3820));
#3822=IFCOWNERHISTORY(#3,#5,.READWRITE.,.ADDED.,1777761465,#3,#5,1777761465);
#3823=IFCPROPERTYSET('0RUP0udcD3KvLluuxL8q6h',#3822,'Pset_ElementMark',$,(#3826,#3827,#3828,#3829));
#3824=IFCOWNERHISTORY(#3,#5,.READWRITE.,.ADDED.,1777761465,#3,#5,1777761465);
#3825=IFCRELDEFINESBYPROPERTIES('1C6L0T2SrAXuLHB5omFY0y',#3824,$,$,(#3808),#3823);
#3826=IFCPROPERTYSINGLEVALUE('Mark',$,IFCLABEL('BM-V-4CD-L2'),$);
#3827=IFCPROPERTYSINGLEVALUE('ElementType',$,IFCLABEL('Beam'),$);
#3828=IFCPROPERTYSINGLEVALUE('Direction',$,IFCLABEL('V'),$);
#3829=IFCPROPERTYSINGLEVALUE('Level',$,IFCLABEL('L2'),$);
#3830=IFCCARTESIANPOINT((18.,12.,10.));
#3831=IFCDIRECTION((0.,1.,0.));
#3832=IFCDIRECTION((1.,0.,0.));
#3833=IFCAXIS2PLACEMENT3D(#3830,#3831,#3832);
#3834=IFCLOCALPLACEMENT($,#3833);
#3835=IFCRECTANGLEPROFILEDEF(.AREA.,$,$,6.,6.);
#3836=IFCOWNERHISTORY(#3,#5,.READWRITE.,.MODIFIED.,1777761465,#3,#5,1777761465);
#3837=IFCSLAB('3NxvGJdcL3HvcKAOP632QD',#3836,'SL-A1B2-GF',$,$,#3863,#3850,$,.FLOOR.);
#3843=IFCCARTESIANPOINT((0.,0.,0.));
#3844=IFCDIRECTION((0.,0.,1.));
#3845=IFCDIRECTION((1.,0.,0.));
#3846=IFCAXIS2PLACEMENT3D(#3843,#3844,#3845);
#3847=IFCDIRECTION((0.,0.,1.));
#3848=IFCEXTRUDEDAREASOLID(#3835,#3846,#3847,0.20000000000000001);
#3849=IFCSHAPEREPRESENTATION(#13,'Body','SweptSolid',(#3848));
#3850=IFCPRODUCTDEFINITIONSHAPE($,$,(#3849));
#3851=IFCOWNERHISTORY(#3,#5,.READWRITE.,.ADDED.,1777761465,#3,#5,1777761465);
#3852=IFCPROPERTYSET('3fzh3bwaz809OiBH$FHUwq',#3851,'Pset_ElementMark',$,(#3855,#3856,#3857,#3858));
#3853=IFCOWNERHISTORY(#3,#5,.READWRITE.,.ADDED.,1777761465,#3,#5,1777761465);
#3854=IFCRELDEFINESBYPROPERTIES('3wiKeyAeH5BRNcU5CB2TWF',#3853,$,$,(#3837),#3852);
#3855=IFCPROPERTYSINGLEVALUE('Mark',$,IFCLABEL('SL-A1B2-GF'),$);
#3856=IFCPROPERTYSINGLEVALUE('ElementType',$,IFCLABEL('Floor Slab'),$);
#3857=IFCPROPERTYSINGLEVALUE('Bay',$,IFCLABEL('A1B2'),$);
#3858=IFCPROPERTYSINGLEVALUE('Level',$,IFCLABEL('GF'),$);
#3859=IFCCARTESIANPOINT((0.,0.,3.5));
#3860=IFCDIRECTION((0.,0.,1.));
#3861=IFCDIRECTION((1.,0.,0.));
#3862=IFCAXIS2PLACEMENT3D(#3859,#3860,#3861);
#3863=IFCLOCALPLACEMENT($,#3862);
#3864=IFCOWNERHISTORY(#3,#5,.READWRITE.,.MODIFIED.,1777761465,#3,#5,1777761465);
#3865=IFCSLAB('0vxM1H$ZP4GgzJcwHJunZ7',#3864,'SL-A2B3-GF',$,$,#3891,#3878,$,.FLOOR.);
#3871=IFCCARTESIANPOINT((0.,0.,0.));
#3872=IFCDIRECTION((0.,0.,1.));
#3873=IFCDIRECTION((1.,0.,0.));
#3874=IFCAXIS2PLACEMENT3D(#3871,#3872,#3873);
#3875=IFCDIRECTION((0.,0.,1.));
#3876=IFCEXTRUDEDAREASOLID(#3835,#3874,#3875,0.20000000000000001);
#3877=IFCSHAPEREPRESENTATION(#13,'Body','SweptSolid',(#3876));
#3878=IFCPRODUCTDEFINITIONSHAPE($,$,(#3877));
#3879=IFCOWNERHISTORY(#3,#5,.READWRITE.,.ADDED.,1777761465,#3,#5,1777761465);
#3880=IFCPROPERTYSET('2XaldNsl18XP$WcrC$1FDa',#3879,'Pset_ElementMark',$,(#3883,#3884,#3885,#3886));
#3881=IFCOWNERHISTORY(#3,#5,.READWRITE.,.ADDED.,1777761465,#3,#5,1777761465);
#3882=IFCRELDEFINESBYPROPERTIES('1kE8qVC4b0DRzGTI5wLHUA',#3881,$,$,(#3865),#3880);
#3883=IFCPROPERTYSINGLEVALUE('Mark',$,IFCLABEL('SL-A2B3-GF'),$);
#3884=IFCPROPERTYSINGLEVALUE('ElementType',$,IFCLABEL('Floor Slab'),$);
#3885=IFCPROPERTYSINGLEVALUE('Bay',$,IFCLABEL('A2B3'),$);
#3886=IFCPROPERTYSINGLEVALUE('Level',$,IFCLABEL('GF'),$);
#3887=IFCCARTESIANPOINT((6.,0.,3.5));
#3888=IFCDIRECTION((0.,0.,1.));
#3889=IFCDIRECTION((1.,0.,0.));
#3890=IFCAXIS2PLACEMENT3D(#3887,#3888,#3889);
#3891=IFCLOCALPLACEMENT($,#3890);
#3892=IFCOWNERHISTORY(#3,#5,.READWRITE.,.MODIFIED.,1777761465,#3,#5,1777761465);
#3893=IFCSLAB('1X1lxfDpTEkPHVdtAWVceC',#3892,'SL-A3B4-GF',$,$,#3919,#3906,$,.FLOOR.);
#3899=IFCCARTESIANPOINT((0.,0.,0.));
#3900=IFCDIRECTION((0.,0.,1.));
#3901=IFCDIRECTION((1.,0.,0.));
#3902=IFCAXIS2PLACEMENT3D(#3899,#3900,#3901);
#3903=IFCDIRECTION((0.,0.,1.));
#3904=IFCEXTRUDEDAREASOLID(#3835,#3902,#3903,0.20000000000000001);
#3905=IFCSHAPEREPRESENTATION(#13,'Body','SweptSolid',(#3904));
#3906=IFCPRODUCTDEFINITIONSHAPE($,$,(#3905));
#3907=IFCOWNERHISTORY(#3,#5,.READWRITE.,.ADDED.,1777761465,#3,#5,1777761465);
#3908=IFCPROPERTYSET('3ssZCpiVDCRxWXPsWuUSz8',#3907,'Pset_ElementMark',$,(#3911,#3912,#3913,#3914));
#3909=IFCOWNERHISTORY(#3,#5,.READWRITE.,.ADDED.,1777761465,#3,#5,1777761465);
#3910=IFCRELDEFINESBYPROPERTIES('0r5$2P$Wn49ft1MRxAcHpg',#3909,$,$,(#3893),#3908);
#3911=IFCPROPERTYSINGLEVALUE('Mark',$,IFCLABEL('SL-A3B4-GF'),$);
#3912=IFCPROPERTYSINGLEVALUE('ElementType',$,IFCLABEL('Floor Slab'),$);
#3913=IFCPROPERTYSINGLEVALUE('Bay',$,IFCLABEL('A3B4'),$);
#3914=IFCPROPERTYSINGLEVALUE('Level',$,IFCLABEL('GF'),$);
#3915=IFCCARTESIANPOINT((12.,0.,3.5));
#3916=IFCDIRECTION((0.,0.,1.));
#3917=IFCDIRECTION((1.,0.,0.));
#3918=IFCAXIS2PLACEMENT3D(#3915,#3916,#3917);
#3919=IFCLOCALPLACEMENT($,#3918);
#3920=IFCOWNERHISTORY(#3,#5,.READWRITE.,.MODIFIED.,1777761465,#3,#5,1777761465);
#3921=IFCSLAB('1$4bKUscn9mPZ6XskzqmEJ',#3920,'SL-B1C2-GF',$,$,#3947,#3934,$,.FLOOR.);
#3927=IFCCARTESIANPOINT((0.,0.,0.));
#3928=IFCDIRECTION((0.,0.,1.));
#3929=IFCDIRECTION((1.,0.,0.));
#3930=IFCAXIS2PLACEMENT3D(#3927,#3928,#3929);
#3931=IFCDIRECTION((0.,0.,1.));
#3932=IFCEXTRUDEDAREASOLID(#3835,#3930,#3931,0.20000000000000001);
#3933=IFCSHAPEREPRESENTATION(#13,'Body','SweptSolid',(#3932));
#3934=IFCPRODUCTDEFINITIONSHAPE($,$,(#3933));
#3935=IFCOWNERHISTORY(#3,#5,.READWRITE.,.ADDED.,1777761465,#3,#5,1777761465);
#3936=IFCPROPERTYSET('0KzxNRfcvD6Q3wvt$jK8wf',#3935,'Pset_ElementMark',$,(#3939,#3940,#3941,#3942));
#3937=IFCOWNERHISTORY(#3,#5,.READWRITE.,.ADDED.,1777761465,#3,#5,1777761465);
#3938=IFCRELDEFINESBYPROPERTIES('0sHOIf4857_hCg$4o4Hve3',#3937,$,$,(#3921),#3936);
#3939=IFCPROPERTYSINGLEVALUE('Mark',$,IFCLABEL('SL-B1C2-GF'),$);
#3940=IFCPROPERTYSINGLEVALUE('ElementType',$,IFCLABEL('Floor Slab'),$);
#3941=IFCPROPERTYSINGLEVALUE('Bay',$,IFCLABEL('B1C2'),$);
#3942=IFCPROPERTYSINGLEVALUE('Level',$,IFCLABEL('GF'),$);
#3943=IFCCARTESIANPOINT((0.,6.,3.5));
#3944=IFCDIRECTION((0.,0.,1.));
#3945=IFCDIRECTION((1.,0.,0.));
#3946=IFCAXIS2PLACEMENT3D(#3943,#3944,#3945);
#3947=IFCLOCALPLACEMENT($,#3946);
#3948=IFCOWNERHISTORY(#3,#5,.READWRITE.,.MODIFIED.,1777761465,#3,#5,1777761465);
#3949=IFCSLAB('0W7v1pk6v7bOqZTvsLf7wU',#3948,'SL-B2C3-GF',$,$,#3975,#3962,$,.FLOOR.);
#3955=IFCCARTESIANPOINT((0.,0.,0.));
#3956=IFCDIRECTION((0.,0.,1.));
#3957=IFCDIRECTION((1.,0.,0.));
#3958=IFCAXIS2PLACEMENT3D(#3955,#3956,#3957);
#3959=IFCDIRECTION((0.,0.,1.));
#3960=IFCEXTRUDEDAREASOLID(#3835,#3958,#3959,0.20000000000000001);
#3961=IFCSHAPEREPRESENTATION(#13,'Body','SweptSolid',(#3960));
#3962=IFCPRODUCTDEFINITIONSHAPE($,$,(#3961));
#3963=IFCOWNERHISTORY(#3,#5,.READWRITE.,.ADDED.,1777761465,#3,#5,1777761465);
#3964=IFCPROPERTYSET('2B0PrjPhr7GuK1cGl4y3wx',#3963,'Pset_ElementMark',$,(#3967,#3968,#3969,#3970));
#3965=IFCOWNERHISTORY(#3,#5,.READWRITE.,.ADDED.,1777761465,#3,#5,1777761465);
#3966=IFCRELDEFINESBYPROPERTIES('3Z8U1jOsf6b9rdEVQHBMSh',#3965,$,$,(#3949),#3964);
#3967=IFCPROPERTYSINGLEVALUE('Mark',$,IFCLABEL('SL-B2C3-GF'),$);
#3968=IFCPROPERTYSINGLEVALUE('ElementType',$,IFCLABEL('Floor Slab'),$);
#3969=IFCPROPERTYSINGLEVALUE('Bay',$,IFCLABEL('B2C3'),$);
#3970=IFCPROPERTYSINGLEVALUE('Level',$,IFCLABEL('GF'),$);
#3971=IFCCARTESIANPOINT((6.,6.,3.5));
#3972=IFCDIRECTION((0.,0.,1.));
#3973=IFCDIRECTION((1.,0.,0.));
#3974=IFCAXIS2PLACEMENT3D(#3971,#3972,#3973);
#3975=IFCLOCALPLACEMENT($,#3974);
#3976=IFCOWNERHISTORY(#3,#5,.READWRITE.,.MODIFIED.,1777761465,#3,#5,1777761465);
#3977=IFCSLAB('0FZOizIGHBt9vHZFyZxd$Y',#3976,'SL-B3C4-GF',$,$,#4003,#3990,$,.FLOOR.);
#3983=IFCCARTESIANPOINT((0.,0.,0.));
#3984=IFCDIRECTION((0.,0.,1.));
#3985=IFCDIRECTION((1.,0.,0.));
#3986=IFCAXIS2PLACEMENT3D(#3983,#3984,#3985);
#3987=IFCDIRECTION((0.,0.,1.));
#3988=IFCEXTRUDEDAREASOLID(#3835,#3986,#3987,0.20000000000000001);
#3989=IFCSHAPEREPRESENTATION(#13,'Body','SweptSolid',(#3988));
#3990=IFCPRODUCTDEFINITIONSHAPE($,$,(#3989));
#3991=IFCOWNERHISTORY(#3,#5,.READWRITE.,.ADDED.,1777761465,#3,#5,1777761465);
#3992=IFCPROPERTYSET('106GCpMlL33eNBFn2EztlM',#3991,'Pset_ElementMark',$,(#3995,#3996,#3997,#3998));
#3993=IFCOWNERHISTORY(#3,#5,.READWRITE.,.ADDED.,1777761465,#3,#5,1777761465);
#3994=IFCRELDEFINESBYPROPERTIES('3CNNsIAsfAJP7F6h6SaOYR',#3993,$,$,(#3977),#3992);
#3995=IFCPROPERTYSINGLEVALUE('Mark',$,IFCLABEL('SL-B3C4-GF'),$);
#3996=IFCPROPERTYSINGLEVALUE('ElementType',$,IFCLABEL('Floor Slab'),$);
#3997=IFCPROPERTYSINGLEVALUE('Bay',$,IFCLABEL('B3C4'),$);
#3998=IFCPROPERTYSINGLEVALUE('Level',$,IFCLABEL('GF'),$);
#3999=IFCCARTESIANPOINT((12.,6.,3.5));
#4000=IFCDIRECTION((0.,0.,1.));
#4001=IFCDIRECTION((1.,0.,0.));
#4002=IFCAXIS2PLACEMENT3D(#3999,#4000,#4001);
#4003=IFCLOCALPLACEMENT($,#4002);
#4004=IFCOWNERHISTORY(#3,#5,.READWRITE.,.MODIFIED.,1777761465,#3,#5,1777761465);
#4005=IFCSLAB('1G8zrSAPzDsefCyGJ2uv3t',#4004,'SL-C1D2-GF',$,$,#4031,#4018,$,.FLOOR.);
#4011=IFCCARTESIANPOINT((0.,0.,0.));
#4012=IFCDIRECTION((0.,0.,1.));
#4013=IFCDIRECTION((1.,0.,0.));
#4014=IFCAXIS2PLACEMENT3D(#4011,#4012,#4013);
#4015=IFCDIRECTION((0.,0.,1.));
#4016=IFCEXTRUDEDAREASOLID(#3835,#4014,#4015,0.20000000000000001);
#4017=IFCSHAPEREPRESENTATION(#13,'Body','SweptSolid',(#4016));
#4018=IFCPRODUCTDEFINITIONSHAPE($,$,(#4017));
#4019=IFCOWNERHISTORY(#3,#5,.READWRITE.,.ADDED.,1777761465,#3,#5,1777761465);
#4020=IFCPROPERTYSET('0mGduHnjTCPhvanI7BSxiK',#4019,'Pset_ElementMark',$,(#4023,#4024,#4025,#4026));
#4021=IFCOWNERHISTORY(#3,#5,.READWRITE.,.ADDED.,1777761465,#3,#5,1777761465);
#4022=IFCRELDEFINESBYPROPERTIES('35VTC9ZEr8mBeussGJ$2Oz',#4021,$,$,(#4005),#4020);
#4023=IFCPROPERTYSINGLEVALUE('Mark',$,IFCLABEL('SL-C1D2-GF'),$);
#4024=IFCPROPERTYSINGLEVALUE('ElementType',$,IFCLABEL('Floor Slab'),$);
#4025=IFCPROPERTYSINGLEVALUE('Bay',$,IFCLABEL('C1D2'),$);
#4026=IFCPROPERTYSINGLEVALUE('Level',$,IFCLABEL('GF'),$);
#4027=IFCCARTESIANPOINT((0.,12.,3.5));
#4028=IFCDIRECTION((0.,0.,1.));
#4029=IFCDIRECTION((1.,0.,0.));
#4030=IFCAXIS2PLACEMENT3D(#4027,#4028,#4029);
#4031=IFCLOCALPLACEMENT($,#4030);
#4032=IFCOWNERHISTORY(#3,#5,.READWRITE.,.MODIFIED.,1777761465,#3,#5,1777761465);
#4033=IFCSLAB('3i47ua5Jf7aA9GXA9xz3dU',#4032,'SL-C2D3-GF',$,$,#4059,#4046,$,.FLOOR.);
#4039=IFCCARTESIANPOINT((0.,0.,0.));
#4040=IFCDIRECTION((0.,0.,1.));
#4041=IFCDIRECTION((1.,0.,0.));
#4042=IFCAXIS2PLACEMENT3D(#4039,#4040,#4041);
#4043=IFCDIRECTION((0.,0.,1.));
#4044=IFCEXTRUDEDAREASOLID(#3835,#4042,#4043,0.20000000000000001);
#4045=IFCSHAPEREPRESENTATION(#13,'Body','SweptSolid',(#4044));
#4046=IFCPRODUCTDEFINITIONSHAPE($,$,(#4045));
#4047=IFCOWNERHISTORY(#3,#5,.READWRITE.,.ADDED.,1777761465,#3,#5,1777761465);
#4048=IFCPROPERTYSET('2iF9NVD093yu6rB16xyFyM',#4047,'Pset_ElementMark',$,(#4051,#4052,#4053,#4054));
#4049=IFCOWNERHISTORY(#3,#5,.READWRITE.,.ADDED.,1777761465,#3,#5,1777761465);
#4050=IFCRELDEFINESBYPROPERTIES('2cderkTEn9uwavG5ZFmMXT',#4049,$,$,(#4033),#4048);
#4051=IFCPROPERTYSINGLEVALUE('Mark',$,IFCLABEL('SL-C2D3-GF'),$);
#4052=IFCPROPERTYSINGLEVALUE('ElementType',$,IFCLABEL('Floor Slab'),$);
#4053=IFCPROPERTYSINGLEVALUE('Bay',$,IFCLABEL('C2D3'),$);
#4054=IFCPROPERTYSINGLEVALUE('Level',$,IFCLABEL('GF'),$);
#4055=IFCCARTESIANPOINT((6.,12.,3.5));
#4056=IFCDIRECTION((0.,0.,1.));
#4057=IFCDIRECTION((1.,0.,0.));
#4058=IFCAXIS2PLACEMENT3D(#4055,#4056,#4057);
#4059=IFCLOCALPLACEMENT($,#4058);
#4060=IFCOWNERHISTORY(#3,#5,.READWRITE.,.MODIFIED.,1777761465,#3,#5,1777761465);
#4061=IFCSLAB('2Oq9LYW_P3Qx$2Jc9tMri2',#4060,'SL-C3D4-GF',$,$,#4087,#4074,$,.FLOOR.);
#4067=IFCCARTESIANPOINT((0.,0.,0.));
#4068=IFCDIRECTION((0.,0.,1.));
#4069=IFCDIRECTION((1.,0.,0.));
#4070=IFCAXIS2PLACEMENT3D(#4067,#4068,#4069);
#4071=IFCDIRECTION((0.,0.,1.));
#4072=IFCEXTRUDEDAREASOLID(#3835,#4070,#4071,0.20000000000000001);
#4073=IFCSHAPEREPRESENTATION(#13,'Body','SweptSolid',(#4072));
#4074=IFCPRODUCTDEFINITIONSHAPE($,$,(#4073));
#4075=IFCOWNERHISTORY(#3,#5,.READWRITE.,.ADDED.,1777761465,#3,#5,1777761465);
#4076=IFCPROPERTYSET('1_E0iKDID2u9wiSTN7IuOT',#4075,'Pset_ElementMark',$,(#4079,#4080,#4081,#4082));
#4077=IFCOWNERHISTORY(#3,#5,.READWRITE.,.ADDED.,1777761465,#3,#5,1777761465);
#4078=IFCRELDEFINESBYPROPERTIES('1ukIRIpf13L8kyZovh3OLq',#4077,$,$,(#4061),#4076);
#4079=IFCPROPERTYSINGLEVALUE('Mark',$,IFCLABEL('SL-C3D4-GF'),$);
#4080=IFCPROPERTYSINGLEVALUE('ElementType',$,IFCLABEL('Floor Slab'),$);
#4081=IFCPROPERTYSINGLEVALUE('Bay',$,IFCLABEL('C3D4'),$);
#4082=IFCPROPERTYSINGLEVALUE('Level',$,IFCLABEL('GF'),$);
#4083=IFCCARTESIANPOINT((12.,12.,3.5));
#4084=IFCDIRECTION((0.,0.,1.));
#4085=IFCDIRECTION((1.,0.,0.));
#4086=IFCAXIS2PLACEMENT3D(#4083,#4084,#4085);
#4087=IFCLOCALPLACEMENT($,#4086);
#4088=IFCOWNERHISTORY(#3,#5,.READWRITE.,.MODIFIED.,1777761465,#3,#5,1777761465);
#4089=IFCSLAB('1E0zxeRYf1Gff8v45pnMI0',#4088,'SL-A1B2-L1',$,$,#4115,#4102,$,.FLOOR.);
#4095=IFCCARTESIANPOINT((0.,0.,0.));
#4096=IFCDIRECTION((0.,0.,1.));
#4097=IFCDIRECTION((1.,0.,0.));
#4098=IFCAXIS2PLACEMENT3D(#4095,#4096,#4097);
#4099=IFCDIRECTION((0.,0.,1.));
#4100=IFCEXTRUDEDAREASOLID(#3835,#4098,#4099,0.20000000000000001);
#4101=IFCSHAPEREPRESENTATION(#13,'Body','SweptSolid',(#4100));
#4102=IFCPRODUCTDEFINITIONSHAPE($,$,(#4101));
#4103=IFCOWNERHISTORY(#3,#5,.READWRITE.,.ADDED.,1777761465,#3,#5,1777761465);
#4104=IFCPROPERTYSET('2RtHkBP$56$wfQ1eflNHlP',#4103,'Pset_ElementMark',$,(#4107,#4108,#4109,#4110));
#4105=IFCOWNERHISTORY(#3,#5,.READWRITE.,.ADDED.,1777761465,#3,#5,1777761465);
#4106=IFCRELDEFINESBYPROPERTIES('2C36YKyk59FPMrjRY5zIPL',#4105,$,$,(#4089),#4104);
#4107=IFCPROPERTYSINGLEVALUE('Mark',$,IFCLABEL('SL-A1B2-L1'),$);
#4108=IFCPROPERTYSINGLEVALUE('ElementType',$,IFCLABEL('Floor Slab'),$);
#4109=IFCPROPERTYSINGLEVALUE('Bay',$,IFCLABEL('A1B2'),$);
#4110=IFCPROPERTYSINGLEVALUE('Level',$,IFCLABEL('L1'),$);
#4111=IFCCARTESIANPOINT((0.,0.,7.));
#4112=IFCDIRECTION((0.,0.,1.));
#4113=IFCDIRECTION((1.,0.,0.));
#4114=IFCAXIS2PLACEMENT3D(#4111,#4112,#4113);
#4115=IFCLOCALPLACEMENT($,#4114);
#4116=IFCOWNERHISTORY(#3,#5,.READWRITE.,.MODIFIED.,1777761465,#3,#5,1777761465);
#4117=IFCSLAB('0D0Lz6EvvF2efwxR0ZJGtj',#4116,'SL-A2B3-L1',$,$,#4143,#4130,$,.FLOOR.);
#4123=IFCCARTESIANPOINT((0.,0.,0.));
#4124=IFCDIRECTION((0.,0.,1.));
#4125=IFCDIRECTION((1.,0.,0.));
#4126=IFCAXIS2PLACEMENT3D(#4123,#4124,#4125);
#4127=IFCDIRECTION((0.,0.,1.));
#4128=IFCEXTRUDEDAREASOLID(#3835,#4126,#4127,0.20000000000000001);
#4129=IFCSHAPEREPRESENTATION(#13,'Body','SweptSolid',(#4128));
#4130=IFCPRODUCTDEFINITIONSHAPE($,$,(#4129));
#4131=IFCOWNERHISTORY(#3,#5,.READWRITE.,.ADDED.,1777761465,#3,#5,1777761465);
#4132=IFCPROPERTYSET('0mU41vP7L5BQj5HRRTHfaK',#4131,'Pset_ElementMark',$,(#4135,#4136,#4137,#4138));
#4133=IFCOWNERHISTORY(#3,#5,.READWRITE.,.ADDED.,1777761465,#3,#5,1777761465);
#4134=IFCRELDEFINESBYPROPERTIES('1KwgFUakv5feGMvDv5KVq4',#4133,$,$,(#4117),#4132);
#4135=IFCPROPERTYSINGLEVALUE('Mark',$,IFCLABEL('SL-A2B3-L1'),$);
#4136=IFCPROPERTYSINGLEVALUE('ElementType',$,IFCLABEL('Floor Slab'),$);
#4137=IFCPROPERTYSINGLEVALUE('Bay',$,IFCLABEL('A2B3'),$);
#4138=IFCPROPERTYSINGLEVALUE('Level',$,IFCLABEL('L1'),$);
#4139=IFCCARTESIANPOINT((6.,0.,7.));
#4140=IFCDIRECTION((0.,0.,1.));
#4141=IFCDIRECTION((1.,0.,0.));
#4142=IFCAXIS2PLACEMENT3D(#4139,#4140,#4141);
#4143=IFCLOCALPLACEMENT($,#4142);
#4144=IFCOWNERHISTORY(#3,#5,.READWRITE.,.MODIFIED.,1777761465,#3,#5,1777761465);
#4145=IFCSLAB('37mR0YBQ18WPJV2S8KTQ1M',#4144,'SL-A3B4-L1',$,$,#4171,#4158,$,.FLOOR.);
#4151=IFCCARTESIANPOINT((0.,0.,0.));
#4152=IFCDIRECTION((0.,0.,1.));
#4153=IFCDIRECTION((1.,0.,0.));
#4154=IFCAXIS2PLACEMENT3D(#4151,#4152,#4153);
#4155=IFCDIRECTION((0.,0.,1.));
#4156=IFCEXTRUDEDAREASOLID(#3835,#4154,#4155,0.20000000000000001);
#4157=IFCSHAPEREPRESENTATION(#13,'Body','SweptSolid',(#4156));
#4158=IFCPRODUCTDEFINITIONSHAPE($,$,(#4157));
#4159=IFCOWNERHISTORY(#3,#5,.READWRITE.,.ADDED.,1777761465,#3,#5,1777761465);
#4160=IFCPROPERTYSET('02zUUFpB54Bhx3lXMrvuLg',#4159,'Pset_ElementMark',$,(#4163,#4164,#4165,#4166));
#4161=IFCOWNERHISTORY(#3,#5,.READWRITE.,.ADDED.,1777761465,#3,#5,1777761465);
#4162=IFCRELDEFINESBYPROPERTIES('2J6g9yLbLEjuyFG1le0Z5l',#4161,$,$,(#4145),#4160);
#4163=IFCPROPERTYSINGLEVALUE('Mark',$,IFCLABEL('SL-A3B4-L1'),$);
#4164=IFCPROPERTYSINGLEVALUE('ElementType',$,IFCLABEL('Floor Slab'),$);
#4165=IFCPROPERTYSINGLEVALUE('Bay',$,IFCLABEL('A3B4'),$);
#4166=IFCPROPERTYSINGLEVALUE('Level',$,IFCLABEL('L1'),$);
#4167=IFCCARTESIANPOINT((12.,0.,7.));
#4168=IFCDIRECTION((0.,0.,1.));
#4169=IFCDIRECTION((1.,0.,0.));
#4170=IFCAXIS2PLACEMENT3D(#4167,#4168,#4169);
#4171=IFCLOCALPLACEMENT($,#4170);
#4172=IFCOWNERHISTORY(#3,#5,.READWRITE.,.MODIFIED.,1777761465,#3,#5,1777761465);
#4173=IFCSLAB('0RDAIbJoz6jhE$NiDGBaP5',#4172,'SL-B1C2-L1',$,$,#4199,#4186,$,.FLOOR.);
#4179=IFCCARTESIANPOINT((0.,0.,0.));
#4180=IFCDIRECTION((0.,0.,1.));
#4181=IFCDIRECTION((1.,0.,0.));
#4182=IFCAXIS2PLACEMENT3D(#4179,#4180,#4181);
#4183=IFCDIRECTION((0.,0.,1.));
#4184=IFCEXTRUDEDAREASOLID(#3835,#4182,#4183,0.20000000000000001);
#4185=IFCSHAPEREPRESENTATION(#13,'Body','SweptSolid',(#4184));
#4186=IFCPRODUCTDEFINITIONSHAPE($,$,(#4185));
#4187=IFCOWNERHISTORY(#3,#5,.READWRITE.,.ADDED.,1777761465,#3,#5,1777761465);
#4188=IFCPROPERTYSET('2mmoTgKNfFmhJK7VNuY7x$',#4187,'Pset_ElementMark',$,(#4191,#4192,#4193,#4194));
#4189=IFCOWNERHISTORY(#3,#5,.READWRITE.,.ADDED.,1777761465,#3,#5,1777761465);
#4190=IFCRELDEFINESBYPROPERTIES('0chewmUS19shTTfWu1oo_8',#4189,$,$,(#4173),#4188);
#4191=IFCPROPERTYSINGLEVALUE('Mark',$,IFCLABEL('SL-B1C2-L1'),$);
#4192=IFCPROPERTYSINGLEVALUE('ElementType',$,IFCLABEL('Floor Slab'),$);
#4193=IFCPROPERTYSINGLEVALUE('Bay',$,IFCLABEL('B1C2'),$);
#4194=IFCPROPERTYSINGLEVALUE('Level',$,IFCLABEL('L1'),$);
#4195=IFCCARTESIANPOINT((0.,6.,7.));
#4196=IFCDIRECTION((0.,0.,1.));
#4197=IFCDIRECTION((1.,0.,0.));
#4198=IFCAXIS2PLACEMENT3D(#4195,#4196,#4197);
#4199=IFCLOCALPLACEMENT($,#4198);
#4200=IFCOWNERHISTORY(#3,#5,.READWRITE.,.MODIFIED.,1777761465,#3,#5,1777761465);
#4201=IFCSLAB('1g2PCyjcv8hPRbw3qAHtwf',#4200,'SL-B2C3-L1',$,$,#4227,#4214,$,.FLOOR.);
#4207=IFCCARTESIANPOINT((0.,0.,0.));
#4208=IFCDIRECTION((0.,0.,1.));
#4209=IFCDIRECTION((1.,0.,0.));
#4210=IFCAXIS2PLACEMENT3D(#4207,#4208,#4209);
#4211=IFCDIRECTION((0.,0.,1.));
#4212=IFCEXTRUDEDAREASOLID(#3835,#4210,#4211,0.20000000000000001);
#4213=IFCSHAPEREPRESENTATION(#13,'Body','SweptSolid',(#4212));
#4214=IFCPRODUCTDEFINITIONSHAPE($,$,(#4213));
#4215=IFCOWNERHISTORY(#3,#5,.READWRITE.,.ADDED.,1777761465,#3,#5,1777761465);
#4216=IFCPROPERTYSET('0oG5YdxoL4evQWtAVWHK7o',#4215,'Pset_ElementMark',$,(#4219,#4220,#4221,#4222));
#4217=IFCOWNERHISTORY(#3,#5,.READWRITE.,.ADDED.,1777761465,#3,#5,1777761465);
#4218=IFCRELDEFINESBYPROPERTIES('3MwLKZ_NDDn804QoO4Hb9s',#4217,$,$,(#4201),#4216);
#4219=IFCPROPERTYSINGLEVALUE('Mark',$,IFCLABEL('SL-B2C3-L1'),$);
#4220=IFCPROPERTYSINGLEVALUE('ElementType',$,IFCLABEL('Floor Slab'),$);
#4221=IFCPROPERTYSINGLEVALUE('Bay',$,IFCLABEL('B2C3'),$);
#4222=IFCPROPERTYSINGLEVALUE('Level',$,IFCLABEL('L1'),$);
#4223=IFCCARTESIANPOINT((6.,6.,7.));
#4224=IFCDIRECTION((0.,0.,1.));
#4225=IFCDIRECTION((1.,0.,0.));
#4226=IFCAXIS2PLACEMENT3D(#4223,#4224,#4225);
#4227=IFCLOCALPLACEMENT($,#4226);
#4228=IFCOWNERHISTORY(#3,#5,.READWRITE.,.MODIFIED.,1777761465,#3,#5,1777761465);
#4229=IFCSLAB('3gLbXaxjrB7BH5mHryJX5w',#4228,'SL-B3C4-L1',$,$,#4255,#4242,$,.FLOOR.);
#4235=IFCCARTESIANPOINT((0.,0.,0.));
#4236=IFCDIRECTION((0.,0.,1.));
#4237=IFCDIRECTION((1.,0.,0.));
#4238=IFCAXIS2PLACEMENT3D(#4235,#4236,#4237);
#4239=IFCDIRECTION((0.,0.,1.));
#4240=IFCEXTRUDEDAREASOLID(#3835,#4238,#4239,0.20000000000000001);
#4241=IFCSHAPEREPRESENTATION(#13,'Body','SweptSolid',(#4240));
#4242=IFCPRODUCTDEFINITIONSHAPE($,$,(#4241));
#4243=IFCOWNERHISTORY(#3,#5,.READWRITE.,.ADDED.,1777761465,#3,#5,1777761465);
#4244=IFCPROPERTYSET('3v1JKSL1z0jAtzGTsF_TGP',#4243,'Pset_ElementMark',$,(#4247,#4248,#4249,#4250));
#4245=IFCOWNERHISTORY(#3,#5,.READWRITE.,.ADDED.,1777761465,#3,#5,1777761465);
#4246=IFCRELDEFINESBYPROPERTIES('2v67hBhhT76O6IuQibbFEW',#4245,$,$,(#4229),#4244);
#4247=IFCPROPERTYSINGLEVALUE('Mark',$,IFCLABEL('SL-B3C4-L1'),$);
#4248=IFCPROPERTYSINGLEVALUE('ElementType',$,IFCLABEL('Floor Slab'),$);
#4249=IFCPROPERTYSINGLEVALUE('Bay',$,IFCLABEL('B3C4'),$);
#4250=IFCPROPERTYSINGLEVALUE('Level',$,IFCLABEL('L1'),$);
#4251=IFCCARTESIANPOINT((12.,6.,7.));
#4252=IFCDIRECTION((0.,0.,1.));
#4253=IFCDIRECTION((1.,0.,0.));
#4254=IFCAXIS2PLACEMENT3D(#4251,#4252,#4253);
#4255=IFCLOCALPLACEMENT($,#4254);
#4256=IFCOWNERHISTORY(#3,#5,.READWRITE.,.MODIFIED.,1777761465,#3,#5,1777761465);
#4257=IFCSLAB('3vkB0MaaP5IRbH0hScv5A7',#4256,'SL-C1D2-L1',$,$,#4283,#4270,$,.FLOOR.);
#4263=IFCCARTESIANPOINT((0.,0.,0.));
#4264=IFCDIRECTION((0.,0.,1.));
#4265=IFCDIRECTION((1.,0.,0.));
#4266=IFCAXIS2PLACEMENT3D(#4263,#4264,#4265);
#4267=IFCDIRECTION((0.,0.,1.));
#4268=IFCEXTRUDEDAREASOLID(#3835,#4266,#4267,0.20000000000000001);
#4269=IFCSHAPEREPRESENTATION(#13,'Body','SweptSolid',(#4268));
#4270=IFCPRODUCTDEFINITIONSHAPE($,$,(#4269));
#4271=IFCOWNERHISTORY(#3,#5,.READWRITE.,.ADDED.,1777761465,#3,#5,1777761465);
#4272=IFCPROPERTYSET('2IqGEL_zzChfj0iJiGhu9g',#4271,'Pset_ElementMark',$,(#4275,#4276,#4277,#4278));
#4273=IFCOWNERHISTORY(#3,#5,.READWRITE.,.ADDED.,1777761465,#3,#5,1777761465);
#4274=IFCRELDEFINESBYPROPERTIES('0L5D0u4Rv6SA7rbbqR7Ms8',#4273,$,$,(#4257),#4272);
#4275=IFCPROPERTYSINGLEVALUE('Mark',$,IFCLABEL('SL-C1D2-L1'),$);
#4276=IFCPROPERTYSINGLEVALUE('ElementType',$,IFCLABEL('Floor Slab'),$);
#4277=IFCPROPERTYSINGLEVALUE('Bay',$,IFCLABEL('C1D2'),$);
#4278=IFCPROPERTYSINGLEVALUE('Level',$,IFCLABEL('L1'),$);
#4279=IFCCARTESIANPOINT((0.,12.,7.));
#4280=IFCDIRECTION((0.,0.,1.));
#4281=IFCDIRECTION((1.,0.,0.));
#4282=IFCAXIS2PLACEMENT3D(#4279,#4280,#4281);
#4283=IFCLOCALPLACEMENT($,#4282);
#4284=IFCOWNERHISTORY(#3,#5,.READWRITE.,.MODIFIED.,1777761465,#3,#5,1777761465);
#4285=IFCSLAB('3R3zOO1Hn7Eu98mIEKz$6O',#4284,'SL-C2D3-L1',$,$,#4311,#4298,$,.FLOOR.);
#4291=IFCCARTESIANPOINT((0.,0.,0.));
#4292=IFCDIRECTION((0.,0.,1.));
#4293=IFCDIRECTION((1.,0.,0.));
#4294=IFCAXIS2PLACEMENT3D(#4291,#4292,#4293);
#4295=IFCDIRECTION((0.,0.,1.));
#4296=IFCEXTRUDEDAREASOLID(#3835,#4294,#4295,0.20000000000000001);
#4297=IFCSHAPEREPRESENTATION(#13,'Body','SweptSolid',(#4296));
#4298=IFCPRODUCTDEFINITIONSHAPE($,$,(#4297));
#4299=IFCOWNERHISTORY(#3,#5,.READWRITE.,.ADDED.,1777761465,#3,#5,1777761465);
#4300=IFCPROPERTYSET('0N4VkUiMr9e9796snhHqdK',#4299,'Pset_ElementMark',$,(#4303,#4304,#4305,#4306));
#4301=IFCOWNERHISTORY(#3,#5,.READWRITE.,.ADDED.,1777761465,#3,#5,1777761465);
#4302=IFCRELDEFINESBYPROPERTIES('3ZY7u_bCz2rfV2dii0wNgh',#4301,$,$,(#4285),#4300);
#4303=IFCPROPERTYSINGLEVALUE('Mark',$,IFCLABEL('SL-C2D3-L1'),$);
#4304=IFCPROPERTYSINGLEVALUE('ElementType',$,IFCLABEL('Floor Slab'),$);
#4305=IFCPROPERTYSINGLEVALUE('Bay',$,IFCLABEL('C2D3'),$);
#4306=IFCPROPERTYSINGLEVALUE('Level',$,IFCLABEL('L1'),$);
#4307=IFCCARTESIANPOINT((6.,12.,7.));
#4308=IFCDIRECTION((0.,0.,1.));
#4309=IFCDIRECTION((1.,0.,0.));
#4310=IFCAXIS2PLACEMENT3D(#4307,#4308,#4309);
#4311=IFCLOCALPLACEMENT($,#4310);
#4312=IFCOWNERHISTORY(#3,#5,.READWRITE.,.MODIFIED.,1777761465,#3,#5,1777761465);
#4313=IFCSLAB('3FZIBjcoL7nRo4EirflB7R',#4312,'SL-C3D4-L1',$,$,#4339,#4326,$,.FLOOR.);
#4319=IFCCARTESIANPOINT((0.,0.,0.));
#4320=IFCDIRECTION((0.,0.,1.));
#4321=IFCDIRECTION((1.,0.,0.));
#4322=IFCAXIS2PLACEMENT3D(#4319,#4320,#4321);
#4323=IFCDIRECTION((0.,0.,1.));
#4324=IFCEXTRUDEDAREASOLID(#3835,#4322,#4323,0.20000000000000001);
#4325=IFCSHAPEREPRESENTATION(#13,'Body','SweptSolid',(#4324));
#4326=IFCPRODUCTDEFINITIONSHAPE($,$,(#4325));
#4327=IFCOWNERHISTORY(#3,#5,.READWRITE.,.ADDED.,1777761465,#3,#5,1777761465);
#4328=IFCPROPERTYSET('0l5w5PjRz2JfWlu1VxQrlp',#4327,'Pset_ElementMark',$,(#4331,#4332,#4333,#4334));
#4329=IFCOWNERHISTORY(#3,#5,.READWRITE.,.ADDED.,1777761465,#3,#5,1777761465);
#4330=IFCRELDEFINESBYPROPERTIES('1lie5rE$bEaPEzfOIAxknv',#4329,$,$,(#4313),#4328);
#4331=IFCPROPERTYSINGLEVALUE('Mark',$,IFCLABEL('SL-C3D4-L1'),$);
#4332=IFCPROPERTYSINGLEVALUE('ElementType',$,IFCLABEL('Floor Slab'),$);
#4333=IFCPROPERTYSINGLEVALUE('Bay',$,IFCLABEL('C3D4'),$);
#4334=IFCPROPERTYSINGLEVALUE('Level',$,IFCLABEL('L1'),$);
#4335=IFCCARTESIANPOINT((12.,12.,7.));
#4336=IFCDIRECTION((0.,0.,1.));
#4337=IFCDIRECTION((1.,0.,0.));
#4338=IFCAXIS2PLACEMENT3D(#4335,#4336,#4337);
#4339=IFCLOCALPLACEMENT($,#4338);
#4340=IFCOWNERHISTORY(#3,#5,.READWRITE.,.MODIFIED.,1777761465,#3,#5,1777761465);
#4341=IFCSLAB('1VDJdABFX2zgxfISoFyvvp',#4340,'SL-A1B2-L2',$,$,#4367,#4354,$,.FLOOR.);
#4347=IFCCARTESIANPOINT((0.,0.,0.));
#4348=IFCDIRECTION((0.,0.,1.));
#4349=IFCDIRECTION((1.,0.,0.));
#4350=IFCAXIS2PLACEMENT3D(#4347,#4348,#4349);
#4351=IFCDIRECTION((0.,0.,1.));
#4352=IFCEXTRUDEDAREASOLID(#3835,#4350,#4351,0.20000000000000001);
#4353=IFCSHAPEREPRESENTATION(#13,'Body','SweptSolid',(#4352));
#4354=IFCPRODUCTDEFINITIONSHAPE($,$,(#4353));
#4355=IFCOWNERHISTORY(#3,#5,.READWRITE.,.ADDED.,1777761465,#3,#5,1777761465);
#4356=IFCPROPERTYSET('2KaDPd6$94QwzC0bsl0Ze8',#4355,'Pset_ElementMark',$,(#4359,#4360,#4361,#4362));
#4357=IFCOWNERHISTORY(#3,#5,.READWRITE.,.ADDED.,1777761465,#3,#5,1777761465);
#4358=IFCRELDEFINESBYPROPERTIES('0lG6td5Ff8APAFu5MIKcp5',#4357,$,$,(#4341),#4356);
#4359=IFCPROPERTYSINGLEVALUE('Mark',$,IFCLABEL('SL-A1B2-L2'),$);
#4360=IFCPROPERTYSINGLEVALUE('ElementType',$,IFCLABEL('Floor Slab'),$);
#4361=IFCPROPERTYSINGLEVALUE('Bay',$,IFCLABEL('A1B2'),$);
#4362=IFCPROPERTYSINGLEVALUE('Level',$,IFCLABEL('L2'),$);
#4363=IFCCARTESIANPOINT((0.,0.,10.5));
#4364=IFCDIRECTION((0.,0.,1.));
#4365=IFCDIRECTION((1.,0.,0.));
#4366=IFCAXIS2PLACEMENT3D(#4363,#4364,#4365);
#4367=IFCLOCALPLACEMENT($,#4366);
#4368=IFCOWNERHISTORY(#3,#5,.READWRITE.,.MODIFIED.,1777761465,#3,#5,1777761465);
#4369=IFCSLAB('3jTwu76xnEBeTQsmIjN7Zc',#4368,'SL-A2B3-L2',$,$,#4395,#4382,$,.FLOOR.);
#4375=IFCCARTESIANPOINT((0.,0.,0.));
#4376=IFCDIRECTION((0.,0.,1.));
#4377=IFCDIRECTION((1.,0.,0.));
#4378=IFCAXIS2PLACEMENT3D(#4375,#4376,#4377);
#4379=IFCDIRECTION((0.,0.,1.));
#4380=IFCEXTRUDEDAREASOLID(#3835,#4378,#4379,0.20000000000000001);
#4381=IFCSHAPEREPRESENTATION(#13,'Body','SweptSolid',(#4380));
#4382=IFCPRODUCTDEFINITIONSHAPE($,$,(#4381));
#4383=IFCOWNERHISTORY(#3,#5,.READWRITE.,.ADDED.,1777761465,#3,#5,1777761465);
#4384=IFCPROPERTYSET('27law$ptLCMe0k9RI2YYTQ',#4383,'Pset_ElementMark',$,(#4387,#4388,#4389,#4390));
#4385=IFCOWNERHISTORY(#3,#5,.READWRITE.,.ADDED.,1777761465,#3,#5,1777761465);
#4386=IFCRELDEFINESBYPROPERTIES('1W2o_ojoPFSvRYzdfJtay9',#4385,$,$,(#4369),#4384);
#4387=IFCPROPERTYSINGLEVALUE('Mark',$,IFCLABEL('SL-A2B3-L2'),$);
#4388=IFCPROPERTYSINGLEVALUE('ElementType',$,IFCLABEL('Floor Slab'),$);
#4389=IFCPROPERTYSINGLEVALUE('Bay',$,IFCLABEL('A2B3'),$);
#4390=IFCPROPERTYSINGLEVALUE('Level',$,IFCLABEL('L2'),$);
#4391=IFCCARTESIANPOINT((6.,0.,10.5));
#4392=IFCDIRECTION((0.,0.,1.));
#4393=IFCDIRECTION((1.,0.,0.));
#4394=IFCAXIS2PLACEMENT3D(#4391,#4392,#4393);
#4395=IFCLOCALPLACEMENT($,#4394);
#4396=IFCOWNERHISTORY(#3,#5,.READWRITE.,.MODIFIED.,1777761465,#3,#5,1777761465);
#4397=IFCSLAB('0J2injTpz3PwtACtuHBtFu',#4396,'SL-A3B4-L2',$,$,#4423,#4410,$,.FLOOR.);
#4403=IFCCARTESIANPOINT((0.,0.,0.));
#4404=IFCDIRECTION((0.,0.,1.));
#4405=IFCDIRECTION((1.,0.,0.));
#4406=IFCAXIS2PLACEMENT3D(#4403,#4404,#4405);
#4407=IFCDIRECTION((0.,0.,1.));
#4408=IFCEXTRUDEDAREASOLID(#3835,#4406,#4407,0.20000000000000001);
#4409=IFCSHAPEREPRESENTATION(#13,'Body','SweptSolid',(#4408));
#4410=IFCPRODUCTDEFINITIONSHAPE($,$,(#4409));
#4411=IFCOWNERHISTORY(#3,#5,.READWRITE.,.ADDED.,1777761465,#3,#5,1777761465);
#4412=IFCPROPERTYSET('0kKHgovQn9OAM8jq08b_X8',#4411,'Pset_ElementMark',$,(#4415,#4416,#4417,#4418));
#4413=IFCOWNERHISTORY(#3,#5,.READWRITE.,.ADDED.,1777761465,#3,#5,1777761465);
#4414=IFCRELDEFINESBYPROPERTIES('30FK4lS396yxVcSApbxUkj',#4413,$,$,(#4397),#4412);
#4415=IFCPROPERTYSINGLEVALUE('Mark',$,IFCLABEL('SL-A3B4-L2'),$);
#4416=IFCPROPERTYSINGLEVALUE('ElementType',$,IFCLABEL('Floor Slab'),$);
#4417=IFCPROPERTYSINGLEVALUE('Bay',$,IFCLABEL('A3B4'),$);
#4418=IFCPROPERTYSINGLEVALUE('Level',$,IFCLABEL('L2'),$);
#4419=IFCCARTESIANPOINT((12.,0.,10.5));
#4420=IFCDIRECTION((0.,0.,1.));
#4421=IFCDIRECTION((1.,0.,0.));
#4422=IFCAXIS2PLACEMENT3D(#4419,#4420,#4421);
#4423=IFCLOCALPLACEMENT($,#4422);
#4424=IFCOWNERHISTORY(#3,#5,.READWRITE.,.MODIFIED.,1777761465,#3,#5,1777761465);
#4425=IFCSLAB('2VCNt3tiH15wNqLwSSCg9l',#4424,'SL-B1C2-L2',$,$,#4451,#4438,$,.FLOOR.);
#4431=IFCCARTESIANPOINT((0.,0.,0.));
#4432=IFCDIRECTION((0.,0.,1.));
#4433=IFCDIRECTION((1.,0.,0.));
#4434=IFCAXIS2PLACEMENT3D(#4431,#4432,#4433);
#4435=IFCDIRECTION((0.,0.,1.));
#4436=IFCEXTRUDEDAREASOLID(#3835,#4434,#4435,0.20000000000000001);
#4437=IFCSHAPEREPRESENTATION(#13,'Body','SweptSolid',(#4436));
#4438=IFCPRODUCTDEFINITIONSHAPE($,$,(#4437));
#4439=IFCOWNERHISTORY(#3,#5,.READWRITE.,.ADDED.,1777761465,#3,#5,1777761465);
#4440=IFCPROPERTYSET('3ObCPmyur91AYRbggmQTcK',#4439,'Pset_ElementMark',$,(#4443,#4444,#4445,#4446));
#4441=IFCOWNERHISTORY(#3,#5,.READWRITE.,.ADDED.,1777761465,#3,#5,1777761465);
#4442=IFCRELDEFINESBYPROPERTIES('0hSsXyfab8bPjs6SDw5mOZ',#4441,$,$,(#4425),#4440);
#4443=IFCPROPERTYSINGLEVALUE('Mark',$,IFCLABEL('SL-B1C2-L2'),$);
#4444=IFCPROPERTYSINGLEVALUE('ElementType',$,IFCLABEL('Floor Slab'),$);
#4445=IFCPROPERTYSINGLEVALUE('Bay',$,IFCLABEL('B1C2'),$);
#4446=IFCPROPERTYSINGLEVALUE('Level',$,IFCLABEL('L2'),$);
#4447=IFCCARTESIANPOINT((0.,6.,10.5));
#4448=IFCDIRECTION((0.,0.,1.));
#4449=IFCDIRECTION((1.,0.,0.));
#4450=IFCAXIS2PLACEMENT3D(#4447,#4448,#4449);
#4451=IFCLOCALPLACEMENT($,#4450);
#4452=IFCOWNERHISTORY(#3,#5,.READWRITE.,.MODIFIED.,1777761465,#3,#5,1777761465);
#4453=IFCSLAB('2gt3XpKq1Ebx21WWDTxuxH',#4452,'SL-B2C3-L2',$,$,#4479,#4466,$,.FLOOR.);
#4459=IFCCARTESIANPOINT((0.,0.,0.));
#4460=IFCDIRECTION((0.,0.,1.));
#4461=IFCDIRECTION((1.,0.,0.));
#4462=IFCAXIS2PLACEMENT3D(#4459,#4460,#4461);
#4463=IFCDIRECTION((0.,0.,1.));
#4464=IFCEXTRUDEDAREASOLID(#3835,#4462,#4463,0.20000000000000001);
#4465=IFCSHAPEREPRESENTATION(#13,'Body','SweptSolid',(#4464));
#4466=IFCPRODUCTDEFINITIONSHAPE($,$,(#4465));
#4467=IFCOWNERHISTORY(#3,#5,.READWRITE.,.ADDED.,1777761465,#3,#5,1777761465);
#4468=IFCPROPERTYSET('1u4FJGsx5AwhV4QunBUdYH',#4467,'Pset_ElementMark',$,(#4471,#4472,#4473,#4474));
#4469=IFCOWNERHISTORY(#3,#5,.READWRITE.,.ADDED.,1777761465,#3,#5,1777761465);
#4470=IFCRELDEFINESBYPROPERTIES('1EU67ywD13ggB2GWYSC9sk',#4469,$,$,(#4453),#4468);
#4471=IFCPROPERTYSINGLEVALUE('Mark',$,IFCLABEL('SL-B2C3-L2'),$);
#4472=IFCPROPERTYSINGLEVALUE('ElementType',$,IFCLABEL('Floor Slab'),$);
#4473=IFCPROPERTYSINGLEVALUE('Bay',$,IFCLABEL('B2C3'),$);
#4474=IFCPROPERTYSINGLEVALUE('Level',$,IFCLABEL('L2'),$);
#4475=IFCCARTESIANPOINT((6.,6.,10.5));
#4476=IFCDIRECTION((0.,0.,1.));
#4477=IFCDIRECTION((1.,0.,0.));
#4478=IFCAXIS2PLACEMENT3D(#4475,#4476,#4477);
#4479=IFCLOCALPLACEMENT($,#4478);
#4480=IFCOWNERHISTORY(#3,#5,.READWRITE.,.MODIFIED.,1777761465,#3,#5,1777761465);
#4481=IFCSLAB('1zIg12tS53fxKciRJ03R63',#4480,'SL-B3C4-L2',$,$,#4507,#4494,$,.FLOOR.);
#4487=IFCCARTESIANPOINT((0.,0.,0.));
#4488=IFCDIRECTION((0.,0.,1.));
#4489=IFCDIRECTION((1.,0.,0.));
#4490=IFCAXIS2PLACEMENT3D(#4487,#4488,#4489);
#4491=IFCDIRECTION((0.,0.,1.));
#4492=IFCEXTRUDEDAREASOLID(#3835,#4490,#4491,0.20000000000000001);
#4493=IFCSHAPEREPRESENTATION(#13,'Body','SweptSolid',(#4492));
#4494=IFCPRODUCTDEFINITIONSHAPE($,$,(#4493));
#4495=IFCOWNERHISTORY(#3,#5,.READWRITE.,.ADDED.,1777761465,#3,#5,1777761465);
#4496=IFCPROPERTYSET('3wlBxHp9L60QcQBPSlSyjy',#4495,'Pset_ElementMark',$,(#4499,#4500,#4501,#4502));
#4497=IFCOWNERHISTORY(#3,#5,.READWRITE.,.ADDED.,1777761465,#3,#5,1777761465);
#4498=IFCRELDEFINESBYPROPERTIES('0PhYfIdTP5AO2HncCAOmB8',#4497,$,$,(#4481),#4496);
#4499=IFCPROPERTYSINGLEVALUE('Mark',$,IFCLABEL('SL-B3C4-L2'),$);
#4500=IFCPROPERTYSINGLEVALUE('ElementType',$,IFCLABEL('Floor Slab'),$);
#4501=IFCPROPERTYSINGLEVALUE('Bay',$,IFCLABEL('B3C4'),$);
#4502=IFCPROPERTYSINGLEVALUE('Level',$,IFCLABEL('L2'),$);
#4503=IFCCARTESIANPOINT((12.,6.,10.5));
#4504=IFCDIRECTION((0.,0.,1.));
#4505=IFCDIRECTION((1.,0.,0.));
#4506=IFCAXIS2PLACEMENT3D(#4503,#4504,#4505);
#4507=IFCLOCALPLACEMENT($,#4506);
#4508=IFCOWNERHISTORY(#3,#5,.READWRITE.,.MODIFIED.,1777761465,#3,#5,1777761465);
#4509=IFCSLAB('33_NTAhmz3Dhi0cGw49saA',#4508,'SL-C1D2-L2',$,$,#4535,#4522,$,.FLOOR.);
#4515=IFCCARTESIANPOINT((0.,0.,0.));
#4516=IFCDIRECTION((0.,0.,1.));
#4517=IFCDIRECTION((1.,0.,0.));
#4518=IFCAXIS2PLACEMENT3D(#4515,#4516,#4517);
#4519=IFCDIRECTION((0.,0.,1.));
#4520=IFCEXTRUDEDAREASOLID(#3835,#4518,#4519,0.20000000000000001);
#4521=IFCSHAPEREPRESENTATION(#13,'Body','SweptSolid',(#4520));
#4522=IFCPRODUCTDEFINITIONSHAPE($,$,(#4521));
#4523=IFCOWNERHISTORY(#3,#5,.READWRITE.,.ADDED.,1777761465,#3,#5,1777761465);
#4524=IFCPROPERTYSET('3qzFnbaf929xhFh2XgN71i',#4523,'Pset_ElementMark',$,(#4527,#4528,#4529,#4530));
#4525=IFCOWNERHISTORY(#3,#5,.READWRITE.,.ADDED.,1777761465,#3,#5,1777761465);
#4526=IFCRELDEFINESBYPROPERTIES('1k48K7zW90MBdJcYRtb9WA',#4525,$,$,(#4509),#4524);
#4527=IFCPROPERTYSINGLEVALUE('Mark',$,IFCLABEL('SL-C1D2-L2'),$);
#4528=IFCPROPERTYSINGLEVALUE('ElementType',$,IFCLABEL('Floor Slab'),$);
#4529=IFCPROPERTYSINGLEVALUE('Bay',$,IFCLABEL('C1D2'),$);
#4530=IFCPROPERTYSINGLEVALUE('Level',$,IFCLABEL('L2'),$);
#4531=IFCCARTESIANPOINT((0.,12.,10.5));
#4532=IFCDIRECTION((0.,0.,1.));
#4533=IFCDIRECTION((1.,0.,0.));
#4534=IFCAXIS2PLACEMENT3D(#4531,#4532,#4533);
#4535=IFCLOCALPLACEMENT($,#4534);
#4536=IFCOWNERHISTORY(#3,#5,.READWRITE.,.MODIFIED.,1777761465,#3,#5,1777761465);
#4537=IFCSLAB('3wsj0AlsvF3fameSnXXSFv',#4536,'SL-C2D3-L2',$,$,#4563,#4550,$,.FLOOR.);
#4543=IFCCARTESIANPOINT((0.,0.,0.));
#4544=IFCDIRECTION((0.,0.,1.));
#4545=IFCDIRECTION((1.,0.,0.));
#4546=IFCAXIS2PLACEMENT3D(#4543,#4544,#4545);
#4547=IFCDIRECTION((0.,0.,1.));
#4548=IFCEXTRUDEDAREASOLID(#3835,#4546,#4547,0.20000000000000001);
#4549=IFCSHAPEREPRESENTATION(#13,'Body','SweptSolid',(#4548));
#4550=IFCPRODUCTDEFINITIONSHAPE($,$,(#4549));
#4551=IFCOWNERHISTORY(#3,#5,.READWRITE.,.ADDED.,1777761465,#3,#5,1777761465);
#4552=IFCPROPERTYSET('2GlTlTraH4KO68jxZyvaH4',#4551,'Pset_ElementMark',$,(#4555,#4556,#4557,#4558));
#4553=IFCOWNERHISTORY(#3,#5,.READWRITE.,.ADDED.,1777761465,#3,#5,1777761465);
#4554=IFCRELDEFINESBYPROPERTIES('1X3EmCO7H31uHR7$pc89ib',#4553,$,$,(#4537),#4552);
#4555=IFCPROPERTYSINGLEVALUE('Mark',$,IFCLABEL('SL-C2D3-L2'),$);
#4556=IFCPROPERTYSINGLEVALUE('ElementType',$,IFCLABEL('Floor Slab'),$);
#4557=IFCPROPERTYSINGLEVALUE('Bay',$,IFCLABEL('C2D3'),$);
#4558=IFCPROPERTYSINGLEVALUE('Level',$,IFCLABEL('L2'),$);
#4559=IFCCARTESIANPOINT((6.,12.,10.5));
#4560=IFCDIRECTION((0.,0.,1.));
#4561=IFCDIRECTION((1.,0.,0.));
#4562=IFCAXIS2PLACEMENT3D(#4559,#4560,#4561);
#4563=IFCLOCALPLACEMENT($,#4562);
#4564=IFCOWNERHISTORY(#3,#5,.READWRITE.,.MODIFIED.,1777761465,#3,#5,1777761465);
#4565=IFCSLAB('08x8FHUfr1JfmwbgCDpW6r',#4564,'SL-C3D4-L2',$,$,#4591,#4578,$,.FLOOR.);
#4571=IFCCARTESIANPOINT((0.,0.,0.));
#4572=IFCDIRECTION((0.,0.,1.));
#4573=IFCDIRECTION((1.,0.,0.));
#4574=IFCAXIS2PLACEMENT3D(#4571,#4572,#4573);
#4575=IFCDIRECTION((0.,0.,1.));
#4576=IFCEXTRUDEDAREASOLID(#3835,#4574,#4575,0.20000000000000001);
#4577=IFCSHAPEREPRESENTATION(#13,'Body','SweptSolid',(#4576));
#4578=IFCPRODUCTDEFINITIONSHAPE($,$,(#4577));
#4579=IFCOWNERHISTORY(#3,#5,.READWRITE.,.ADDED.,1777761465,#3,#5,1777761465);
#4580=IFCPROPERTYSET('2ZxXm$9Pn1weIB$9Ky$WZE',#4579,'Pset_ElementMark',$,(#4583,#4584,#4585,#4586));
#4581=IFCOWNERHISTORY(#3,#5,.READWRITE.,.ADDED.,1777761465,#3,#5,1777761465);
#4582=IFCRELDEFINESBYPROPERTIES('0hk_Vw_ED08A6cdjm4FYS3',#4581,$,$,(#4565),#4580);
#4583=IFCPROPERTYSINGLEVALUE('Mark',$,IFCLABEL('SL-C3D4-L2'),$);
#4584=IFCPROPERTYSINGLEVALUE('ElementType',$,IFCLABEL('Floor Slab'),$);
#4585=IFCPROPERTYSINGLEVALUE('Bay',$,IFCLABEL('C3D4'),$);
#4586=IFCPROPERTYSINGLEVALUE('Level',$,IFCLABEL('L2'),$);
#4587=IFCCARTESIANPOINT((12.,12.,10.5));
#4588=IFCDIRECTION((0.,0.,1.));
#4589=IFCDIRECTION((1.,0.,0.));
#4590=IFCAXIS2PLACEMENT3D(#4587,#4588,#4589);
#4591=IFCLOCALPLACEMENT($,#4590);
#4592=IFCOWNERHISTORY(#3,#5,.READWRITE.,.MODIFIED.,1777761465,#3,#5,1777761465);
#4593=IFCSLAB('2AFPB5Wvn3YurRdGubHKIr',#4592,'ROOF-A1B2',$,$,#4619,#4606,$,.FLOOR.);
#4599=IFCCARTESIANPOINT((0.,0.,0.));
#4600=IFCDIRECTION((0.,0.,1.));
#4601=IFCDIRECTION((1.,0.,0.));
#4602=IFCAXIS2PLACEMENT3D(#4599,#4600,#4601);
#4603=IFCDIRECTION((0.,0.,1.));
#4604=IFCEXTRUDEDAREASOLID(#3835,#4602,#4603,0.20000000000000001);
#4605=IFCSHAPEREPRESENTATION(#13,'Body','SweptSolid',(#4604));
#4606=IFCPRODUCTDEFINITIONSHAPE($,$,(#4605));
#4607=IFCOWNERHISTORY(#3,#5,.READWRITE.,.ADDED.,1777761465,#3,#5,1777761465);
#4608=IFCPROPERTYSET('2Hbu0Fb8HDEueIjjzfnMP9',#4607,'Pset_ElementMark',$,(#4611,#4612,#4613,#4614));
#4609=IFCOWNERHISTORY(#3,#5,.READWRITE.,.ADDED.,1777761465,#3,#5,1777761465);
#4610=IFCRELDEFINESBYPROPERTIES('1bmILey9T22wqyunFIuui3',#4609,$,$,(#4593),#4608);
#4611=IFCPROPERTYSINGLEVALUE('Mark',$,IFCLABEL('ROOF-A1B2'),$);
#4612=IFCPROPERTYSINGLEVALUE('ElementType',$,IFCLABEL('Roof Slab'),$);
#4613=IFCPROPERTYSINGLEVALUE('Bay',$,IFCLABEL('A1B2'),$);
#4614=IFCPROPERTYSINGLEVALUE('Level',$,IFCLABEL('ROOF'),$);
#4615=IFCCARTESIANPOINT((0.,0.,10.5));
#4616=IFCDIRECTION((0.,0.,1.));
#4617=IFCDIRECTION((1.,0.,0.));
#4618=IFCAXIS2PLACEMENT3D(#4615,#4616,#4617);
#4619=IFCLOCALPLACEMENT($,#4618);
#4620=IFCOWNERHISTORY(#3,#5,.READWRITE.,.MODIFIED.,1777761465,#3,#5,1777761465);
#4621=IFCSLAB('3JDSKLMb5CPwANrgJkXVsi',#4620,'ROOF-A2B3',$,$,#4647,#4634,$,.FLOOR.);
#4627=IFCCARTESIANPOINT((0.,0.,0.));
#4628=IFCDIRECTION((0.,0.,1.));
#4629=IFCDIRECTION((1.,0.,0.));
#4630=IFCAXIS2PLACEMENT3D(#4627,#4628,#4629);
#4631=IFCDIRECTION((0.,0.,1.));
#4632=IFCEXTRUDEDAREASOLID(#3835,#4630,#4631,0.20000000000000001);
#4633=IFCSHAPEREPRESENTATION(#13,'Body','SweptSolid',(#4632));
#4634=IFCPRODUCTDEFINITIONSHAPE($,$,(#4633));
#4635=IFCOWNERHISTORY(#3,#5,.READWRITE.,.ADDED.,1777761465,#3,#5,1777761465);
#4636=IFCPROPERTYSET('3xJYHkAsr9WQ8p3r_6ZIHu',#4635,'Pset_ElementMark',$,(#4639,#4640,#4641,#4642));
#4637=IFCOWNERHISTORY(#3,#5,.READWRITE.,.ADDED.,1777761465,#3,#5,1777761465);
#4638=IFCRELDEFINESBYPROPERTIES('1hXsafTPj3QBlnrRrkB3dF',#4637,$,$,(#4621),#4636);
#4639=IFCPROPERTYSINGLEVALUE('Mark',$,IFCLABEL('ROOF-A2B3'),$);
#4640=IFCPROPERTYSINGLEVALUE('ElementType',$,IFCLABEL('Roof Slab'),$);
#4641=IFCPROPERTYSINGLEVALUE('Bay',$,IFCLABEL('A2B3'),$);
#4642=IFCPROPERTYSINGLEVALUE('Level',$,IFCLABEL('ROOF'),$);
#4643=IFCCARTESIANPOINT((6.,0.,10.5));
#4644=IFCDIRECTION((0.,0.,1.));
#4645=IFCDIRECTION((1.,0.,0.));
#4646=IFCAXIS2PLACEMENT3D(#4643,#4644,#4645);
#4647=IFCLOCALPLACEMENT($,#4646);
#4648=IFCOWNERHISTORY(#3,#5,.READWRITE.,.MODIFIED.,1777761465,#3,#5,1777761465);
#4649=IFCSLAB('1UQRqC7XPE8vT7NXZLwuOE',#4648,'ROOF-A3B4',$,$,#4675,#4662,$,.FLOOR.);
#4655=IFCCARTESIANPOINT((0.,0.,0.));
#4656=IFCDIRECTION((0.,0.,1.));
#4657=IFCDIRECTION((1.,0.,0.));
#4658=IFCAXIS2PLACEMENT3D(#4655,#4656,#4657);
#4659=IFCDIRECTION((0.,0.,1.));
#4660=IFCEXTRUDEDAREASOLID(#3835,#4658,#4659,0.20000000000000001);
#4661=IFCSHAPEREPRESENTATION(#13,'Body','SweptSolid',(#4660));
#4662=IFCPRODUCTDEFINITIONSHAPE($,$,(#4661));
#4663=IFCOWNERHISTORY(#3,#5,.READWRITE.,.ADDED.,1777761465,#3,#5,1777761465);
#4664=IFCPROPERTYSET('3wktg9WLrE1xZYZBvHo0Qe',#4663,'Pset_ElementMark',$,(#4667,#4668,#4669,#4670));
#4665=IFCOWNERHISTORY(#3,#5,.READWRITE.,.ADDED.,1777761465,#3,#5,1777761465);
#4666=IFCRELDEFINESBYPROPERTIES('1NVVzOHeL6tOo590PciL_k',#4665,$,$,(#4649),#4664);
#4667=IFCPROPERTYSINGLEVALUE('Mark',$,IFCLABEL('ROOF-A3B4'),$);
#4668=IFCPROPERTYSINGLEVALUE('ElementType',$,IFCLABEL('Roof Slab'),$);
#4669=IFCPROPERTYSINGLEVALUE('Bay',$,IFCLABEL('A3B4'),$);
#4670=IFCPROPERTYSINGLEVALUE('Level',$,IFCLABEL('ROOF'),$);
#4671=IFCCARTESIANPOINT((12.,0.,10.5));
#4672=IFCDIRECTION((0.,0.,1.));
#4673=IFCDIRECTION((1.,0.,0.));
#4674=IFCAXIS2PLACEMENT3D(#4671,#4672,#4673);
#4675=IFCLOCALPLACEMENT($,#4674);
#4676=IFCOWNERHISTORY(#3,#5,.READWRITE.,.MODIFIED.,1777761465,#3,#5,1777761465);
#4677=IFCSLAB('2bOc5P3iH0894zEzIFynsu',#4676,'ROOF-B1C2',$,$,#4703,#4690,$,.FLOOR.);
#4683=IFCCARTESIANPOINT((0.,0.,0.));
#4684=IFCDIRECTION((0.,0.,1.));
#4685=IFCDIRECTION((1.,0.,0.));
#4686=IFCAXIS2PLACEMENT3D(#4683,#4684,#4685);
#4687=IFCDIRECTION((0.,0.,1.));
#4688=IFCEXTRUDEDAREASOLID(#3835,#4686,#4687,0.20000000000000001);
#4689=IFCSHAPEREPRESENTATION(#13,'Body','SweptSolid',(#4688));
#4690=IFCPRODUCTDEFINITIONSHAPE($,$,(#4689));
#4691=IFCOWNERHISTORY(#3,#5,.READWRITE.,.ADDED.,1777761465,#3,#5,1777761465);
#4692=IFCPROPERTYSET('2oHbZemXn6oQ3703SGqdQU',#4691,'Pset_ElementMark',$,(#4695,#4696,#4697,#4698));
#4693=IFCOWNERHISTORY(#3,#5,.READWRITE.,.ADDED.,1777761465,#3,#5,1777761465);
#4694=IFCRELDEFINESBYPROPERTIES('02gcVTAoPAg8a0fO7q7BVW',#4693,$,$,(#4677),#4692);
#4695=IFCPROPERTYSINGLEVALUE('Mark',$,IFCLABEL('ROOF-B1C2'),$);
#4696=IFCPROPERTYSINGLEVALUE('ElementType',$,IFCLABEL('Roof Slab'),$);
#4697=IFCPROPERTYSINGLEVALUE('Bay',$,IFCLABEL('B1C2'),$);
#4698=IFCPROPERTYSINGLEVALUE('Level',$,IFCLABEL('ROOF'),$);
#4699=IFCCARTESIANPOINT((0.,6.,10.5));
#4700=IFCDIRECTION((0.,0.,1.));
#4701=IFCDIRECTION((1.,0.,0.));
#4702=IFCAXIS2PLACEMENT3D(#4699,#4700,#4701);
#4703=IFCLOCALPLACEMENT($,#4702);
#4704=IFCOWNERHISTORY(#3,#5,.READWRITE.,.MODIFIED.,1777761465,#3,#5,1777761465);
#4705=IFCSLAB('2iflLqLkPFh9f8n$08aMwj',#4704,'ROOF-B2C3',$,$,#4731,#4718,$,.FLOOR.);
#4711=IFCCARTESIANPOINT((0.,0.,0.));
#4712=IFCDIRECTION((0.,0.,1.));
#4713=IFCDIRECTION((1.,0.,0.));
#4714=IFCAXIS2PLACEMENT3D(#4711,#4712,#4713);
#4715=IFCDIRECTION((0.,0.,1.));
#4716=IFCEXTRUDEDAREASOLID(#3835,#4714,#4715,0.20000000000000001);
#4717=IFCSHAPEREPRESENTATION(#13,'Body','SweptSolid',(#4716));
#4718=IFCPRODUCTDEFINITIONSHAPE($,$,(#4717));
#4719=IFCOWNERHISTORY(#3,#5,.READWRITE.,.ADDED.,1777761465,#3,#5,1777761465);
#4720=IFCPROPERTYSET('3oheCYPq9CZg7e$aUlV3ow',#4719,'Pset_ElementMark',$,(#4723,#4724,#4725,#4726));
#4721=IFCOWNERHISTORY(#3,#5,.READWRITE.,.ADDED.,1777761465,#3,#5,1777761465);
#4722=IFCRELDEFINESBYPROPERTIES('0p48SVltD49hB00LBIDNtu',#4721,$,$,(#4705),#4720);
#4723=IFCPROPERTYSINGLEVALUE('Mark',$,IFCLABEL('ROOF-B2C3'),$);
#4724=IFCPROPERTYSINGLEVALUE('ElementType',$,IFCLABEL('Roof Slab'),$);
#4725=IFCPROPERTYSINGLEVALUE('Bay',$,IFCLABEL('B2C3'),$);
#4726=IFCPROPERTYSINGLEVALUE('Level',$,IFCLABEL('ROOF'),$);
#4727=IFCCARTESIANPOINT((6.,6.,10.5));
#4728=IFCDIRECTION((0.,0.,1.));
#4729=IFCDIRECTION((1.,0.,0.));
#4730=IFCAXIS2PLACEMENT3D(#4727,#4728,#4729);
#4731=IFCLOCALPLACEMENT($,#4730);
#4732=IFCOWNERHISTORY(#3,#5,.READWRITE.,.MODIFIED.,1777761465,#3,#5,1777761465);
#4733=IFCSLAB('1KoZBm9j9CN9ydSjw67gKA',#4732,'ROOF-B3C4',$,$,#4759,#4746,$,.FLOOR.);
#4739=IFCCARTESIANPOINT((0.,0.,0.));
#4740=IFCDIRECTION((0.,0.,1.));
#4741=IFCDIRECTION((1.,0.,0.));
#4742=IFCAXIS2PLACEMENT3D(#4739,#4740,#4741);
#4743=IFCDIRECTION((0.,0.,1.));
#4744=IFCEXTRUDEDAREASOLID(#3835,#4742,#4743,0.20000000000000001);
#4745=IFCSHAPEREPRESENTATION(#13,'Body','SweptSolid',(#4744));
#4746=IFCPRODUCTDEFINITIONSHAPE($,$,(#4745));
#4747=IFCOWNERHISTORY(#3,#5,.READWRITE.,.ADDED.,1777761465,#3,#5,1777761465);
#4748=IFCPROPERTYSET('31nRnPljHFdhajQ$m9dOpU',#4747,'Pset_ElementMark',$,(#4751,#4752,#4753,#4754));
#4749=IFCOWNERHISTORY(#3,#5,.READWRITE.,.ADDED.,1777761465,#3,#5,1777761465);
#4750=IFCRELDEFINESBYPROPERTIES('1X4uWpdTPFC8UrqlF8O$V0',#4749,$,$,(#4733),#4748);
#4751=IFCPROPERTYSINGLEVALUE('Mark',$,IFCLABEL('ROOF-B3C4'),$);
#4752=IFCPROPERTYSINGLEVALUE('ElementType',$,IFCLABEL('Roof Slab'),$);
#4753=IFCPROPERTYSINGLEVALUE('Bay',$,IFCLABEL('B3C4'),$);
#4754=IFCPROPERTYSINGLEVALUE('Level',$,IFCLABEL('ROOF'),$);
#4755=IFCCARTESIANPOINT((12.,6.,10.5));
#4756=IFCDIRECTION((0.,0.,1.));
#4757=IFCDIRECTION((1.,0.,0.));
#4758=IFCAXIS2PLACEMENT3D(#4755,#4756,#4757);
#4759=IFCLOCALPLACEMENT($,#4758);
#4760=IFCOWNERHISTORY(#3,#5,.READWRITE.,.MODIFIED.,1777761465,#3,#5,1777761465);
#4761=IFCSLAB('3BRwc5xFz3af9LzqTxm0Ou',#4760,'ROOF-C1D2',$,$,#4787,#4774,$,.FLOOR.);
#4767=IFCCARTESIANPOINT((0.,0.,0.));
#4768=IFCDIRECTION((0.,0.,1.));
#4769=IFCDIRECTION((1.,0.,0.));
#4770=IFCAXIS2PLACEMENT3D(#4767,#4768,#4769);
#4771=IFCDIRECTION((0.,0.,1.));
#4772=IFCEXTRUDEDAREASOLID(#3835,#4770,#4771,0.20000000000000001);
#4773=IFCSHAPEREPRESENTATION(#13,'Body','SweptSolid',(#4772));
#4774=IFCPRODUCTDEFINITIONSHAPE($,$,(#4773));
#4775=IFCOWNERHISTORY(#3,#5,.READWRITE.,.ADDED.,1777761465,#3,#5,1777761465);
#4776=IFCPROPERTYSET('3I_PWoqnD3EhTt5vEmjIAZ',#4775,'Pset_ElementMark',$,(#4779,#4780,#4781,#4782));
#4777=IFCOWNERHISTORY(#3,#5,.READWRITE.,.ADDED.,1777761465,#3,#5,1777761465);
#4778=IFCRELDEFINESBYPROPERTIES('1KvOMVcc5CgQEP6nOlBi6r',#4777,$,$,(#4761),#4776);
#4779=IFCPROPERTYSINGLEVALUE('Mark',$,IFCLABEL('ROOF-C1D2'),$);
#4780=IFCPROPERTYSINGLEVALUE('ElementType',$,IFCLABEL('Roof Slab'),$);
#4781=IFCPROPERTYSINGLEVALUE('Bay',$,IFCLABEL('C1D2'),$);
#4782=IFCPROPERTYSINGLEVALUE('Level',$,IFCLABEL('ROOF'),$);
#4783=IFCCARTESIANPOINT((0.,12.,10.5));
#4784=IFCDIRECTION((0.,0.,1.));
#4785=IFCDIRECTION((1.,0.,0.));
#4786=IFCAXIS2PLACEMENT3D(#4783,#4784,#4785);
#4787=IFCLOCALPLACEMENT($,#4786);
#4788=IFCOWNERHISTORY(#3,#5,.READWRITE.,.MODIFIED.,1777761465,#3,#5,1777761465);
#4789=IFCSLAB('0brKypss1FU97C8qLzvkSq',#4788,'ROOF-C2D3',$,$,#4815,#4802,$,.FLOOR.);
#4795=IFCCARTESIANPOINT((0.,0.,0.));
#4796=IFCDIRECTION((0.,0.,1.));
#4797=IFCDIRECTION((1.,0.,0.));
#4798=IFCAXIS2PLACEMENT3D(#4795,#4796,#4797);
#4799=IFCDIRECTION((0.,0.,1.));
#4800=IFCEXTRUDEDAREASOLID(#3835,#4798,#4799,0.20000000000000001);
#4801=IFCSHAPEREPRESENTATION(#13,'Body','SweptSolid',(#4800));
#4802=IFCPRODUCTDEFINITIONSHAPE($,$,(#4801));
#4803=IFCOWNERHISTORY(#3,#5,.READWRITE.,.ADDED.,1777761465,#3,#5,1777761465);
#4804=IFCPROPERTYSET('184fD1ytf7khZNmakg1Rb2',#4803,'Pset_ElementMark',$,(#4807,#4808,#4809,#4810));
#4805=IFCOWNERHISTORY(#3,#5,.READWRITE.,.ADDED.,1777761465,#3,#5,1777761465);
#4806=IFCRELDEFINESBYPROPERTIES('2WGcUATBL0UQy7xHtbA187',#4805,$,$,(#4789),#4804);
#4807=IFCPROPERTYSINGLEVALUE('Mark',$,IFCLABEL('ROOF-C2D3'),$);
#4808=IFCPROPERTYSINGLEVALUE('ElementType',$,IFCLABEL('Roof Slab'),$);
#4809=IFCPROPERTYSINGLEVALUE('Bay',$,IFCLABEL('C2D3'),$);
#4810=IFCPROPERTYSINGLEVALUE('Level',$,IFCLABEL('ROOF'),$);
#4811=IFCCARTESIANPOINT((6.,12.,10.5));
#4812=IFCDIRECTION((0.,0.,1.));
#4813=IFCDIRECTION((1.,0.,0.));
#4814=IFCAXIS2PLACEMENT3D(#4811,#4812,#4813);
#4815=IFCLOCALPLACEMENT($,#4814);
#4816=IFCOWNERHISTORY(#3,#5,.READWRITE.,.MODIFIED.,1777761465,#3,#5,1777761465);
#4817=IFCSLAB('0e4xabEIz2Uw7mkQbRPSkE',#4816,'ROOF-C3D4',$,$,#4843,#4830,$,.FLOOR.);
#4823=IFCCARTESIANPOINT((0.,0.,0.));
#4824=IFCDIRECTION((0.,0.,1.));
#4825=IFCDIRECTION((1.,0.,0.));
#4826=IFCAXIS2PLACEMENT3D(#4823,#4824,#4825);
#4827=IFCDIRECTION((0.,0.,1.));
#4828=IFCEXTRUDEDAREASOLID(#3835,#4826,#4827,0.20000000000000001);
#4829=IFCSHAPEREPRESENTATION(#13,'Body','SweptSolid',(#4828));
#4830=IFCPRODUCTDEFINITIONSHAPE($,$,(#4829));
#4831=IFCOWNERHISTORY(#3,#5,.READWRITE.,.ADDED.,1777761465,#3,#5,1777761465);
#4832=IFCPROPERTYSET('3s9DnsJdL7MuuP1ngz24OQ',#4831,'Pset_ElementMark',$,(#4835,#4836,#4837,#4838));
#4833=IFCOWNERHISTORY(#3,#5,.READWRITE.,.ADDED.,1777761465,#3,#5,1777761465);
#4834=IFCRELDEFINESBYPROPERTIES('3hEpkfmZX4G86_XgLb9ogK',#4833,$,$,(#4817),#4832);
#4835=IFCPROPERTYSINGLEVALUE('Mark',$,IFCLABEL('ROOF-C3D4'),$);
#4836=IFCPROPERTYSINGLEVALUE('ElementType',$,IFCLABEL('Roof Slab'),$);
#4837=IFCPROPERTYSINGLEVALUE('Bay',$,IFCLABEL('C3D4'),$);
#4838=IFCPROPERTYSINGLEVALUE('Level',$,IFCLABEL('ROOF'),$);
#4839=IFCCARTESIANPOINT((12.,12.,10.5));
#4840=IFCDIRECTION((0.,0.,1.));
#4841=IFCDIRECTION((1.,0.,0.));
#4842=IFCAXIS2PLACEMENT3D(#4839,#4840,#4841);
#4843=IFCLOCALPLACEMENT($,#4842);
ENDSEC;
END-ISO-10303-21;
